id, name,calories,protein, fat,carbs,vit_a,vit_d,vit_e,vit_b1,vit_b2,vit_c,salt
0001,アマランサス　玄穀,343.00,12.70,6.00,64.90,0.00,0.00,1.30,0.04,0.14,0.00,0.00
0002,あわ　精白粒,346.00,11.20,4.40,69.70,0.00,0.00,0.60,0.56,0.07,0.00,0.00
0003,あわ　あわもち,210.00,5.10,1.30,45.30,0.00,0.00,0.10,0.08,0.01,0.00,0.00
0004,えんばく　オートミール,350.00,13.70,5.70,69.10,0.00,0.00,0.60,0.20,0.08,0.00,0.00
0005,おおむぎ　七分つき押麦,343.00,10.90,2.10,72.10,0.00,0.00,0.20,0.22,0.07,0.00,0.00
0006,おおむぎ　押麦　乾,329.00,6.70,1.50,78.30,0.00,0.00,0.10,0.11,0.03,0.00,0.00
0007,おおむぎ　押麦　めし,118.00,2.20,0.50,28.50,0.00,0.00,0.00,0.02,0.00,0.00,0.00
0008,おおむぎ　米粒麦,333.00,7.00,2.10,76.20,0.00,0.00,0.10,0.19,0.05,0.00,0.00
0009,おおむぎ　大麦めん　乾,343.00,12.90,1.70,68.00,0.00,0.00,0.00,0.21,0.04,0.00,2.80
0010,おおむぎ　大麦めん　ゆで,121.00,4.80,0.60,24.30,0.00,0.00,0.00,0.04,0.01,0.00,0.20
0011,おおむぎ　麦こがし,368.00,12.50,5.00,77.10,0.00,0.00,0.50,0.09,0.10,0.00,0.00
0012,キヌア　玄穀,344.00,13.40,3.20,69.00,1.00,0.00,2.60,0.45,0.24,0.00,0.10
0013,きび　精白粒,353.00,11.30,3.30,70.90,0.00,0.00,0.00,0.34,0.09,0.00,0.00
0014,こむぎ　［玄穀］　国産　普通,329.00,10.80,3.10,72.10,0.00,0.00,1.20,0.41,0.09,0.00,0.00
0015,こむぎ　［玄穀］　輸入　軟質,344.00,10.10,3.30,75.20,0.00,0.00,1.20,0.49,0.09,0.00,0.00
0016,こむぎ　［玄穀］　輸入　硬質,332.00,13.00,3.00,69.40,0.00,0.00,1.20,0.35,0.09,0.00,0.00
0017,こむぎ　［小麦粉］　薄力粉　1等,349.00,8.30,1.50,75.80,0.00,0.00,0.30,0.11,0.03,0.00,0.00
0018,こむぎ　［小麦粉］　薄力粉　2等,345.00,9.30,1.90,74.30,0.00,0.00,1.00,0.21,0.04,0.00,0.00
0019,こむぎ　［小麦粉］　中力粉　1等,337.00,9.00,1.60,75.10,0.00,0.00,0.30,0.10,0.03,0.00,0.00
0020,こむぎ　［小麦粉］　中力粉　2等,346.00,9.70,1.80,74.00,0.00,0.00,0.80,0.22,0.04,0.00,0.00
0021,こむぎ　［小麦粉］　強力粉　1等,337.00,11.80,1.50,71.70,0.00,0.00,0.30,0.09,0.04,0.00,0.00
0022,こむぎ　［小麦粉］　強力粉　2等,343.00,12.60,1.70,70.60,0.00,0.00,0.50,0.13,0.04,0.00,0.00
0023,こむぎ　［小麦粉］　強力粉　全粒粉,320.00,12.80,2.90,68.20,0.00,0.00,1.00,0.34,0.09,0.00,0.00
0024,こむぎ　［小麦粉］　プレミックス粉　お好み焼き用,335.00,10.10,1.90,73.60,1.00,0.10,0.60,0.21,0.03,0.00,3.70
0025,こむぎ　［小麦粉］　プレミックス粉　ホットケーキ用,360.00,7.80,4.00,74.40,9.00,0.10,0.50,0.10,0.08,0.00,1.00
0026,こむぎ　［小麦粉］　プレミックス粉　から揚げ用,311.00,10.20,1.20,70.00,5.00,0.00,0.30,0.15,0.07,0.00,9.70
0027,こむぎ　［小麦粉］　プレミックス粉　天ぷら用,337.00,8.80,1.30,76.10,1.00,0.00,0.30,0.12,0.99,0.00,0.50
0028,こむぎ　［小麦粉］　プレミックス粉　天ぷら用　バッター,132.00,3.30,0.50,30.20,3.00,0.00,0.10,0.04,0.16,0.00,0.20
0029,こむぎ　［小麦粉］　プレミックス粉　天ぷら用　バッター　揚げ,588.00,4.30,47.70,37.00,0.00,0.00,7.60,0.05,0.14,0.00,0.20
0030,こむぎ　［パン類］　角形食パン　食パン,248.00,8.90,4.10,46.40,0.00,0.00,0.40,0.07,0.05,0.00,1.20
0031,こむぎ　［パン類］　角形食パン　焼き,269.00,9.70,4.50,50.60,0.00,0.00,0.40,0.07,0.05,0.00,1.30
0032,こむぎ　［パン類］　角形食パン　耳を除いたもの,226.00,8.20,3.70,42.60,0.00,0.00,0.30,0.06,0.05,0.00,1.10
0033,こむぎ　［パン類］　角形食パン　耳,273.00,9.70,4.50,50.80,1.00,0.00,0.40,0.06,0.06,0.00,1.30
0034,こむぎ　［パン類］　食パン　リーンタイプ,246.00,8.00,3.70,47.50,0.00,0.30,0.40,0.10,0.05,0.00,1.30
0035,こむぎ　［パン類］　食パン　リッチタイプ,256.00,7.80,6.00,45.60,55.00,0.30,0.30,0.09,0.09,0.00,1.00
0036,こむぎ　［パン類］　山形食パン　食パン,246.00,7.80,3.50,47.90,0.00,0.00,0.40,0.08,0.06,0.00,1.30
0037,こむぎ　［パン類］　コッペパン,273.00,9.20,3.80,54.70,1.00,0.00,0.60,0.08,0.07,0.00,1.00
003701,こむぎ　［パン類］　バンズ,274.00,10.40,4.80,50.60,0.00,0.00,0.70,0.11,0.06,0.00,1.20
0038,こむぎ　［パン類］　乾パン,386.00,9.50,4.40,78.80,0.00,0.00,1.10,0.14,0.06,0.00,1.20
0039,こむぎ　［パン類］　フランスパン,289.00,9.40,1.30,57.50,0.00,0.00,0.10,0.08,0.05,0.00,1.60
0040,こむぎ　［パン類］　ライ麦パン,252.00,8.40,2.20,52.70,0.00,0.00,0.30,0.16,0.06,0.00,1.20
0041,こむぎ　［パン類］　全粒粉パン,251.00,7.90,5.70,45.50,0.00,0.00,0.80,0.17,0.07,0.00,1.00
0042,こむぎ　［パン類］　ぶどうパン,263.00,8.20,3.50,51.10,0.00,0.00,0.40,0.11,0.05,0.00,1.00
0043,こむぎ　［パン類］　ロールパン,309.00,10.10,9.00,48.60,1.00,0.10,0.50,0.10,0.06,0.00,1.20
0044,こむぎ　［パン類］　クロワッサン　レギュラータイプ,406.00,6.50,20.40,51.50,37.00,1.40,2.60,0.11,0.09,0.00,1.40
0045,こむぎ　［パン類］　クロワッサン　リッチタイプ,438.00,7.90,26.80,43.90,6.00,0.10,1.90,0.08,0.03,0.00,1.20
0046,こむぎ　［パン類］　くるみパン,292.00,8.20,12.60,38.70,16.00,0.10,0.40,0.11,0.09,0.00,0.80
0047,こむぎ　［パン類］　イングリッシュマフィン,224.00,8.10,3.60,40.80,0.00,0.00,0.30,0.15,0.08,0.00,1.20
0048,こむぎ　［パン類］　ナン,257.00,10.30,3.40,47.60,0.00,0.00,0.60,0.13,0.06,0.00,1.30
0049,こむぎ　［パン類］　ベーグル,270.00,9.60,2.00,54.60,0.00,0.00,0.20,0.19,0.08,0.00,1.20
0050,こむぎ　［うどん・そうめん類］　うどん　生,249.00,6.10,0.60,56.80,0.00,0.00,0.20,0.09,0.03,0.00,2.50
0051,こむぎ　［うどん・そうめん類］　うどん　ゆで,95.00,2.60,0.40,21.60,0.00,0.00,0.10,0.02,0.01,0.00,0.30
0052,こむぎ　［うどん・そうめん類］　うどん　半生うどん,296.00,7.80,3.40,62.50,0.00,0.00,0.20,0.10,0.03,0.00,3.00
0053,こむぎ　［うどん・そうめん類］　干しうどん　乾,333.00,8.50,1.10,71.90,0.00,0.00,0.30,0.08,0.02,0.00,4.30
0054,こむぎ　［うどん・そうめん類］　干しうどん　ゆで,117.00,3.10,0.50,25.80,0.00,0.00,0.10,0.02,0.01,0.00,0.50
0055,こむぎ　［うどん・そうめん類］　そうめん・ひやむぎ　乾,333.00,9.50,1.10,72.70,0.00,0.00,0.30,0.08,0.02,0.00,3.80
0056,こむぎ　［うどん・そうめん類］　そうめん・ひやむぎ　ゆで,114.00,3.50,0.40,25.80,0.00,0.00,0.10,0.02,0.01,0.00,0.20
0057,こむぎ　［うどん・そうめん類］　手延そうめん・手延ひやむぎ　乾,312.00,9.30,1.50,68.90,0.00,0.00,0.10,0.06,0.02,0.00,5.80
0058,こむぎ　［うどん・そうめん類］　手延そうめん・手延ひやむぎ　ゆで,119.00,3.50,0.60,25.50,0.00,0.00,0.00,0.03,0.01,0.00,0.30
0059,こむぎ　［中華めん類］　中華めん　生,249.00,8.60,1.20,55.70,0.00,0.00,0.20,0.02,0.02,0.00,1.00
0060,こむぎ　［中華めん類］　中華めん　ゆで,133.00,4.90,0.60,29.20,0.00,0.00,0.10,0.01,0.01,0.00,0.20
0061,こむぎ　［中華めん類］　半生中華めん　,305.00,9.90,4.00,61.20,0.00,0.00,0.00,0.07,0.03,0.00,1.20
0062,こむぎ　［中華めん類］　蒸し中華めん　蒸し中華めん,162.00,4.90,1.70,35.60,0.00,0.00,0.10,0.00,0.16,0.00,0.30
0063,こむぎ　［中華めん類］　蒸し中華めん  ソテー,211.00,5.20,4.90,38.90,0.00,0.00,0.10,0.00,0.00,0.00,0.30
0064,こむぎ　［中華めん類］　干し中華めん　乾,337.00,11.70,1.60,70.20,0.00,0.00,0.20,0.02,0.03,0.00,1.00
0065,こむぎ　［中華めん類］　干し中華めん　ゆで,131.00,4.90,0.50,27.50,0.00,0.00,0.00,0.00,0.00,0.00,0.20
0066,こむぎ　［中華めん類］　沖縄そば　生,266.00,9.20,2.00,54.20,0.00,0.00,0.30,0.02,0.04,0.00,2.10
0067,こむぎ　［中華めん類］　沖縄そば　ゆで,132.00,5.20,0.80,28.00,0.00,0.00,0.20,0.01,0.02,0.00,0.40
0068,こむぎ　［中華めん類］　干し沖縄そば　乾,317.00,12.00,1.70,67.80,0.00,0.00,0.10,0.12,0.05,0.00,4.30
0069,こむぎ　［中華めん類］　干し沖縄そば　ゆで,132.00,5.20,0.60,28.60,0.00,0.00,0.00,0.02,0.02,0.00,0.50
0070,こむぎ　［即席めん類］　即席中華めん　油揚げ味付け,424.00,10.10,16.70,63.50,0.00,0.00,3.10,1.46,1.67,0.00,6.40
0071,こむぎ　［即席めん類］　即席中華めん　油揚げ　乾　（添付調味料等を含むもの）,439.00,10.10,19.10,61.40,1.00,0.00,2.20,0.55,0.83,0.00,5.60
0072,こむぎ　［即席めん類］　即席中華めん　油揚げ　調理後全体　（添付調味料等を含むもの）,100.00,2.30,4.40,13.40,0.00,0.00,0.50,0.02,0.13,0.00,1.10
0073,こむぎ　［即席めん類］　即席中華めん　油揚げ　ゆで　（添付調味料等を含まないもの）,189.00,3.90,7.70,27.90,0.00,0.00,0.80,0.05,0.06,0.00,0.40
0074,こむぎ　［即席めん類］　即席中華めん　油揚げ　乾　（添付調味料等を含まないもの）,453.00,8.90,19.60,65.50,0.00,0.00,2.20,0.16,0.19,0.00,1.50
0075,こむぎ　［即席めん類］　即席中華めん　非油揚げ　乾　（添付調味料等を含むもの）,336.00,10.30,5.20,67.10,1.00,0.00,1.30,0.21,0.04,0.00,6.90
0076,こむぎ　［即席めん類］　即席中華めん　非油揚げ　調理後全体　（添付調味料等を含むもの）,93.00,3.00,0.80,18.70,0.00,0.00,0.20,0.01,0.01,0.00,1.10
0077,こむぎ　［即席めん類］　即席中華めん　非油揚げ　ゆで　（添付調味料等を含まないもの）,139.00,3.40,0.80,31.00,3.00,0.00,0.70,0.00,0.00,0.00,0.60
0078,こむぎ　［即席めん類］　即席中華めん　非油揚げ　乾　（添付調味料等を含まないもの）,334.00,8.50,1.90,75.20,5.00,0.00,1.70,0.01,0.01,0.00,3.00
0079,こむぎ　［即席めん類］　中華スタイル即席カップめん　油揚げ　塩味　乾　（添付調味料等を含むもの）,422.00,10.90,18.50,58.60,26.00,0.20,3.10,0.90,0.61,2.00,5.80
0080,こむぎ　［即席めん類］　中華スタイル即席カップめん　油揚げ　塩味　調理後全体　（添付調味料等を含むもの）,92.00,2.50,4.20,13.20,6.00,0.00,0.70,0.20,0.14,1.00,1.30
0081,こむぎ　［即席めん類］　中華スタイル即席カップめん　油揚げ　塩味　調理後のめん　（スープを残したもの）,175.00,3.80,7.70,25.20,6.00,0.00,1.20,0.19,0.14,0.00,1.10
0082,こむぎ　［即席めん類］　中華スタイル即席カップめん　油揚げ　しょうゆ味　乾　（添付調味料等を含むもの）,417.00,10.00,19.10,54.60,12.00,0.00,2.70,0.61,0.52,2.00,6.30
0083,こむぎ　［即席めん類］　中華スタイル即席カップめん　油揚げ　しょうゆ味　調理後全体　（添付調味料等を含むもの）,90.00,2.30,4.50,12.90,3.00,0.00,0.60,0.14,0.12,1.00,1.50
0084,こむぎ　［即席めん類］　中華スタイル即席カップめん　油揚げ　しょうゆ味　調理後のめん　（スープを残したもの）,142.00,3.00,5.80,20.70,1.00,0.00,0.90,0.15,0.14,0.00,1.10
0085,こむぎ　［即席めん類］　中華スタイル即席カップめん　油揚げ　焼きそば　乾　（添付調味料等を含むもの）,418.00,8.20,18.60,57.50,4.00,0.00,3.10,0.48,0.66,1.00,3.80
0086,こむぎ　［即席めん類］　中華スタイル即席カップめん　油揚げ　焼きそば　調理後全体　（添付調味料等を含むもの）,222.00,5.00,11.30,34.20,2.00,0.00,1.80,0.28,0.30,2.00,2.30
0087,こむぎ　［即席めん類］　中華スタイル即席カップめん　非油揚げ　乾　（添付調味料等を含むもの）,314.00,9.20,5.80,62.60,12.00,0.00,1.10,0.16,0.13,1.00,7.10
0088,こむぎ　［即席めん類］　中華スタイル即席カップめん　非油揚げ　調理後全体　（添付調味料等を含むもの）,66.00,2.50,2.10,10.20,3.00,0.00,0.30,0.10,0.10,2.00,1.40
0089,こむぎ　［即席めん類］　中華スタイル即席カップめん　非油揚げ　調理後のめん　（スープを残したもの）,121.00,3.40,1.30,25.30,0.00,0.00,0.30,0.05,0.06,0.00,1.00
0090,こむぎ　［即席めん類］　和風スタイル即席カップめん　油揚げ　乾　（添付調味料等を含むもの）,437.00,10.90,19.80,56.10,4.00,0.00,2.60,0.11,0.05,1.00,6.70
0091,こむぎ　［即席めん類］　和風スタイル即席カップめん　油揚げ　調理後全体　（添付調味料等を含むもの）,91.00,2.20,4.70,11.20,0.00,0.00,0.60,0.19,0.08,2.00,1.40
0092,こむぎ　［即席めん類］　和風スタイル即席カップめん　油揚げ　調理後のめん　（スープを残したもの）,163.00,2.70,7.20,24.40,0.00,0.00,1.00,0.15,0.06,1.00,1.10
0093,こむぎ　［マカロニ・スパゲッティ類］　マカロニ・スパゲッティ　乾,347.00,12.90,1.80,73.10,1.00,0.00,0.30,0.19,0.06,0.00,0.00
0094,こむぎ　［マカロニ・スパゲッティ類］　マカロニ・スパゲッティ　ゆで,150.00,5.80,0.90,32.20,0.00,0.00,0.10,0.06,0.03,0.00,1.20
0095,こむぎ　［マカロニ・スパゲッティ類］　マカロニ・スパゲッティ　ソテー,186.00,5.50,5.80,30.50,0.00,0.00,0.90,0.06,0.03,0.00,1.10
0096,こむぎ　［マカロニ・スパゲッティ類］　生パスタ　生,232.00,7.80,1.90,46.90,0.00,0.00,0.10,0.05,0.04,0.00,1.20
0097,こむぎ　［ふ類］　生ふ,161.00,12.70,0.80,26.20,0.00,0.00,0.00,0.08,0.03,0.00,0.00
0098,こむぎ　［ふ類］　焼きふ　釜焼きふ,357.00,28.50,2.70,56.90,0.00,0.00,0.50,0.16,0.07,0.00,0.00
0099,こむぎ　［ふ類］　焼きふ　板ふ,351.00,25.60,3.30,57.30,0.00,0.00,0.60,0.20,0.08,0.00,0.50
0100,こむぎ　［ふ類］　焼きふ　車ふ,361.00,30.20,3.40,54.20,0.00,0.00,0.40,0.12,0.07,0.00,0.30
0101,こむぎ　［ふ類］　油ふ,547.00,22.70,35.30,34.40,0.00,0.00,3.90,0.07,0.03,0.00,0.10
0102,こむぎ　［その他］　小麦はいが,391.00,32.00,11.60,48.30,5.00,0.00,28.00,1.82,0.71,0.00,0.00
0103,こむぎ　［その他］　小麦たんぱく　粉末状,398.00,72.00,9.70,10.60,1.00,0.00,1.10,0.03,0.12,0.00,0.20
0104,こむぎ　［その他］　小麦たんぱく　粒状,101.00,20.00,2.00,1.80,0.00,0.00,0.50,0.02,0.01,0.00,0.10
0105,こむぎ　［その他］　小麦たんぱく　ペースト状,145.00,25.00,4.10,3.90,1.00,0.00,1.70,0.20,0.03,0.00,0.60
0106,こむぎ　［その他］　かやきせんべい,359.00,10.60,1.90,75.10,0.00,0.00,0.30,0.17,0.02,0.00,2.50
0107,こむぎ　［その他］　ぎょうざの皮　生,275.00,9.30,1.40,57.00,0.00,0.00,0.20,0.08,0.04,0.00,0.00
0108,こむぎ　［その他］　しゅうまいの皮　生,275.00,8.30,1.40,58.90,0.00,0.00,0.20,0.09,0.04,0.00,0.00
0109,こむぎ　［その他］　春巻きの皮　生,288.00,8.30,1.60,62.20,0.00,0.00,0.00,0.03,0.01,0.00,1.10
0110,こむぎ　［その他］　春巻きの皮　揚げ,512.00,7.20,30.70,53.70,0.00,0.00,4.90,0.02,0.01,0.00,0.90
0111,こむぎ　［その他］　ピザ生地,265.00,9.10,3.00,51.10,0.00,0.00,0.30,0.15,0.11,0.00,1.30
0112,こむぎ　［その他］　ちくわぶ,160.00,7.10,1.20,31.10,0.00,0.00,0.00,0.01,0.02,0.00,0.00
0113,こむぎ　［その他］　パン粉　生,277.00,11.00,5.10,47.60,0.00,0.00,0.30,0.11,0.02,0.00,0.90
0114,こむぎ　［その他］　パン粉　半生,315.00,12.50,5.80,54.30,0.00,0.00,0.40,0.13,0.03,0.00,1.00
0115,こむぎ　［その他］　パン粉　乾燥,349.00,14.90,4.10,67.40,0.00,0.00,0.40,0.16,0.05,0.00,1.40
0116,こむぎ　［その他］　冷めん　生,249.00,3.90,0.70,57.60,0.00,0.00,0.00,0.04,0.00,0.00,1.30
0117,こめ　［水稲穀粒］　玄米,346.00,6.80,2.70,74.30,0.00,0.00,1.20,0.41,0.04,0.00,0.00
0118,こめ　［水稲穀粒］　半つき米,345.00,6.50,1.80,75.90,0.00,0.00,0.80,0.30,0.03,0.00,0.00
0119,こめ　［水稲穀粒］　七分つき米,348.00,6.30,1.50,76.60,0.00,0.00,0.40,0.24,0.03,0.00,0.00
0120,こめ　［水稲穀粒］　精白米　うるち米,342.00,6.10,0.90,77.60,0.00,0.00,0.10,0.08,0.02,0.00,0.00
0121,こめ　［水稲穀粒］　精白米　もち米,343.00,6.40,1.20,77.20,0.00,0.00,0.20,0.12,0.02,0.00,0.00
0122,こめ　［水稲穀粒］　精白米　インディカ米,347.00,7.40,0.90,77.70,0.00,0.00,0.00,0.06,0.02,0.00,0.00
0123,こめ　［水稲穀粒］　はいが精米,343.00,6.50,2.00,75.80,0.00,0.00,0.90,0.23,0.03,0.00,0.00
0124,こめ　［水稲穀粒］　発芽玄米,339.00,6.50,3.30,74.30,0.00,0.00,1.20,0.35,0.02,0.00,0.00
0125,こめ　［水稲穀粒］　赤米,344.00,8.50,3.30,71.90,0.00,0.00,1.50,0.38,0.05,0.00,0.00
0126,こめ　［水稲穀粒］　黒米,341.00,7.80,3.20,72.00,3.00,0.00,1.30,0.39,0.10,0.00,0.00
0127,こめ　［水稲めし］　玄米,152.00,2.80,1.00,35.60,0.00,0.00,0.50,0.16,0.02,0.00,0.00
0128,こめ　［水稲めし］　半つき米,154.00,2.70,0.60,36.40,0.00,0.00,0.20,0.08,0.01,0.00,0.00
0129,こめ　［水稲めし］　七分つき米,160.00,2.60,0.50,36.70,0.00,0.00,0.10,0.06,0.01,0.00,0.00
0130,こめ　［水稲めし］　精白米　インディカ米,184.00,3.80,0.40,41.50,0.00,0.00,0.00,0.02,0.00,0.00,0.00
0131,こめ　［水稲めし］　精白米　うるち米,156.00,2.50,0.30,37.10,0.00,0.00,0.00,0.02,0.01,0.00,0.00
0132,こめ　［水稲めし］　精白米　もち米,188.00,3.50,0.50,43.90,0.00,0.00,0.00,0.03,0.01,0.00,0.00
0133,こめ　［水稲めし］　はいが精米,159.00,2.70,0.60,36.40,0.00,0.00,0.40,0.08,0.01,0.00,0.00
0134,こめ　［水稲めし］　発芽玄米,161.00,3.00,1.40,35.00,0.00,0.00,0.30,0.13,0.01,0.00,0.00
0135,こめ　［水稲めし］　赤米,150.00,3.80,1.30,32.70,0.00,0.00,0.60,0.15,0.02,0.00,0.00
0136,こめ　［水稲めし］　黒米,150.00,3.60,1.40,32.20,1.00,0.00,0.30,0.14,0.04,0.00,0.00
0137,こめ　［水稲軟めし］　精白米,113.00,1.80,0.30,26.40,0.00,0.00,0.00,0.02,0.01,0.00,0.00
0138,こめ　［水稲全かゆ］　玄米,64.00,1.20,0.40,15.20,0.00,0.00,0.00,0.07,0.01,0.00,0.00
0139,こめ　［水稲全かゆ］　半つき米,65.00,1.10,0.30,15.50,0.00,0.00,0.00,0.03,0.00,0.00,0.00
0140,こめ　［水稲全かゆ］　七分つき米,68.00,1.10,0.20,15.60,0.00,0.00,0.00,0.03,0.00,0.00,0.00
0141,こめ　［水稲全かゆ］　精白米,65.00,1.10,0.10,15.70,0.00,0.00,0.00,0.01,0.00,0.00,0.00
0142,こめ　［水稲五分かゆ］　玄米,32.00,0.60,0.20,7.60,0.00,0.00,0.00,0.03,0.00,0.00,0.00
0143,こめ　［水稲五分かゆ］　半つき米,32.00,0.60,0.10,7.70,0.00,0.00,0.00,0.02,0.00,0.00,0.00
0144,こめ　［水稲五分かゆ］　七分つき米,32.00,0.60,0.10,7.70,0.00,0.00,0.00,0.01,0.00,0.00,0.00
0145,こめ　［水稲五分かゆ］　精白米,33.00,0.50,0.10,7.90,0.00,0.00,0.00,0.00,0.00,0.00,0.00
0146,こめ　［水稲おもゆ］　玄米,19.00,0.40,0.10,4.40,0.00,0.00,0.00,0.02,0.00,0.00,0.00
0147,こめ　［水稲おもゆ］　半つき米,19.00,0.30,0.10,4.60,0.00,0.00,0.00,0.01,0.00,0.00,0.00
0148,こめ　［水稲おもゆ］　七分つき米,20.00,0.30,0.10,4.60,0.00,0.00,0.00,0.01,0.00,0.00,0.00
0149,こめ　［水稲おもゆ］　精白米,19.00,0.30,0.00,4.70,0.00,0.00,0.00,0.00,0.00,0.00,0.00
0150,こめ　［陸稲穀粒］　玄米,357.00,10.10,2.70,71.10,0.00,0.00,1.20,0.41,0.04,0.00,0.00
0151,こめ　［陸稲穀粒］　半つき米,356.00,9.60,1.80,72.90,0.00,0.00,0.80,0.30,0.03,0.00,0.00
0152,こめ　［陸稲穀粒］　七分つき米,359.00,9.50,1.50,73.40,0.00,0.00,0.40,0.24,0.03,0.00,0.00
0153,こめ　［陸稲穀粒］　精白米,331.00,9.30,0.90,74.50,0.00,0.00,0.10,0.08,0.02,0.00,0.00
0154,こめ　［陸稲めし］　玄米,156.00,4.10,1.00,34.30,0.00,0.00,0.50,0.16,0.02,0.00,0.00
0155,こめ　［陸稲めし］　半つき米,157.00,3.80,0.60,35.30,0.00,0.00,0.20,0.08,0.01,0.00,0.00
0156,こめ　［陸稲めし］　七分つき米,155.00,3.60,0.50,35.70,0.00,0.00,0.10,0.06,0.01,0.00,0.00
0157,こめ　［陸稲めし］　精白米,157.00,3.50,0.30,36.10,0.00,0.00,0.00,0.02,0.01,0.00,0.00
0158,こめ　［うるち米製品］　アルファ化米　一般用,358.00,6.00,1.00,84.80,0.00,0.00,0.10,0.04,0.00,0.00,0.00
0159,こめ　［うるち米製品］　アルファ化米　学校給食用強化品,358.00,6.00,1.00,84.80,0.00,0.00,0.10,0.41,0.00,0.00,0.00
015901,こめ　［うるち米製品］　水稲全かゆ　レトルト　玄米,45.00,0.90,0.40,10.60,0.00,0.00,0.20,0.03,0.00,0.00,0.00
015902,こめ　［うるち米製品］　水稲全かゆ　レトルト　精白米,37.00,0.60,0.10,8.60,0.00,0.00,0.00,0.00,0.00,0.00,0.00
0160,こめ　［うるち米製品］　おにぎり,170.00,2.70,0.30,39.40,0.00,0.00,0.00,0.02,0.01,0.00,0.50
0161,こめ　［うるち米製品］　焼きおにぎり,166.00,3.10,0.30,39.50,0.00,0.00,0.00,0.03,0.02,0.00,1.00
0162,こめ　［うるち米製品］　きりたんぽ,200.00,3.20,0.40,46.20,0.00,0.00,0.00,0.03,0.01,0.00,0.00
0163,こめ　［うるち米製品］　上新粉,343.00,6.20,0.90,78.50,0.00,0.00,0.20,0.09,0.02,0.00,0.00
0164,こめ　［うるち米製品］　玄米粉,370.00,7.10,2.90,84.10,0.00,0.00,1.20,0.00,0.03,0.00,0.00
0165,こめ　［うるち米製品］　米粉,356.00,6.00,0.70,81.90,0.00,0.00,0.00,0.03,0.01,0.00,0.00
0166,こめ　［うるち米製品］　米粉パン　食パン,247.00,10.70,5.10,41.60,0.00,0.00,0.50,0.05,0.06,0.00,1.10
0167,こめ　［うるち米製品］　米粉パン　ロールパン,256.00,8.80,6.70,42.00,0.00,0.50,0.80,0.05,0.08,0.00,0.90
0168,こめ　［うるち米製品］　米粉パン　小麦グルテン不使用のもの,247.00,3.40,3.10,51.30,0.00,0.00,0.50,0.05,0.03,0.00,0.90
0169,こめ　［うるち米製品］　米粉めん,252.00,3.60,0.70,58.40,0.00,0.00,0.00,0.03,0.00,0.00,0.10
0170,こめ　［うるち米製品］　ビーフン,360.00,7.00,1.60,79.90,0.00,0.00,0.00,0.06,0.02,0.00,0.00
0171,こめ　［うるち米製品］　ライスペーパー,339.00,0.50,0.30,84.30,0.00,0.00,0.00,0.01,0.00,0.00,1.70
0172,こめ　［うるち米製品］　米こうじ,260.00,5.80,1.70,59.20,0.00,0.00,0.20,0.11,0.13,0.00,0.00
0173,こめ　［もち米製品］　もち,223.00,4.00,0.60,50.80,0.00,0.00,0.00,0.03,0.01,0.00,0.00
0174,こめ　［もち米製品］　赤飯,186.00,4.30,0.60,41.90,0.00,0.00,0.00,0.05,0.01,0.00,0.00
0175,こめ　［もち米製品］　あくまき,131.00,2.30,1.80,25.70,0.00,0.00,0.00,0.00,0.00,0.00,0.00
0176,こめ　［もち米製品］　白玉粉,347.00,6.30,1.00,80.00,0.00,0.00,0.00,0.03,0.01,0.00,0.00
0177,こめ　［もち米製品］　道明寺粉,349.00,7.10,0.70,80.40,0.00,0.00,0.00,0.04,0.01,0.00,0.00
0178,こめ　［その他］　米ぬか,374.00,13.40,19.60,48.80,0.00,0.00,10.00,3.12,0.21,0.00,0.00
0179,そば　そば粉　全層粉,339.00,12.00,3.10,69.60,0.00,0.00,0.20,0.46,0.11,0.00,0.00
0180,そば　そば粉　内層粉,342.00,6.00,1.60,77.60,0.00,0.00,0.10,0.16,0.07,0.00,0.00
0181,そば　そば粉　中層粉,334.00,10.20,2.70,71.60,0.00,0.00,0.20,0.35,0.10,0.00,0.00
0182,そば　そば粉　表層粉,337.00,15.00,3.60,65.10,0.00,0.00,0.40,0.50,0.14,0.00,0.00
0183,そば　そば米,347.00,9.60,2.50,73.70,0.00,0.00,0.10,0.42,0.10,0.00,0.00
0184,そば　そば　生,271.00,9.80,1.90,54.50,0.00,0.00,0.20,0.19,0.09,0.00,0.00
0185,そば　そば　ゆで,130.00,4.80,1.00,26.00,0.00,0.00,0.10,0.05,0.02,0.00,0.00
0186,そば　そば　半生そば,325.00,10.50,3.80,61.80,0.00,0.00,0.20,0.22,0.10,0.00,0.00
0187,そば　干しそば　乾,344.00,14.00,2.30,66.70,0.00,0.00,0.30,0.37,0.08,0.00,2.20
0188,そば　干しそば　ゆで,113.00,4.80,0.70,22.10,0.00,0.00,0.10,0.08,0.02,0.00,0.10
0189,とうもろこし　玄穀　黄色種,341.00,8.60,5.00,70.60,13.00,0.00,1.00,0.30,0.10,0.00,0.00
0190,とうもろこし　玄穀　白色種,341.00,8.60,5.00,70.60,0.00,0.00,1.00,0.30,0.10,0.00,0.00
0191,とうもろこし　コーンミール　黄色種,375.00,8.30,4.00,72.40,13.00,0.00,1.10,0.15,0.08,0.00,0.00
0192,とうもろこし　コーンミール　白色種,375.00,8.30,4.00,72.40,0.00,0.00,1.10,0.15,0.08,0.00,0.00
0193,とうもろこし　コーングリッツ　黄色種,352.00,8.20,1.00,76.40,15.00,0.00,0.20,0.06,0.05,0.00,0.00
0194,とうもろこし　コーングリッツ　白色種,352.00,8.20,1.00,76.40,0.00,0.00,0.20,0.06,0.05,0.00,0.00
0195,とうもろこし　コーンフラワー　黄色種,347.00,6.60,2.80,76.10,11.00,0.00,0.20,0.14,0.06,0.00,0.00
0196,とうもろこし　コーンフラワー　白色種,347.00,6.60,2.80,76.10,0.00,0.00,0.20,0.14,0.06,0.00,0.00
0197,とうもろこし　ジャイアントコーン　フライ　味付け,409.00,5.70,11.80,76.60,0.00,0.00,1.40,0.08,0.02,0.00,1.10
0198,とうもろこし　ポップコーン,472.00,10.20,22.80,59.60,15.00,0.00,3.00,0.13,0.08,0.00,1.40
0199,とうもろこし　コーンフレーク,380.00,7.80,1.70,83.60,10.00,0.00,0.30,0.03,0.02,0.00,2.10
0200,はとむぎ　精白粒,353.00,13.30,1.30,72.20,0.00,0.00,0.00,0.02,0.05,0.00,0.00
0201,ひえ　精白粒,361.00,9.40,3.30,73.20,0.00,0.00,0.10,0.25,0.02,0.00,0.00
0202,もろこし　玄穀,344.00,10.30,4.70,71.10,0.00,0.00,0.50,0.35,0.10,0.00,0.00
0203,もろこし　精白粒,348.00,9.50,2.60,74.10,0.00,0.00,0.20,0.10,0.03,0.00,0.00
0204,ライむぎ　全粒粉,317.00,12.70,2.70,70.70,0.00,0.00,1.00,0.47,0.20,0.00,0.00
0205,ライむぎ　ライ麦粉,324.00,8.50,1.60,75.80,0.00,0.00,0.70,0.15,0.07,0.00,0.00
0206,＜いも類＞　アメリカほどいも　塊根　生,146.00,5.90,0.60,35.60,0.00,0.00,0.80,0.12,0.03,15.00,0.00
0207,＜いも類＞　アメリカほどいも　塊根　ゆで,144.00,6.00,0.80,34.50,0.00,0.00,0.90,0.15,0.03,9.00,0.00
0208,＜いも類＞　きくいも　塊茎　生,66.00,1.90,0.40,14.70,0.00,0.00,0.20,0.08,0.04,10.00,0.00
0209,＜いも類＞　きくいも　塊茎　水煮,51.00,1.60,0.50,11.30,0.00,0.00,0.20,0.06,0.03,6.00,0.00
0210,＜いも類＞　こんにゃく　精粉,194.00,3.00,0.10,85.30,0.00,0.00,0.20,0.00,0.00,0.00,0.00
0211,＜いも類＞　こんにゃく　板こんにゃく　精粉こんにゃく,5.00,0.10,0.00,2.30,0.00,0.00,0.00,0.00,0.00,0.00,0.00
0212,＜いも類＞　こんにゃく　板こんにゃく　生いもこんにゃく,8.00,0.10,0.10,3.30,0.00,0.00,0.00,0.00,0.00,0.00,0.00
0213,＜いも類＞　こんにゃく　赤こんにゃく,6.00,0.10,0.00,2.50,0.00,0.00,0.00,0.00,0.00,0.00,0.00
0214,＜いも類＞　こんにゃく　凍みこんにゃく　乾,192.00,3.30,1.40,77.10,0.00,0.00,0.40,0.00,0.00,0.00,0.10
0215,＜いも類＞　こんにゃく　凍みこんにゃく　ゆで,42.00,0.70,0.30,16.80,0.00,0.00,0.10,0.00,0.00,0.00,0.00
0216,＜いも類＞　こんにゃく　しらたき,7.00,0.20,0.00,3.00,0.00,0.00,0.00,0.00,0.00,0.00,0.00
0217,＜いも類＞　（さつまいも類）　さつまいも　塊根　皮つき　生,127.00,0.90,0.50,33.10,3.00,0.00,1.00,0.10,0.02,25.00,0.10
0218,＜いも類＞　（さつまいも類）　さつまいも　塊根　皮つき　蒸し,129.00,0.90,0.20,33.70,4.00,0.00,1.40,0.10,0.02,20.00,0.10
0219,＜いも類＞　（さつまいも類）　さつまいも　塊根　皮つき　天ぷら,205.00,1.40,6.80,38.40,5.00,0.00,2.60,0.11,0.04,21.00,0.10
0220,＜いも類＞　（さつまいも類）　さつまいも　塊根　皮なし　生,126.00,1.20,0.20,31.90,2.00,0.00,1.50,0.11,0.04,29.00,0.00
0221,＜いも類＞　（さつまいも類）　さつまいも　塊根　皮なし　蒸し,131.00,1.20,0.20,31.90,2.00,0.00,1.50,0.11,0.04,29.00,0.00
0222,＜いも類＞　（さつまいも類）　さつまいも　塊根　皮なし　焼き,151.00,1.40,0.20,39.00,3.00,0.00,1.40,0.13,0.06,13.00,0.00
0223,＜いも類＞　（さつまいも類）　さつまいも　蒸し切干,277.00,3.10,0.60,71.90,0.00,0.00,1.30,0.19,0.08,10.00,0.00
0224,＜いも類＞　（さつまいも類）　むらさきいも　塊根　皮なし　生,123.00,1.20,0.30,31.70,0.00,0.00,1.30,0.12,0.02,29.00,0.10
0225,＜いも類＞　（さつまいも類）　むらさきいも　塊根　皮なし　蒸し,122.00,1.20,0.30,31.40,0.00,0.00,1.90,0.13,0.03,24.00,0.10
0226,＜いも類＞　（さといも類）　さといも　球茎　生,53.00,1.50,0.10,13.10,0.00,0.00,0.60,0.07,0.02,6.00,0.00
0227,＜いも類＞　（さといも類）　さといも　球茎　水煮,52.00,1.50,0.10,13.40,0.00,0.00,0.50,0.06,0.02,5.00,0.00
0228,＜いも類＞　（さといも類）　さといも　球茎　冷凍,56.00,2.20,0.10,16.00,0.00,0.00,0.70,0.07,0.01,5.00,0.00
0229,＜いも類＞　（さといも類）　セレベス　球茎　生,80.00,2.20,0.30,19.80,1.00,0.00,0.60,0.10,0.03,6.00,0.00
0230,＜いも類＞　（さといも類）　セレベス　球茎　水煮,77.00,2.10,0.30,19.10,1.00,0.00,0.60,0.08,0.02,4.00,0.00
0231,＜いも類＞　（さといも類）　たけのこいも　球茎　生,97.00,1.70,0.40,23.50,1.00,0.00,0.80,0.05,0.03,6.00,0.00
0232,＜いも類＞　（さといも類）　たけのこいも　球茎　水煮,86.00,1.60,0.40,21.80,1.00,0.00,0.70,0.05,0.02,4.00,0.00
0233,＜いも類＞　（さといも類）　みずいも　球茎　生,111.00,0.70,0.40,27.60,1.00,0.00,0.60,0.16,0.02,7.00,0.00
0234,＜いも類＞　（さといも類）　みずいも　球茎　水煮,101.00,0.70,0.40,26.10,0.00,0.00,0.60,0.16,0.02,4.00,0.00
0235,＜いも類＞　（さといも類）　やつがしら　球茎　生,94.00,3.00,0.70,20.50,1.00,0.00,1.00,0.13,0.06,7.00,0.00
0236,＜いも類＞　（さといも類）　やつがしら　球茎　水煮,92.00,2.70,0.60,20.00,0.00,0.00,1.10,0.11,0.04,5.00,0.00
0237,＜いも類＞　じゃがいも　塊茎　皮つき　生,51.00,1.80,0.10,15.90,0.00,0.00,0.00,0.08,0.03,28.00,0.00
0238,＜いも類＞　じゃがいも　塊茎　皮つき　電子レンジ調理,78.00,2.10,0.20,19.20,1.00,0.00,0.10,0.07,0.02,13.00,0.00
0239,＜いも類＞　じゃがいも　塊茎　皮つき　フライドポテト　（生を揚げたもの）,153.00,2.70,5.60,25.40,1.00,0.00,1.10,0.09,0.03,16.00,0.00
0240,＜いも類＞　じゃがいも　塊茎　皮なし　生,59.00,1.80,0.10,17.30,0.00,0.00,0.00,0.09,0.03,28.00,0.00
0241,＜いも類＞　じゃがいも　塊茎　皮なし　水煮,71.00,1.70,0.10,16.90,0.00,0.00,0.10,0.07,0.03,18.00,0.00
0242,＜いも類＞　じゃがいも　塊茎　皮なし　蒸し,76.00,1.90,0.30,18.10,0.00,0.00,0.10,0.08,0.03,11.00,0.00
0243,＜いも類＞　じゃがいも　塊茎　皮なし　電子レンジ調理,78.00,1.90,0.10,19.00,0.00,0.00,0.00,0.09,0.03,23.00,0.00
0244,＜いも類＞　じゃがいも　塊茎　皮なし　フライドポテト　（生を揚げたもの）,159.00,2.70,5.90,26.20,1.00,0.00,1.20,0.10,0.02,16.00,0.00
0245,＜いも類＞　じゃがいも　塊茎　皮なし　フライドポテト　（市販冷凍食品を揚げたもの）,229.00,2.90,10.60,32.40,0.00,0.00,1.50,0.12,0.06,40.00,0.00
0246,＜いも類＞　じゃがいも　乾燥マッシュポテト,347.00,6.60,0.60,82.80,0.00,0.00,0.20,0.25,0.05,5.00,0.20
0247,＜いも類＞　ヤーコン　塊根　生,52.00,0.60,0.30,12.40,2.00,0.00,0.20,0.04,0.01,3.00,0.00
0248,＜いも類＞　ヤーコン　塊根　水煮,42.00,0.60,0.30,9.90,2.00,0.00,0.20,0.03,0.01,2.00,0.00
0249,＜いも類＞　（やまのいも類）　ながいも　いちょういも　塊根　生,108.00,4.50,0.50,22.60,0.00,0.00,0.30,0.15,0.05,7.00,0.00
0250,＜いも類＞　（やまのいも類）　ながいも　ながいも　塊根　生,64.00,2.20,0.30,13.90,0.00,0.00,0.20,0.10,0.02,6.00,0.00
0251,＜いも類＞　（やまのいも類）　ながいも　ながいも　塊根　水煮,58.00,2.00,0.30,12.60,0.00,0.00,0.20,0.08,0.02,4.00,0.00
0252,＜いも類＞　（やまのいも類）　ながいも　やまといも　塊根　生,119.00,4.50,0.20,27.10,1.00,0.00,0.20,0.13,0.02,5.00,0.00
0253,＜いも類＞　（やまのいも類）　じねんじょ　塊根　生,118.00,2.80,0.70,26.70,0.00,0.00,4.10,0.11,0.04,15.00,0.00
0254,＜いも類＞　（やまのいも類）　だいじょ　塊根　生,102.00,2.60,0.10,25.00,0.00,0.00,0.40,0.10,0.02,17.00,0.10
0255,＜でん粉・でん粉製品＞　（でん粉類）　おおうばゆりでん粉,327.00,0.10,0.10,83.60,0.00,0.00,0.00,0.00,0.00,0.00,0.00
0256,＜でん粉・でん粉製品＞　（でん粉類）　キャッサバでん粉,354.00,0.10,0.20,85.30,0.00,0.00,0.00,0.00,0.00,0.00,0.00
0257,＜でん粉・でん粉製品＞　（でん粉類）　くずでん粉,356.00,0.20,0.20,85.60,0.00,0.00,0.00,0.00,0.00,0.00,0.00
0258,＜でん粉・でん粉製品＞　（でん粉類）　米でん粉,375.00,0.20,0.70,89.30,0.00,0.00,0.00,0.00,0.00,0.00,0.00
0259,＜でん粉・でん粉製品＞　（でん粉類）　小麦でん粉,360.00,0.20,0.50,86.00,0.00,0.00,0.00,0.00,0.00,0.00,0.00
0260,＜でん粉・でん粉製品＞　（でん粉類）　サゴでん粉,357.00,0.10,0.20,86.10,0.00,0.00,0.00,0.00,0.00,0.00,0.00
0261,＜でん粉・でん粉製品＞　（でん粉類）　さつまいもでん粉,340.00,0.10,0.20,82.00,0.00,0.00,0.00,0.00,0.00,0.00,0.00
0262,＜でん粉・でん粉製品＞　（でん粉類）　じゃがいもでん粉,338.00,0.10,0.10,81.60,0.00,0.00,0.00,0.00,0.00,0.00,0.00
0263,＜でん粉・でん粉製品＞　（でん粉類）　とうもろこしでん粉,363.00,0.10,0.70,86.30,0.00,0.00,0.00,0.00,0.00,0.00,0.00
0264,＜でん粉・でん粉製品＞　（でん粉製品）　くずきり　乾,341.00,0.20,0.20,87.70,0.00,0.00,0.00,0.00,0.00,0.00,0.00
0265,＜でん粉・でん粉製品＞　（でん粉製品）　くずきり　ゆで,133.00,0.10,0.10,33.30,0.00,0.00,0.00,0.00,0.00,0.00,0.00
0266,＜でん粉・でん粉製品＞　（でん粉製品）　ごま豆腐,75.00,1.50,4.30,9.10,0.00,0.00,0.00,0.10,0.01,0.00,0.00
0267,＜でん粉・でん粉製品＞　（でん粉製品）　タピオカパール　乾,352.00,0.00,0.20,87.80,0.00,0.00,0.00,0.00,0.00,0.00,0.00
0268,＜でん粉・でん粉製品＞　（でん粉製品）　タピオカパール　ゆで,61.00,0.00,0.00,15.40,0.00,0.00,0.00,0.00,0.00,0.00,0.00
0269,＜でん粉・でん粉製品＞　（でん粉製品）　でん粉めん　生,129.00,0.10,0.20,32.20,0.00,0.00,0.00,0.00,0.00,0.00,0.00
0270,＜でん粉・でん粉製品＞　（でん粉製品）　でん粉めん　乾,347.00,0.20,0.30,86.70,0.00,0.00,0.00,0.00,0.00,0.00,0.10
0271,＜でん粉・でん粉製品＞　（でん粉製品）　でん粉めん　乾　ゆで,83.00,0.00,0.20,20.60,0.00,0.00,0.00,0.00,0.00,0.00,0.00
0272,＜でん粉・でん粉製品＞　（でん粉製品）　はるさめ　緑豆はるさめ　乾,344.00,0.20,0.40,87.50,0.00,0.00,0.00,0.00,0.00,0.00,0.00
0273,＜でん粉・でん粉製品＞　（でん粉製品）　はるさめ　緑豆はるさめ　ゆで,78.00,0.00,0.10,20.60,0.00,0.00,0.00,0.00,0.00,0.00,0.00
0274,＜でん粉・でん粉製品＞　（でん粉製品）　はるさめ　普通はるさめ　乾,346.00,0.00,0.20,86.60,0.00,0.00,0.00,0.00,0.00,0.00,0.00
0275,＜でん粉・でん粉製品＞　（でん粉製品）　はるさめ　普通はるさめ　ゆで,76.00,0.00,0.00,19.90,0.00,0.00,0.00,0.00,0.00,0.00,0.00
0276,（砂糖類）　黒砂糖,352.00,1.70,0.00,90.30,1.00,0.00,0.00,0.05,0.07,0.00,0.10
0277,（砂糖類）　てんさい含蜜糖,357.00,0.90,0.00,96.90,0.00,0.00,0.00,0.00,0.00,0.00,0.10
0278,（砂糖類）　和三盆糖,393.00,0.20,0.00,99.00,0.00,0.00,0.00,0.01,0.03,0.00,0.00
0279,（砂糖類）　車糖　上白糖,391.00,0.00,0.00,99.30,0.00,0.00,0.00,0.00,0.00,0.00,0.00
0280,（砂糖類）　車糖　三温糖,390.00,0.00,0.00,99.00,0.00,0.00,0.00,0.00,0.01,0.00,0.00
0281,（砂糖類）　ざらめ糖　グラニュー糖,394.00,0.00,0.00,100.00,0.00,0.00,0.00,0.00,0.00,0.00,0.00
0282,（砂糖類）　ざらめ糖　白ざら糖,393.00,0.00,0.00,100.00,0.00,0.00,0.00,0.00,0.00,0.00,0.00
0283,（砂糖類）　ざらめ糖　中ざら糖,393.00,0.00,0.00,100.00,0.00,0.00,0.00,0.00,0.00,0.00,0.00
0284,（砂糖類）　加工糖　角砂糖,394.00,0.00,0.00,100.00,0.00,0.00,0.00,0.00,0.00,0.00,0.00
0285,（砂糖類）　加工糖　氷砂糖,394.00,0.00,0.00,100.00,0.00,0.00,0.00,0.00,0.00,0.00,0.00
0286,（砂糖類）　加工糖　コーヒーシュガー,394.00,0.10,0.00,99.80,0.00,0.00,0.00,0.00,0.00,0.00,0.00
0287,（砂糖類）　加工糖　粉糖,393.00,0.00,0.00,99.70,0.00,0.00,0.00,0.00,0.00,0.00,0.00
0288,（砂糖類）　液糖　しょ糖型液糖,267.00,0.00,0.00,67.90,0.00,0.00,0.00,0.00,0.00,0.00,0.00
0289,（砂糖類）　液糖　転化型液糖,294.00,0.00,0.00,76.60,0.00,0.00,0.00,0.00,0.00,0.00,0.00
0290,（砂糖類）　氷糖みつ,274.00,0.20,0.00,68.20,0.00,0.00,0.00,0.01,0.02,0.00,0.00
0291,（でん粉糖類）　還元麦芽糖,208.00,0.00,0.00,100.00,0.00,0.00,0.00,0.00,0.00,0.00,0.00
0292,（でん粉糖類）　還元水あめ,210.00,0.00,0.00,69.90,0.00,0.00,0.00,0.00,0.00,0.00,0.00
0293,（でん粉糖類）　粉あめ,397.00,0.00,0.00,97.00,0.00,0.00,0.00,0.00,0.00,0.00,0.00
0294,（でん粉糖類）　水あめ　酵素糖化,342.00,0.00,0.00,85.00,0.00,0.00,0.00,0.00,0.00,0.00,0.00
0295,（でん粉糖類）　水あめ　酸糖化,341.00,0.00,0.00,85.00,0.00,0.00,0.00,0.00,0.00,0.00,0.00
0296,（でん粉糖類）　ぶどう糖　全糖,342.00,0.00,0.00,91.00,0.00,0.00,0.00,0.00,0.00,0.00,0.00
0297,（でん粉糖類）　ぶどう糖　含水結晶,342.00,0.00,0.00,91.30,0.00,0.00,0.00,0.00,0.00,0.00,0.00
0298,（でん粉糖類）　ぶどう糖　無水結晶,374.00,0.00,0.00,99.70,0.00,0.00,0.00,0.00,0.00,0.00,0.00
0299,（でん粉糖類）　果糖,375.00,0.00,0.00,99.90,0.00,0.00,0.00,0.00,0.00,0.00,0.00
0300,（でん粉糖類）　異性化液糖　ぶどう糖果糖液糖,283.00,0.00,0.00,75.00,0.00,0.00,0.00,0.00,0.00,0.00,0.00
0301,（でん粉糖類）　異性化液糖　果糖ぶどう糖液糖,283.00,0.00,0.00,75.00,0.00,0.00,0.00,0.00,0.00,0.00,0.00
0302,（でん粉糖類）　異性化液糖　高果糖液糖,282.00,0.00,0.00,75.00,0.00,0.00,0.00,0.00,0.00,0.00,0.00
0303,（その他）　黒蜜,199.00,1.00,0.00,50.50,0.00,0.00,0.00,0.03,0.04,0.00,0.00
0304,（その他）　はちみつ,329.00,0.30,0.00,81.90,0.00,0.00,0.00,0.00,0.01,0.00,0.00
030401,（その他）　はちみつ　国産品　,328.00,0.10,0.00,81.70,0.00,0.00,0.00,0.00,0.00,0.00,0.00
0305,（その他）　メープルシロップ,266.00,0.10,0.00,66.30,0.00,0.00,0.00,0.00,0.02,0.00,0.00
0306,あずき　全粒　乾,304.00,20.80,2.00,59.60,1.00,0.00,0.10,0.46,0.16,2.00,0.00
0307,あずき　全粒　ゆで,124.00,8.60,0.80,25.60,0.00,0.00,0.10,0.15,0.04,0.00,0.00
0308,あずき　ゆで小豆缶詰,202.00,4.40,0.40,49.20,0.00,0.00,0.00,0.02,0.04,0.00,0.20
0309,あずき　あん　こし生あん,147.00,9.80,0.60,27.10,0.00,0.00,0.00,0.02,0.05,0.00,0.00
0310,あずき　あん　さらしあん　（乾燥あん）,335.00,23.50,1.00,66.80,0.00,0.00,0.10,0.01,0.03,0.00,0.00
0311,あずき　あん　こし練りあん　（並あん）,255.00,5.60,0.30,58.80,0.00,0.00,0.00,0.01,0.03,0.00,0.00
0312,あずき　あん　こし練りあん　（中割りあん）,262.00,5.10,0.30,61.10,0.00,0.00,0.00,0.01,0.03,0.00,0.00
0313,あずき　あん　こし練りあん　（もなかあん）,292.00,5.10,0.30,68.60,0.00,0.00,0.00,0.01,0.03,0.00,0.00
031301,あずき　あん　つぶし生あん,115.00,8.60,0.50,24.50,0.00,0.00,0.10,0.04,0.02,0.00,0.00
0314,あずき　あん　つぶし練りあん,239.00,5.60,0.60,54.00,0.00,0.00,0.10,0.02,0.03,0.00,0.10
0315,いんげんまめ　全粒　乾,280.00,22.10,2.50,56.40,0.00,0.00,0.10,0.64,0.16,0.00,0.00
0316,いんげんまめ　全粒　ゆで,127.00,9.30,1.20,24.50,0.00,0.00,0.00,0.22,0.07,0.00,0.00
0317,いんげんまめ　うずら豆,214.00,6.70,1.30,49.60,0.00,0.00,0.00,0.03,0.01,0.00,0.30
0318,いんげんまめ　こし生あん,135.00,9.40,0.90,27.00,0.00,0.00,0.00,0.01,0.02,0.00,0.00
0319,いんげんまめ　豆きんとん,238.00,4.90,0.50,56.20,0.00,0.00,0.00,0.01,0.01,0.00,0.30
0320,えんどう　全粒　青えんどう　乾,310.00,21.70,2.30,60.40,8.00,0.00,0.10,0.72,0.15,0.00,0.00
0321,えんどう　全粒　青えんどう　ゆで,129.00,9.20,1.00,25.20,4.00,0.00,0.00,0.27,0.06,0.00,0.00
0322,えんどう　全粒　赤えんどう　乾,310.00,21.70,2.30,60.40,1.00,0.00,0.10,0.72,0.15,0.00,0.00
0323,えんどう　全粒　赤えんどう　ゆで,129.00,9.20,1.00,25.20,1.00,0.00,0.00,0.27,0.06,0.00,0.00
0324,えんどう　グリンピース（揚げ豆）,375.00,20.80,11.60,58.80,2.00,0.00,1.10,0.52,0.16,0.00,0.90
0325,えんどう　塩豆,321.00,23.30,2.40,61.50,6.00,0.00,0.10,0.20,0.10,0.00,1.50
0326,えんどう　うぐいす豆,228.00,5.60,0.70,52.90,0.00,0.00,0.00,0.02,0.01,0.00,0.40
032601,えんどう　うぐいすあん,221.00,5.40,0.80,54.80,2.00,0.00,0.00,0.05,0.02,0.00,0.10
0327,ささげ　全粒　乾,280.00,23.90,2.00,55.00,2.00,0.00,0.00,0.50,0.10,0.00,0.00
0328,ささげ　全粒　ゆで,130.00,10.20,0.90,23.80,1.00,0.00,0.00,0.20,0.05,0.00,0.00
0329,そらまめ　全粒　乾,323.00,26.00,2.00,55.90,0.00,0.00,0.70,0.50,0.20,0.00,0.00
0330,そらまめ　フライビーンズ,436.00,24.70,20.80,46.40,2.00,0.00,3.30,0.10,0.05,0.00,1.80
0331,そらまめ　おたふく豆,237.00,7.90,1.20,52.20,0.00,0.00,0.20,0.01,0.01,0.00,0.40
0332,そらまめ　ふき豆,251.00,9.60,1.60,52.50,0.00,0.00,0.30,0.02,0.01,0.00,0.80
0333,そらまめ　しょうゆ豆,173.00,9.80,0.90,37.10,0.00,0.00,0.40,0.06,0.09,0.00,1.20
0334,だいず　［全粒・全粒製品］　全粒　青大豆　国産　乾,354.00,33.50,19.30,30.10,1.00,0.00,2.30,0.74,0.24,2.00,0.00
0335,だいず　［全粒・全粒製品］　全粒　青大豆　国産　ゆで,145.00,15.00,8.20,9.90,0.00,0.00,1.50,0.13,0.05,0.00,0.00
0336,だいず　［全粒・全粒製品］　全粒　黄大豆　国産　乾,372.00,33.80,19.70,29.50,1.00,0.00,2.30,0.71,0.26,3.00,0.00
0337,だいず　［全粒・全粒製品］　全粒　黄大豆　国産　ゆで,163.00,14.80,9.80,8.40,0.00,0.00,1.60,0.17,0.08,0.00,0.00
0338,だいず　［全粒・全粒製品］　全粒　黄大豆　米国産　乾,402.00,33.00,21.70,28.80,1.00,0.00,1.70,0.88,0.30,0.00,0.00
0339,だいず　［全粒・全粒製品］　全粒　黄大豆　中国産　乾,391.00,32.80,19.50,30.80,1.00,0.00,2.10,0.84,0.30,0.00,0.00
0340,だいず　［全粒・全粒製品］　全粒　黄大豆　ブラジル産　乾,414.00,33.60,22.60,30.70,1.00,0.00,4.80,0.77,0.29,0.00,0.00
0341,だいず　［全粒・全粒製品］　全粒　黒大豆　国産　乾,349.00,33.90,18.80,28.90,2.00,0.00,3.10,0.73,0.23,3.00,0.00
0342,だいず　［全粒・全粒製品］　全粒　黒大豆　国産　ゆで,155.00,14.70,8.60,9.80,1.00,0.00,1.80,0.14,0.05,0.00,0.00
0343,だいず　［全粒・全粒製品］　いり大豆　青大豆,425.00,37.70,20.70,33.90,1.00,0.00,1.30,0.15,0.27,1.00,0.00
0344,だいず　［全粒・全粒製品］　いり大豆　黄大豆,429.00,37.50,21.60,33.30,1.00,0.00,2.20,0.14,0.26,1.00,0.00
0345,だいず　［全粒・全粒製品］　いり大豆　黒大豆,431.00,36.40,22.00,34.30,1.00,0.00,3.10,0.12,0.27,1.00,0.00
0346,だいず　［全粒・全粒製品］　水煮缶詰　黄大豆,124.00,12.90,6.70,7.70,0.00,0.00,0.50,0.01,0.02,0.00,0.50
0347,だいず　［全粒・全粒製品］　蒸し大豆　黄大豆,186.00,16.60,9.80,13.80,0.00,0.00,0.80,0.15,0.10,0.00,0.60
0348,だいず　［全粒・全粒製品］　きな粉　青大豆　全粒大豆,424.00,37.00,22.80,29.30,4.00,0.00,2.40,0.29,0.29,1.00,0.00
0349,だいず　［全粒・全粒製品］　きな粉　青大豆　脱皮大豆,418.00,36.60,24.60,28.30,6.00,0.00,7.50,0.48,0.27,0.00,0.00
0350,だいず　［全粒・全粒製品］　きな粉　黄大豆　全粒大豆,451.00,36.70,25.70,28.50,0.00,0.00,1.70,0.07,0.24,1.00,0.00
0351,だいず　［全粒・全粒製品］　きな粉　黄大豆　脱皮大豆,456.00,37.50,25.10,29.50,1.00,0.00,1.90,0.07,0.22,0.00,0.00
0352,だいず　［全粒・全粒製品］　きな粉（砂糖入り）　青きな粉,392.00,18.50,11.40,64.30,2.00,0.00,1.20,0.14,0.14,0.00,0.00
0353,だいず　［全粒・全粒製品］　きな粉（砂糖入り）　きな粉,406.00,18.30,12.90,63.90,0.00,0.00,0.90,0.04,0.12,0.00,0.00
0354,だいず　［全粒・全粒製品］　大豆はいが,404.00,37.80,14.70,39.50,2.00,0.00,19.00,0.03,0.73,0.00,0.00
0355,だいず　［全粒・全粒製品］　ぶどう豆,265.00,14.10,9.40,37.00,0.00,0.00,2.40,0.09,0.05,0.00,1.60
0356,だいず　［豆腐・油揚げ類］　木綿豆腐,73.00,7.00,4.90,1.50,0.00,0.00,0.20,0.09,0.04,0.00,0.00
0357,だいず　［豆腐・油揚げ類］　木綿豆腐　（凝固剤：塩化マグネシウム）,73.00,7.00,4.90,1.50,0.00,0.00,0.20,0.09,0.04,0.00,0.10
0358,だいず　［豆腐・油揚げ類］　木綿豆腐　（凝固剤：硫酸カルシウム）,73.00,7.00,4.90,1.50,0.00,0.00,0.20,0.09,0.04,0.00,0.00
0359,だいず　［豆腐・油揚げ類］　絹ごし豆腐,56.00,5.30,3.50,2.00,0.00,0.00,0.10,0.11,0.04,0.00,0.00
0360,だいず　［豆腐・油揚げ類］　絹ごし豆腐　（凝固剤：塩化マグネシウム）,56.00,5.30,3.50,2.00,0.00,0.00,0.10,0.11,0.04,0.00,0.00
0361,だいず　［豆腐・油揚げ類］　絹ごし豆腐　（凝固剤：硫酸カルシウム）,56.00,5.30,3.50,2.00,0.00,0.00,0.10,0.11,0.04,0.00,0.00
0362,だいず　［豆腐・油揚げ類］　ソフト豆腐,56.00,5.10,3.30,2.00,0.00,0.00,0.10,0.07,0.03,0.00,0.00
0363,だいず　［豆腐・油揚げ類］　充てん豆腐,56.00,5.00,3.10,2.50,0.00,0.00,0.30,0.15,0.05,0.00,0.00
0364,だいず　［豆腐・油揚げ類］　沖縄豆腐,99.00,9.10,7.20,0.70,0.00,0.00,0.40,0.10,0.04,0.00,0.40
0365,だいず　［豆腐・油揚げ類］　ゆし豆腐,47.00,4.30,2.80,1.70,0.00,0.00,0.10,0.10,0.04,0.00,0.60
0366,だいず　［豆腐・油揚げ類］　焼き豆腐,82.00,7.80,5.70,1.00,0.00,0.00,0.20,0.07,0.03,0.00,0.00
0367,だいず　［豆腐・油揚げ類］　生揚げ,143.00,10.70,11.30,0.90,0.00,0.00,0.80,0.07,0.03,0.00,0.00
036701,だいず　［豆腐・油揚げ類］　絹生揚げ,103.00,7.90,7.70,2.90,0.00,0.00,0.70,0.12,0.04,0.00,0.00
0368,だいず　［豆腐・油揚げ類］　油揚げ　生,377.00,23.40,34.40,0.40,0.00,0.00,1.30,0.06,0.04,0.00,0.00
0369,だいず　［豆腐・油揚げ類］　油揚げ　油抜き　生,266.00,18.20,23.40,0.00,0.00,0.00,0.90,0.04,0.02,0.00,0.00
0370,だいず　［豆腐・油揚げ類］　油揚げ　油抜き　ゆで,164.00,12.40,13.80,0.30,0.00,0.00,0.50,0.01,0.01,0.00,0.00
0371,だいず　［豆腐・油揚げ類］　油揚げ　油抜き　焼き,361.00,24.90,32.20,0.70,0.00,0.00,1.10,0.04,0.03,0.00,0.00
0372,だいず　［豆腐・油揚げ類］　油揚げ　甘煮,231.00,11.20,13.00,19.10,0.00,0.00,0.60,0.01,0.02,0.00,1.20
0373,だいず　［豆腐・油揚げ類］　がんもどき,223.00,15.30,17.80,1.60,0.00,0.00,1.50,0.03,0.04,0.00,0.50
0374,だいず　［豆腐・油揚げ類］　凍り豆腐　乾,496.00,50.50,34.10,4.20,1.00,0.00,1.90,0.02,0.02,0.00,1.10
0375,だいず　［豆腐・油揚げ類］　凍り豆腐　水煮,104.00,10.70,7.30,1.10,0.00,0.00,0.30,0.00,0.00,0.00,0.70
0376,だいず　［豆腐・油揚げ類］　豆腐よう,183.00,9.50,8.30,19.10,0.00,0.00,0.60,0.02,0.07,0.00,1.90
0377,だいず　［豆腐・油揚げ類］　豆腐竹輪　蒸し,121.00,14.90,4.40,6.70,3.00,0.00,0.40,0.12,0.08,0.00,1.90
0378,だいず　［豆腐・油揚げ類］　豆腐竹輪　焼き,133.00,16.10,4.90,7.50,0.00,0.00,0.40,0.13,0.08,0.00,2.30
0379,だいず　［豆腐・油揚げ類］　ろくじょう豆腐,332.00,34.70,21.50,3.80,0.00,0.00,2.50,0.10,0.06,0.00,11.00
0380,だいず　［納豆類］　糸引き納豆,184.00,16.50,10.00,12.10,0.00,0.00,0.50,0.13,0.30,3.00,0.00
0381,だいず　［納豆類］　挽きわり納豆,185.00,16.60,10.00,10.50,0.00,0.00,0.80,0.14,0.36,0.00,0.00
0382,だいず　［納豆類］　五斗納豆,214.00,15.30,8.10,24.00,0.00,0.00,0.60,0.08,0.35,0.00,5.80
038201,だいず　［納豆類］　塩納豆,137.00,8.30,4.40,20.20,0.00,0.00,0.50,0.06,0.11,0.00,2.20
0383,だいず　［納豆類］　寺納豆,248.00,18.60,8.10,31.50,0.00,0.00,0.90,0.04,0.35,0.00,14.20
038301,だいず　［納豆類］　干し納豆,357.00,33.00,16.80,29.30,1.00,0.00,2.60,0.11,0.22,0.00,5.10
0384,だいず　［その他］　おから　生,88.00,6.10,3.60,13.80,0.00,0.00,0.40,0.11,0.03,0.00,0.00
0385,だいず　［その他］　おから　乾燥,333.00,23.10,13.60,52.30,0.00,0.00,1.50,0.42,0.11,0.00,0.00
0386,だいず　［その他］　豆乳　豆乳,43.00,3.60,2.80,2.30,0.00,0.00,0.10,0.03,0.02,0.00,0.00
0387,だいず　［その他］　豆乳　調製豆乳,61.00,3.20,3.60,4.80,0.00,0.00,2.20,0.07,0.02,0.00,0.10
0388,だいず　［その他］　豆乳　豆乳飲料・麦芽コーヒー,57.00,2.20,2.20,7.80,0.00,0.00,0.30,0.02,0.02,0.00,0.10
0389,だいず　［その他］　大豆たんぱく　粒状大豆たんぱく,318.00,46.30,3.00,36.70,0.00,0.00,0.00,0.67,0.30,0.00,0.00
0390,だいず　［その他］　大豆たんぱく　濃縮大豆たんぱく,313.00,58.20,1.70,27.90,0.00,0.00,0.00,0.37,0.11,0.00,1.40
0391,だいず　［その他］　大豆たんぱく　分離大豆たんぱく　塩分無調整タイプ,335.00,79.10,3.00,7.50,0.00,0.00,0.00,0.11,0.14,0.00,3.30
0392,だいず　［その他］　大豆たんぱく　分離大豆たんぱく　塩分調整タイプ,335.00,79.10,3.00,7.50,0.00,0.00,0.00,0.11,0.14,0.00,1.60
0393,だいず　［その他］　大豆たんぱく　繊維状大豆たんぱく,365.00,59.30,5.00,25.20,0.00,0.00,0.30,0.62,0.16,0.00,3.60
0394,だいず　［その他］　湯葉　生,218.00,21.80,13.70,4.10,1.00,0.00,0.90,0.17,0.09,0.00,0.00
0395,だいず　［その他］　湯葉　干し　乾,485.00,50.40,32.10,7.20,1.00,0.00,2.40,0.35,0.12,0.00,0.00
0396,だいず　［その他］　湯葉　干し　湯戻し,151.00,15.70,10.60,0.10,0.00,0.00,0.70,0.05,0.01,0.00,0.00
0397,だいず　［その他］　金山寺みそ,247.00,6.90,3.20,50.00,0.00,0.00,0.00,0.12,0.18,0.00,5.10
0398,だいず　［その他］　ひしおみそ,198.00,6.50,2.70,38.80,0.00,0.00,0.60,0.11,0.27,0.00,4.80
0399,だいず　［その他］　テンペ,180.00,15.80,9.00,15.40,0.00,0.00,0.80,0.07,0.09,0.00,0.00
0400,つるあずき　全粒　乾,297.00,20.80,1.60,61.80,2.00,0.00,0.10,0.50,0.13,3.00,0.00
0401,つるあずき　全粒　ゆで,132.00,9.70,1.00,27.50,1.00,0.00,0.10,0.16,0.04,0.00,0.00
0402,ひよこまめ　全粒　乾,336.00,20.00,5.20,61.50,2.00,0.00,2.50,0.37,0.15,0.00,0.00
0403,ひよこまめ　全粒　ゆで,149.00,9.50,2.50,27.40,1.00,0.00,1.70,0.16,0.07,0.00,0.00
0404,ひよこまめ　全粒　フライ　味付け,366.00,18.80,10.40,62.60,0.00,0.00,1.90,0.21,0.10,0.00,1.80
0405,べにばないんげん　全粒　乾,273.00,17.20,1.70,61.20,0.00,0.00,0.10,0.67,0.15,0.00,0.00
0406,べにばないんげん　全粒　ゆで,103.00,6.20,0.60,22.30,0.00,0.00,0.00,0.14,0.05,0.00,0.00
0407,やぶまめ　乾,383.00,23.40,10.10,49.50,0.00,0.00,0.00,0.00,0.00,0.00,0.00
0408,らいまめ　全粒　乾,306.00,21.90,1.80,60.80,0.00,0.00,0.10,0.47,0.16,0.00,0.00
0409,らいまめ　全粒　ゆで,122.00,9.60,0.90,26.00,0.00,0.00,0.00,0.10,0.04,0.00,0.00
0410,りょくとう　全粒　乾,319.00,25.10,1.50,59.10,13.00,0.00,0.30,0.70,0.22,0.00,0.00
0411,りょくとう　全粒　ゆで,125.00,10.20,0.60,22.50,7.00,0.00,0.20,0.19,0.06,0.00,0.00
0412,レンズまめ　全粒　乾,313.00,23.20,1.50,60.70,3.00,0.00,0.80,0.52,0.17,1.00,0.00
0413,レンズまめ　全粒　ゆで,149.00,11.20,0.80,29.10,1.00,0.00,0.40,0.20,0.06,0.00,0.00
0414,アーモンド　乾,609.00,19.60,51.80,20.90,1.00,0.00,30.00,0.20,1.06,0.00,0.00
0415,アーモンド　フライ　味付け,626.00,21.30,55.70,17.90,1.00,0.00,22.00,0.05,1.07,0.00,0.30
0416,アーモンド　いり　無塩,608.00,20.30,54.10,20.70,1.00,0.00,29.00,0.03,1.04,0.00,0.00
0417,あさ　乾,450.00,29.90,28.30,31.70,2.00,0.00,1.80,0.35,0.19,0.00,0.00
0418,あまに　いり,540.00,21.80,43.30,30.40,1.00,0.00,0.40,0.01,0.17,0.00,0.20
0419,えごま　乾,523.00,17.70,43.40,29.40,2.00,0.00,1.30,0.54,0.29,0.00,0.00
0420,カシューナッツ　フライ　味付け,591.00,19.80,47.60,26.70,1.00,0.00,0.60,0.54,0.18,0.00,0.60
0421,かぼちゃ　いり　味付け,590.00,26.50,51.80,12.00,3.00,0.00,0.60,0.21,0.19,0.00,0.10
0422,かや　いり,629.00,8.70,64.90,22.60,6.00,0.00,8.50,0.02,0.04,2.00,0.00
0423,ぎんなん　生,168.00,4.70,1.60,34.80,24.00,0.00,2.50,0.28,0.08,23.00,0.00
0424,ぎんなん　ゆで,169.00,4.60,1.50,35.80,24.00,0.00,1.60,0.26,0.07,23.00,0.00
0425,（くり類）　日本ぐり　生,147.00,2.80,0.50,36.90,3.00,0.00,0.00,0.21,0.07,33.00,0.00
0426,（くり類）　日本ぐり　ゆで,152.00,3.50,0.60,36.70,3.00,0.00,0.00,0.17,0.08,26.00,0.00
0427,（くり類）　日本ぐり　甘露煮,232.00,1.80,0.40,56.80,3.00,0.00,0.00,0.07,0.03,0.00,0.00
0428,（くり類）　中国ぐり　甘ぐり,207.00,4.90,0.90,48.50,6.00,0.00,0.10,0.20,0.18,2.00,0.00
0429,くるみ　いり,713.00,14.60,68.80,11.70,2.00,0.00,1.20,0.26,0.15,0.00,0.00
0430,けし　乾,555.00,19.30,49.10,21.80,0.00,0.00,1.50,1.61,0.20,0.00,0.00
0431,ココナッツ　ココナッツパウダー,676.00,6.10,65.80,23.70,0.00,0.00,0.00,0.03,0.03,0.00,0.00
0432,ごま　乾,604.00,19.80,53.80,16.50,1.00,0.00,0.10,0.95,0.25,0.00,0.00
0433,ごま　いり,605.00,20.30,54.20,18.50,1.00,0.00,0.10,0.49,0.23,0.00,0.00
0434,ごま　むき,570.00,19.30,54.90,18.80,0.00,0.00,0.10,1.25,0.14,0.00,0.00
0435,ごま　ねり,646.00,19.00,61.00,15.60,1.00,0.00,0.10,0.32,0.15,0.00,0.00
0436,しい　生,244.00,3.20,0.80,57.60,1.00,0.00,0.10,0.28,0.09,110.00,0.00
0437,すいか　いり　味付け,528.00,29.60,46.40,13.40,1.00,0.00,0.60,0.10,0.16,0.00,1.50
0438,チアシード　乾,446.00,19.40,33.90,34.50,0.00,0.00,0.30,0.97,0.25,1.00,0.00
0439,とち　蒸し,148.00,1.70,1.90,34.20,0.00,0.00,0.00,0.00,0.00,0.00,0.60
0440,はす　未熟　生,81.00,5.90,0.50,14.90,0.00,0.00,0.60,0.18,0.09,27.00,0.00
0441,はす　成熟　乾,327.00,18.30,2.30,64.30,1.00,0.00,1.00,0.44,0.11,1.00,0.00
0442,はす　成熟　ゆで,118.00,7.30,0.80,25.00,0.00,0.00,0.40,0.08,0.02,0.00,0.00
0443,（ひし類）　ひし　生,183.00,5.80,0.50,40.60,1.00,0.00,1.60,0.42,0.08,12.00,0.00
0444,（ひし類）　とうびし　生,122.00,2.70,0.40,31.40,0.00,0.00,1.40,0.25,0.03,7.00,0.00
0445,（ひし類）　とうびし　ゆで,120.00,2.70,0.30,30.50,0.00,0.00,1.20,0.19,0.03,5.00,0.00
0446,ピスタチオ　いり　味付け,617.00,17.40,56.10,20.90,10.00,0.00,1.40,0.43,0.24,0.00,0.70
0447,ひまわり　フライ　味付け,603.00,20.10,56.30,17.20,1.00,0.00,12.00,1.72,0.25,0.00,0.60
0449,ブラジルナッツ　フライ　味付け,703.00,14.90,69.10,9.60,1.00,0.00,4.10,0.88,0.26,0.00,0.20
0450,ヘーゼルナッツ　フライ　味付け,701.00,13.60,69.30,13.90,0.00,0.00,18.00,0.26,0.28,0.00,0.10
0452,ペカン　フライ　味付け,716.00,9.60,73.40,13.30,4.00,0.00,1.70,0.19,0.19,0.00,0.40
0453,マカダミアナッツ　いり　味付け,751.00,8.30,76.70,12.20,0.00,0.00,0.00,0.21,0.09,0.00,0.50
0454,まつ　生,681.00,15.80,68.20,10.60,0.00,0.00,11.00,0.63,0.13,0.00,0.00
0455,まつ　いり,724.00,14.60,72.50,8.10,0.00,0.00,12.00,0.61,0.21,0.00,0.00
0456,らっかせい　大粒種　乾,572.00,25.20,47.00,19.40,1.00,0.00,11.00,0.41,0.10,0.00,0.00
0457,らっかせい　大粒種　いり,613.00,25.00,49.60,21.30,1.00,0.00,10.00,0.24,0.13,0.00,0.00
0458,らっかせい　小粒種　乾,573.00,25.40,47.50,18.80,1.00,0.00,10.00,0.85,0.10,0.00,0.00
0459,らっかせい　小粒種　いり,607.00,26.50,49.40,19.60,1.00,0.00,11.00,0.23,0.10,0.00,0.00
0460,らっかせい　バターピーナッツ,609.00,23.30,53.20,18.30,0.00,0.00,1.90,0.20,0.10,0.00,0.30
0461,らっかせい　ピーナッツバター,599.00,20.60,50.40,24.90,0.00,0.00,4.80,0.10,0.09,0.00,0.90
0462,アーティチョーク　花らい　生,39.00,2.30,0.20,11.30,1.00,0.00,0.40,0.08,0.10,15.00,0.10
0463,アーティチョーク　花らい　ゆで,35.00,2.10,0.10,10.80,0.00,0.00,0.40,0.07,0.08,11.00,0.00
046301,アイスプラント　生,5.00,0.50,0.30,1.20,100.00,0.00,0.50,0.02,0.05,9.00,1.00
0464,あさつき　葉　生,34.00,4.20,0.30,5.60,62.00,0.00,0.90,0.15,0.16,26.00,0.00
0465,あさつき　葉　ゆで,41.00,4.20,0.30,7.30,60.00,0.00,0.90,0.17,0.15,27.00,0.00
0466,あしたば　茎葉　生,30.00,3.30,0.10,6.70,440.00,0.00,2.60,0.10,0.24,41.00,0.20
0467,あしたば　茎葉　ゆで,28.00,2.90,0.10,6.60,440.00,0.00,2.70,0.07,0.16,23.00,0.10
0468,アスパラガス　若茎　生,21.00,2.60,0.20,3.90,31.00,0.00,1.50,0.14,0.15,15.00,0.00
0469,アスパラガス　若茎　ゆで,25.00,2.60,0.10,4.60,30.00,0.00,1.60,0.14,0.14,16.00,0.00
0470,アスパラガス　若茎　油いため,54.00,2.90,3.90,4.10,31.00,0.00,2.00,0.15,0.17,14.00,0.00
0471,アスパラガス　水煮缶詰,24.00,2.40,0.10,4.30,1.00,0.00,0.40,0.07,0.06,11.00,0.90
0472,アロエ　葉　生,3.00,0.00,0.10,0.70,0.00,0.00,0.00,0.00,0.00,1.00,0.00
0473,いんげんまめ　さやいんげん　若ざや　生,23.00,1.80,0.10,5.10,49.00,0.00,0.20,0.06,0.11,8.00,0.00
0474,いんげんまめ　さやいんげん　若ざや　ゆで,24.00,1.80,0.20,5.50,48.00,0.00,0.20,0.06,0.10,6.00,0.00
0475,（うど類）　うど　茎　生,19.00,0.80,0.10,4.30,0.00,0.00,0.20,0.02,0.01,4.00,0.00
0476,（うど類）　うど　茎　水さらし,13.00,0.60,0.00,3.40,0.00,0.00,0.10,0.01,0.02,3.00,0.00
0477,（うど類）　やまうど　茎　生,19.00,1.10,0.10,4.30,0.00,0.00,0.20,0.03,0.02,5.00,0.00
0478,うるい　葉　生,19.00,1.90,0.40,4.00,160.00,0.00,1.30,0.09,0.12,50.00,0.00
0479,えだまめ　生,125.00,11.70,6.20,8.80,22.00,0.00,0.80,0.31,0.15,27.00,0.00
0480,えだまめ　ゆで,118.00,11.50,6.10,8.90,24.00,0.00,0.60,0.24,0.13,15.00,0.00
0481,えだまめ　冷凍,143.00,13.00,7.60,10.60,15.00,0.00,1.20,0.28,0.13,27.00,0.00
0482,エンダイブ　葉　生,14.00,1.20,0.20,2.90,140.00,0.00,0.80,0.06,0.08,7.00,0.10
0483,（えんどう類）　トウミョウ　茎葉　生,28.00,3.80,0.40,4.00,340.00,0.00,3.30,0.24,0.27,79.00,0.00
0484,（えんどう類）　トウミョウ　芽ばえ　生,27.00,3.80,0.40,3.20,250.00,0.00,1.60,0.17,0.21,43.00,0.00
0485,（えんどう類）　トウミョウ　芽ばえ　ゆで,28.00,3.60,0.60,3.80,400.00,0.00,3.20,0.10,0.08,14.00,0.00
0486,（えんどう類）　トウミョウ　芽ばえ　油いため,84.00,5.00,5.90,4.30,370.00,0.00,3.70,0.21,0.26,30.00,0.00
0487,（えんどう類）　さやえんどう　若ざや　生,38.00,3.10,0.20,7.50,47.00,0.00,0.70,0.15,0.11,60.00,0.00
0488,（えんどう類）　さやえんどう　若ざや　ゆで,36.00,3.20,0.20,7.00,48.00,0.00,0.70,0.14,0.10,44.00,0.00
0489,（えんどう類）　スナップえんどう　若ざや　生,47.00,2.90,0.10,9.90,34.00,0.00,0.40,0.13,0.09,43.00,0.00
0490,（えんどう類）　グリンピース　生,76.00,6.90,0.40,15.30,35.00,0.00,0.10,0.39,0.16,19.00,0.00
0491,（えんどう類）　グリンピース　ゆで,99.00,8.30,0.20,18.50,36.00,0.00,0.10,0.29,0.14,16.00,0.00
0492,（えんどう類）　グリンピース　冷凍,80.00,5.80,0.70,17.10,36.00,0.00,0.00,0.29,0.11,20.00,0.00
0493,（えんどう類）　グリンピース　冷凍　ゆで,82.00,6.20,0.70,17.80,41.00,0.00,0.00,0.27,0.09,13.00,0.00
0494,（えんどう類）　グリンピース　冷凍　油いため,114.00,6.30,4.60,18.20,39.00,0.00,0.80,0.31,0.12,16.00,0.00
0495,（えんどう類）　グリンピース　水煮缶詰,82.00,3.60,0.40,19.70,17.00,0.00,0.00,0.04,0.04,0.00,0.80
0496,おおさかしろな　葉　生,12.00,1.40,0.20,2.20,110.00,0.00,1.20,0.06,0.18,28.00,0.10
0497,おおさかしろな　葉　ゆで,16.00,1.60,0.30,3.10,130.00,0.00,1.90,0.03,0.09,24.00,0.10
0498,おおさかしろな　塩漬,19.00,1.30,0.30,4.50,110.00,0.00,1.60,0.06,0.15,38.00,1.60
0499,おかひじき　茎葉　生,16.00,1.40,0.20,3.40,280.00,0.00,1.00,0.06,0.13,21.00,0.10
0500,おかひじき　茎葉　ゆで,16.00,1.20,0.10,3.80,260.00,0.00,1.00,0.04,0.10,15.00,0.20
0501,オクラ　果実　生,26.00,2.10,0.20,6.60,44.00,0.00,1.20,0.09,0.09,11.00,0.00
0502,オクラ　果実　ゆで,25.00,2.10,0.10,7.60,44.00,0.00,1.20,0.09,0.09,7.00,0.00
0503,かぶ　葉　生,20.00,2.30,0.10,3.90,230.00,0.00,3.10,0.08,0.16,82.00,0.10
0504,かぶ　葉　ゆで,20.00,2.30,0.10,4.40,270.00,0.00,3.30,0.02,0.05,47.00,0.00
0505,かぶ　根　皮つき　生,18.00,0.70,0.10,4.60,0.00,0.00,0.00,0.03,0.03,19.00,0.00
0506,かぶ　根　皮つき　ゆで,18.00,0.70,0.10,4.70,0.00,0.00,0.00,0.03,0.03,16.00,0.00
0507,かぶ　根　皮なし　生,19.00,0.60,0.10,4.80,0.00,0.00,0.00,0.03,0.03,18.00,0.00
0508,かぶ　根　皮なし　ゆで,20.00,0.60,0.10,5.00,0.00,0.00,0.00,0.03,0.03,16.00,0.00
0509,かぶ　漬物　塩漬　葉,27.00,2.30,0.20,6.00,100.00,0.00,2.90,0.07,0.19,44.00,2.30
0510,かぶ　漬物　塩漬　根　皮つき,21.00,1.00,0.20,4.90,0.00,0.00,0.00,0.02,0.03,19.00,2.80
0511,かぶ　漬物　塩漬　根　皮なし,19.00,0.80,0.10,4.70,0.00,0.00,0.00,0.04,0.03,21.00,4.30
0512,かぶ　漬物　ぬかみそ漬　葉,35.00,3.30,0.10,7.10,140.00,0.00,4.00,0.31,0.24,49.00,3.80
0513,かぶ　漬物　ぬかみそ漬　根　皮つき,27.00,1.50,0.10,5.90,0.00,0.00,0.00,0.25,0.04,28.00,2.20
0514,かぶ　漬物　ぬかみそ漬　根　皮なし,31.00,1.40,0.10,6.90,0.00,0.00,0.00,0.45,0.05,20.00,6.90
0515,（かぼちゃ類）　日本かぼちゃ　果実　生,41.00,1.60,0.10,10.90,120.00,0.00,2.20,0.08,0.05,16.00,0.00
0516,（かぼちゃ類）　日本かぼちゃ　果実　ゆで,55.00,1.90,0.10,13.30,92.00,0.00,2.10,0.06,0.03,16.00,0.00
0517,（かぼちゃ類）　西洋かぼちゃ　果実　生,78.00,1.90,0.30,20.60,210.00,0.00,3.90,0.07,0.08,43.00,0.00
0518,（かぼちゃ類）　西洋かぼちゃ　果実　ゆで,80.00,1.60,0.30,21.30,210.00,0.00,3.40,0.04,0.06,32.00,0.00
0519,（かぼちゃ類）　西洋かぼちゃ　果実　焼き,105.00,2.50,0.40,27.70,450.00,0.00,6.90,0.09,0.12,44.00,0.00
0520,（かぼちゃ類）　西洋かぼちゃ　果実　冷凍,75.00,2.20,0.30,18.50,310.00,0.00,4.20,0.06,0.09,34.00,0.00
0521,（かぼちゃ類）　そうめんかぼちゃ　果実　生,25.00,0.70,0.10,6.10,4.00,0.00,0.20,0.05,0.01,11.00,0.00
0522,からしな　葉　生,26.00,3.30,0.10,4.70,230.00,0.00,3.00,0.12,0.27,64.00,0.20
0523,からしな　塩漬,36.00,4.00,0.10,7.20,250.00,0.00,3.10,0.08,0.28,80.00,2.50
0524,カリフラワー　花序　生,28.00,3.00,0.10,5.20,2.00,0.00,0.20,0.06,0.11,81.00,0.00
0525,カリフラワー　花序　ゆで,26.00,2.70,0.10,5.10,1.00,0.00,0.20,0.05,0.05,53.00,0.00
0526,かんぴょう　乾,239.00,6.30,0.20,68.10,0.00,0.00,0.40,0.00,0.04,0.00,0.00
0527,かんぴょう　ゆで,21.00,0.70,0.00,7.20,0.00,0.00,0.10,0.00,0.00,0.00,0.00
0528,かんぴょう　甘煮,146.00,2.30,0.20,36.50,0.00,0.00,0.00,0.01,0.00,0.00,3.10
0529,きく　花びら　生,25.00,1.40,0.00,6.50,6.00,0.00,4.60,0.10,0.11,11.00,0.00
0530,きく　花びら　ゆで,21.00,1.00,0.00,5.70,5.00,0.00,4.10,0.06,0.07,5.00,0.00
0531,きく　菊のり,283.00,11.60,0.20,73.50,15.00,0.00,25.00,0.73,0.89,10.00,0.00
0532,（キャベツ類）　キャベツ　結球葉　生,23.00,1.20,0.10,5.20,2.00,0.00,0.10,0.04,0.03,38.00,0.00
0533,（キャベツ類）　キャベツ　結球葉　ゆで,19.00,0.90,0.20,4.60,5.00,0.00,0.10,0.02,0.01,17.00,0.00
0534,（キャベツ類）　キャベツ　結球葉　油いため,78.00,1.60,6.00,5.90,7.00,0.00,1.10,0.05,0.04,47.00,0.00
053401,（キャベツ類）　キャベツ　結球葉　カット　常法洗浄,15.00,1.10,0.10,3.60,1.00,0.00,0.10,0.04,0.03,29.00,0.00
053402,（キャベツ類）　キャベツ　結球葉　カット　次亜塩素酸洗浄,14.00,1.00,0.20,3.20,1.00,0.00,0.10,0.04,0.03,28.00,0.00
0535,（キャベツ類）　グリーンボール　結球葉　生,20.00,1.40,0.10,4.30,9.00,0.00,0.20,0.05,0.04,47.00,0.00
0536,（キャベツ類）　レッドキャベツ　結球葉　生,30.00,2.00,0.10,6.70,3.00,0.00,0.10,0.07,0.03,68.00,0.00
0537,きゅうり　果実　生,13.00,1.00,0.10,3.00,28.00,0.00,0.30,0.03,0.03,14.00,0.00
0538,きゅうり　漬物　塩漬,17.00,1.00,0.10,3.70,18.00,0.00,0.30,0.02,0.03,11.00,2.50
0539,きゅうり　漬物　しょうゆ漬,51.00,3.20,0.40,10.80,48.00,0.00,0.50,0.03,0.02,8.00,4.10
0540,きゅうり　漬物　ぬかみそ漬,28.00,1.50,0.10,6.20,18.00,0.00,0.20,0.26,0.05,22.00,5.30
0541,きゅうり　漬物　ピクルス　スイート型,70.00,0.30,0.10,18.30,4.00,0.00,0.10,0.00,0.01,0.00,1.10
0542,きゅうり　漬物　ピクルス　サワー型,13.00,1.40,0.00,2.50,1.00,0.00,0.00,0.02,0.06,0.00,2.50
0543,ぎょうじゃにんにく　葉　生,35.00,3.50,0.20,6.60,170.00,0.00,0.40,0.10,0.16,59.00,0.00
0544,キンサイ　茎葉　生,16.00,1.10,0.40,3.50,150.00,0.00,1.20,0.05,0.11,15.00,0.10
0545,キンサイ　茎葉　ゆで,15.00,1.10,0.40,3.50,130.00,0.00,1.20,0.03,0.06,7.00,0.10
0546,クレソン　茎葉　生,13.00,2.10,0.10,2.50,230.00,0.00,1.60,0.10,0.20,26.00,0.10
0547,くわい　塊茎　生,128.00,6.30,0.10,26.60,0.00,0.00,3.00,0.12,0.07,2.00,0.00
0548,くわい　塊茎　ゆで,129.00,6.20,0.10,27.20,0.00,0.00,3.10,0.10,0.06,0.00,0.00
0549,ケール　葉　生,26.00,2.10,0.40,5.60,240.00,0.00,2.40,0.06,0.15,81.00,0.00
0550,コールラビ　球茎　生,21.00,1.00,0.00,5.10,1.00,0.00,0.00,0.04,0.05,45.00,0.00
0551,コールラビ　球茎　ゆで,20.00,1.00,0.00,5.20,1.00,0.00,0.00,0.03,0.05,37.00,0.00
0552,こごみ　若芽　生,25.00,3.00,0.20,5.30,100.00,0.00,1.70,0.00,0.12,27.00,0.00
0553,（ごぼう類）　ごぼう　根　生,58.00,1.80,0.10,15.40,0.00,0.00,0.60,0.05,0.04,3.00,0.00
0554,（ごぼう類）　ごぼう　根　ゆで,50.00,1.50,0.20,13.70,0.00,0.00,0.60,0.03,0.02,1.00,0.00
055401,（ごぼう類）　堀川ごぼう　根　生,55.00,3.20,0.20,19.10,0.00,0.00,0.40,0.08,0.06,4.00,0.00
0555,こまつな　葉　生,13.00,1.50,0.20,2.40,260.00,0.00,0.90,0.09,0.13,39.00,0.00
0556,こまつな　葉　ゆで,14.00,1.60,0.10,3.00,260.00,0.00,1.50,0.04,0.06,21.00,0.00
0557,コリアンダー　葉　生,18.00,1.40,0.40,4.60,150.00,0.00,1.90,0.09,0.11,40.00,0.00
0558,ザーサイ　漬物,20.00,2.50,0.10,4.60,1.00,0.00,0.20,0.04,0.07,0.00,13.70
0559,さんとうさい　葉　生,12.00,1.00,0.20,2.70,96.00,0.00,0.80,0.03,0.07,35.00,0.00
0560,さんとうさい　葉　ゆで,14.00,1.40,0.30,2.90,130.00,0.00,0.90,0.02,0.05,22.00,0.00
0561,さんとうさい　塩漬,18.00,1.50,0.30,4.00,140.00,0.00,1.00,0.04,0.12,44.00,2.30
0562,しかくまめ　若ざや　生,19.00,2.40,0.10,3.80,36.00,0.00,0.40,0.09,0.09,16.00,0.00
0563,（ししとう類）　ししとう　果実　生,24.00,1.90,0.30,5.70,44.00,0.00,1.30,0.07,0.07,57.00,0.00
0564,（ししとう類）　ししとう　果実　油いため,51.00,1.90,3.20,5.80,45.00,0.00,1.30,0.07,0.07,49.00,0.00
056401,（ししとう類）　万願寺とうがらし　果実　生,26.00,1.30,0.30,6.20,23.00,0.00,0.90,0.04,0.03,83.00,0.00
0565,しそ　葉　生,32.00,3.90,0.10,7.50,880.00,0.00,3.90,0.13,0.34,26.00,0.00
0566,しそ　実　生,32.00,3.40,0.10,8.90,220.00,0.00,3.80,0.09,0.16,5.00,0.00
0567,じゅうろくささげ　若ざや　生,22.00,2.50,0.10,4.80,96.00,0.00,0.50,0.08,0.09,25.00,0.00
0568,じゅうろくささげ　若ざや　ゆで,28.00,2.80,0.10,6.20,93.00,0.00,0.30,0.09,0.09,16.00,0.00
0569,しゅんぎく　葉　生,20.00,2.30,0.30,3.90,380.00,0.00,1.70,0.10,0.16,19.00,0.20
0570,しゅんぎく　葉　ゆで,25.00,2.70,0.50,4.50,440.00,0.00,2.00,0.05,0.08,5.00,0.10
0571,じゅんさい　若葉　水煮びん詰,4.00,0.40,0.00,1.00,2.00,0.00,0.10,0.00,0.02,0.00,0.00
0572,（しょうが類）　葉しょうが　根茎　生,9.00,0.50,0.20,2.10,0.00,0.00,0.10,0.02,0.03,3.00,0.00
0573,（しょうが類）　しょうが　根茎　皮なし　生,28.00,0.90,0.30,6.60,0.00,0.00,0.10,0.03,0.02,2.00,0.00
0574,（しょうが類）　しょうが　根茎　皮なし　生　おろし,58.00,0.70,0.80,16.00,1.00,0.00,0.30,0.02,0.02,1.00,0.00
0575,（しょうが類）　しょうが　根茎　皮なし　生　おろし汁,17.00,0.40,0.30,3.50,0.00,0.00,0.10,0.02,0.01,1.00,0.00
0576,（しょうが類）　しょうが　漬物　酢漬,15.00,0.30,0.20,3.90,0.00,0.00,0.10,0.00,0.01,0.00,5.60
0577,（しょうが類）　しょうが　漬物　甘酢漬,44.00,0.20,0.40,10.70,0.00,0.00,0.10,0.63,0.00,0.00,2.00
0578,（しょうが類）　新しょうが　根茎　生,10.00,0.30,0.30,2.70,0.00,0.00,0.10,0.01,0.01,2.00,0.00
0579,しろうり　果実　生,15.00,0.90,0.10,3.30,6.00,0.00,0.20,0.03,0.03,8.00,0.00
0580,しろうり　漬物　塩漬,15.00,1.00,0.10,3.70,6.00,0.00,0.20,0.03,0.03,10.00,2.00
0581,しろうり　漬物　奈良漬,216.00,4.60,0.20,40.00,2.00,0.00,0.10,0.03,0.11,0.00,4.80
0582,ずいき　生ずいき　生,15.00,0.50,0.00,4.10,9.00,0.00,0.40,0.01,0.02,5.00,0.00
0583,ずいき　生ずいき　ゆで,10.00,0.40,0.00,3.10,9.00,0.00,0.30,0.00,0.00,1.00,0.00
0584,ずいき　干しずいき　乾,232.00,6.60,0.40,63.50,1.00,0.00,0.40,0.15,0.30,0.00,0.00
0585,ずいき　干しずいき　ゆで,9.00,0.50,0.00,3.40,0.00,0.00,0.10,0.00,0.01,0.00,0.00
0586,すいぜんじな　葉　生,16.00,0.60,0.60,3.40,350.00,0.00,3.80,0.06,0.12,17.00,0.00
0587,すぐきな　葉　生,23.00,1.90,0.20,5.40,170.00,0.00,3.80,0.08,0.13,73.00,0.10
0588,すぐきな　根　生,19.00,0.60,0.10,4.70,0.00,0.00,0.00,0.03,0.03,13.00,0.10
0589,すぐきな　すぐき漬,30.00,2.60,0.70,6.10,250.00,0.00,2.20,0.12,0.11,35.00,2.20
0590,ズッキーニ　果実　生,16.00,1.30,0.10,2.80,27.00,0.00,0.40,0.05,0.05,20.00,0.00
0591,せり　茎葉　生,17.00,2.00,0.10,3.30,160.00,0.00,0.70,0.04,0.13,20.00,0.00
0592,せり　茎葉　ゆで,17.00,2.10,0.10,3.40,150.00,0.00,0.60,0.02,0.06,10.00,0.00
0593,セロリ　葉柄　生,12.00,0.40,0.10,3.60,4.00,0.00,0.20,0.03,0.03,7.00,0.10
0594,ぜんまい　生ぜんまい　若芽　生,27.00,1.70,0.10,6.60,44.00,0.00,0.60,0.02,0.09,24.00,0.00
0595,ぜんまい　生ぜんまい　若芽　ゆで,17.00,1.10,0.40,4.10,36.00,0.00,0.50,0.01,0.05,2.00,0.00
0596,ぜんまい　干しぜんまい　干し若芽　乾,277.00,14.60,0.60,70.80,59.00,0.00,1.40,0.10,0.41,0.00,0.10
0597,ぜんまい　干しぜんまい　干し若芽　ゆで,25.00,1.70,0.10,6.80,1.00,0.00,0.20,0.00,0.01,0.00,0.00
0598,そらまめ　未熟豆　生,102.00,10.90,0.20,15.50,20.00,0.00,0.00,0.30,0.20,23.00,0.00
0599,そらまめ　未熟豆　ゆで,103.00,10.50,0.20,16.90,18.00,0.00,0.00,0.22,0.18,18.00,0.00
0600,タアサイ　葉　生,12.00,1.30,0.20,2.20,180.00,0.00,1.50,0.05,0.09,31.00,0.10
0601,タアサイ　葉　ゆで,11.00,1.10,0.20,2.30,200.00,0.00,1.70,0.02,0.03,14.00,0.10
0602,（だいこん類）　かいわれだいこん　芽ばえ　生,21.00,2.10,0.50,3.30,160.00,0.00,2.10,0.08,0.13,47.00,0.00
0603,（だいこん類）　葉だいこん　葉　生,17.00,2.00,0.20,3.30,190.00,0.00,1.50,0.07,0.15,49.00,0.10
0604,（だいこん類）　だいこん　葉　生,23.00,2.20,0.10,5.30,330.00,0.00,3.80,0.09,0.16,53.00,0.10
0605,（だいこん類）　だいこん　葉　ゆで,24.00,2.20,0.10,5.40,370.00,0.00,4.90,0.01,0.06,21.00,0.10
0606,（だいこん類）　だいこん　根　皮つき　生,15.00,0.50,0.10,4.10,0.00,0.00,0.00,0.02,0.01,12.00,0.00
0607,（だいこん類）　だいこん　根　皮つき　ゆで,15.00,0.40,0.00,4.50,0.00,0.00,0.00,0.02,0.01,9.00,0.00
0608,（だいこん類）　だいこん　根　皮なし　生,15.00,0.40,0.10,4.10,0.00,0.00,0.00,0.02,0.01,11.00,0.00
0609,（だいこん類）　だいこん　根　皮なし　生　おろし,25.00,0.60,0.20,8.00,0.00,0.00,0.00,0.02,0.01,7.00,0.10
0610,（だいこん類）　だいこん　根　皮なし　生　おろし汁,12.00,0.30,0.00,2.70,0.00,0.00,0.00,0.02,0.01,7.00,0.10
0611,（だいこん類）　だいこん　根　皮なし　生　おろし水洗い,23.00,0.60,0.10,7.20,0.00,0.00,0.00,0.02,0.01,6.00,0.10
0612,（だいこん類）　だいこん　根　皮なし　ゆで,15.00,0.50,0.10,4.00,0.00,0.00,0.00,0.02,0.01,9.00,0.00
0613,（だいこん類）　切干しだいこん　乾,280.00,9.70,0.80,69.70,0.00,0.00,0.00,0.35,0.20,28.00,0.50
0614,（だいこん類）　切干しだいこん　ゆで,13.00,0.90,0.10,4.10,0.00,0.00,0.00,0.01,0.00,0.00,0.00
0615,（だいこん類）　切干しだいこん　油いため,78.00,1.50,6.00,7.60,0.00,0.00,0.90,0.02,0.02,0.00,0.00
0616,（だいこん類）　漬物　いぶりがっこ,76.00,1.10,0.30,21.00,0.00,0.00,0.00,0.08,0.02,0.00,3.50
0617,（だいこん類）　漬物　ぬかみそ漬,29.00,1.30,0.10,6.70,0.00,0.00,0.00,0.33,0.04,15.00,3.80
0618,（だいこん類）　漬物　たくあん漬　塩押しだいこん漬,43.00,0.60,0.30,10.80,0.00,0.00,0.00,0.01,0.01,40.00,3.30
0619,（だいこん類）　漬物　たくあん漬　干しだいこん漬,23.00,1.90,0.10,5.50,0.00,0.00,0.00,0.21,0.03,12.00,2.50
0620,（だいこん類）　漬物　守口漬,194.00,5.30,0.20,44.30,0.00,0.00,0.00,0.05,0.17,0.00,3.60
0621,（だいこん類）　漬物　べったら漬,53.00,0.40,0.20,13.10,0.00,0.00,0.00,0.00,0.11,49.00,2.80
0622,（だいこん類）　漬物　みそ漬,52.00,2.10,0.30,11.40,0.00,0.00,0.00,3.70,0.01,0.00,7.20
0623,（だいこん類）　漬物　福神漬,137.00,2.70,0.10,33.30,8.00,0.00,0.10,0.02,0.10,0.00,5.10
0624,（たいさい類）　つまみな　葉　生,19.00,1.90,0.30,3.60,160.00,0.00,1.40,0.06,0.14,47.00,0.10
0625,（たいさい類）　たいさい　葉　生,15.00,0.90,0.10,3.50,130.00,0.00,0.90,0.07,0.07,45.00,0.10
0626,（たいさい類）　たいさい　塩漬,19.00,1.60,0.10,4.30,180.00,0.00,1.10,0.03,0.07,41.00,1.80
0627,たかな　葉　生,21.00,1.80,0.20,4.20,190.00,0.00,0.80,0.06,0.10,69.00,0.10
0628,たかな　たかな漬,30.00,1.90,0.60,6.20,200.00,0.00,1.60,0.01,0.03,0.00,4.00
0629,たけのこ　若茎　生,27.00,3.60,0.20,4.30,1.00,0.00,0.70,0.05,0.11,10.00,0.00
0630,たけのこ　若茎　ゆで,31.00,3.50,0.20,5.50,1.00,0.00,1.00,0.04,0.09,8.00,0.00
0631,たけのこ　水煮缶詰,22.00,2.70,0.20,4.00,0.00,0.00,1.00,0.01,0.04,0.00,0.00
0632,たけのこ　めんま　塩蔵　塩抜き,15.00,1.00,0.50,3.60,0.00,0.00,0.00,0.00,0.00,0.00,0.90
0633,（たまねぎ類）　たまねぎ　りん茎　生,33.00,1.00,0.10,8.40,0.00,0.00,0.00,0.04,0.01,7.00,0.00
0634,（たまねぎ類）　たまねぎ　りん茎　水さらし,24.00,0.60,0.10,6.10,0.00,0.00,0.00,0.03,0.01,5.00,0.00
0635,（たまねぎ類）　たまねぎ　りん茎　ゆで,30.00,0.80,0.10,7.30,0.00,0.00,0.00,0.03,0.01,5.00,0.00
0636,（たまねぎ類）　たまねぎ　りん茎　油いため,100.00,1.40,5.90,12.00,0.00,0.00,0.90,0.04,0.02,9.00,0.00
0637,（たまねぎ類）　たまねぎ　りん茎　油いため　（あめ色たまねぎ）,208.00,3.20,6.80,34.10,0.00,0.00,4.50,0.12,0.03,0.00,0.00
0638,（たまねぎ類）　赤たまねぎ　りん茎　生,34.00,0.90,0.10,9.00,0.00,0.00,0.10,0.03,0.02,7.00,0.00
0639,（たまねぎ類）　葉たまねぎ　りん茎及び葉　生,33.00,1.80,0.40,7.60,120.00,0.00,1.10,0.06,0.11,32.00,0.00
0640,たらのめ　若芽　生,27.00,4.20,0.20,4.30,48.00,0.00,2.40,0.15,0.20,7.00,0.00
0641,たらのめ　若芽　ゆで,27.00,4.00,0.20,4.10,50.00,0.00,2.00,0.07,0.11,3.00,0.00
0642,チコリ　若芽　生,17.00,1.00,0.00,3.90,1.00,0.00,0.20,0.06,0.02,2.00,0.00
0643,ちぢみゆきな　葉　生,35.00,3.60,0.60,5.70,350.00,0.00,0.00,0.09,0.21,69.00,0.00
0644,ちぢみゆきな　葉　ゆで,34.00,3.80,0.70,5.20,500.00,0.00,0.00,0.06,0.12,39.00,0.00
0645,チンゲンサイ　葉　生,9.00,0.60,0.10,2.00,170.00,0.00,0.70,0.03,0.07,24.00,0.10
0646,チンゲンサイ　葉　ゆで,11.00,0.90,0.10,2.40,220.00,0.00,0.90,0.03,0.05,15.00,0.10
0647,チンゲンサイ　葉　油いため,36.00,0.80,3.20,2.20,250.00,0.00,1.40,0.03,0.06,21.00,0.10
0648,つくし　胞子茎　生,31.00,3.50,0.10,8.10,88.00,0.00,4.90,0.07,0.14,33.00,0.00
0649,つくし　胞子茎　ゆで,28.00,3.40,0.10,6.70,96.00,0.00,3.60,0.00,0.10,15.00,0.00
0650,つるな　茎葉　生,15.00,1.80,0.10,2.80,230.00,0.00,1.30,0.08,0.30,22.00,0.00
0651,つるにんじん　根　生,55.00,1.00,0.70,19.80,1.00,0.00,3.60,0.06,0.05,6.00,0.00
0652,つるむらさき　茎葉　生,11.00,0.70,0.20,2.60,250.00,0.00,1.10,0.03,0.07,41.00,0.00
0653,つるむらさき　茎葉　ゆで,12.00,0.90,0.20,3.20,280.00,0.00,1.30,0.02,0.05,18.00,0.00
0654,つわぶき　葉柄　生,19.00,0.40,0.00,5.60,5.00,0.00,0.40,0.01,0.04,4.00,0.30
0655,つわぶき　葉柄　ゆで,14.00,0.30,0.00,4.40,7.00,0.00,0.40,0.01,0.03,0.00,0.10
0656,とうがらし　葉･果実　生,32.00,3.40,0.10,7.20,430.00,0.00,7.70,0.08,0.28,92.00,0.00
0657,とうがらし　葉･果実　油いため,81.00,4.00,4.90,8.50,480.00,0.00,8.50,0.12,0.28,56.00,0.00
0658,とうがらし　果実　生,72.00,3.90,3.40,16.30,640.00,0.00,8.90,0.14,0.36,120.00,0.00
0659,とうがらし　果実　乾,270.00,14.70,12.00,58.40,"1,500.00",0.00,30.00,0.50,1.40,1.00,0.00
0660,とうがん　果実　生,15.00,0.50,0.10,3.80,0.00,0.00,0.10,0.01,0.01,39.00,0.00
0661,とうがん　果実　ゆで,15.00,0.60,0.10,3.70,0.00,0.00,0.10,0.01,0.01,27.00,0.00
0662,（とうもろこし類）　スイートコーン　未熟種子　生,89.00,3.60,1.70,16.80,4.00,0.00,0.30,0.15,0.10,8.00,0.00
0663,（とうもろこし類）　スイートコーン　未熟種子　ゆで,95.00,3.50,1.70,18.60,4.00,0.00,0.30,0.12,0.10,6.00,0.00
0664,（とうもろこし類）　スイートコーン　未熟種子　電子レンジ調理,104.00,4.20,2.20,19.10,5.00,0.00,0.30,0.16,0.11,6.00,0.00
0665,（とうもろこし類）　スイートコーン　未熟種子　穂軸つき　冷凍,96.00,3.50,1.50,18.70,7.00,0.00,0.10,0.12,0.09,6.00,0.00
0666,（とうもろこし類）　スイートコーン　未熟種子　カーネル　冷凍,91.00,2.90,1.30,19.80,6.00,0.00,0.10,0.10,0.07,4.00,0.00
0667,（とうもろこし類）　スイートコーン　未熟種子　カーネル　冷凍　ゆで,92.00,2.80,1.50,18.70,6.00,0.00,0.10,0.08,0.06,2.00,0.00
0668,（とうもろこし類）　スイートコーン　未熟種子　カーネル　冷凍　油いため,125.00,2.90,5.80,18.90,6.00,0.00,0.80,0.10,0.07,3.00,0.00
0669,（とうもろこし類）　スイートコーン　缶詰　クリームスタイル,82.00,1.70,0.50,18.60,4.00,0.00,0.10,0.02,0.05,3.00,0.70
0670,（とうもろこし類）　スイートコーン　缶詰　ホールカーネルスタイル,78.00,2.30,0.50,17.80,5.00,0.00,0.10,0.03,0.05,2.00,0.50
0671,（とうもろこし類）　ヤングコーン　幼雌穂　生,29.00,2.30,0.20,6.00,3.00,0.00,0.40,0.09,0.11,9.00,0.00
0672,（トマト類）　赤色トマト　果実　生,20.00,0.70,0.10,4.70,45.00,0.00,0.90,0.05,0.02,15.00,0.00
0673,（トマト類）　赤色ミニトマト　果実　生,30.00,1.10,0.10,7.20,80.00,0.00,0.90,0.07,0.05,32.00,0.00
0674,（トマト類）　黄色トマト　果実　生,18.00,1.10,0.40,3.20,9.00,0.00,1.20,0.08,0.03,28.00,0.00
0675,（トマト類）　ドライトマト,291.00,14.20,2.10,67.30,220.00,0.00,18.00,0.68,0.30,15.00,0.30
0676,（トマト類）　加工品　ホール　食塩無添加,21.00,0.90,0.20,4.40,47.00,0.00,1.20,0.06,0.03,10.00,0.00
0677,（トマト類）　加工品　トマトジュース　食塩添加,15.00,0.70,0.10,4.00,26.00,0.00,0.70,0.04,0.04,6.00,0.30
0678,（トマト類）　加工品　トマトジュース　食塩無添加,18.00,0.70,0.10,4.00,26.00,0.00,0.70,0.04,0.04,6.00,0.00
0679,（トマト類）　加工品　ミックスジュース　食塩添加,18.00,0.60,0.00,4.30,32.00,0.00,0.80,0.03,0.03,3.00,0.20
0680,（トマト類）　加工品　ミックスジュース　食塩無添加,18.00,0.60,0.00,4.30,32.00,0.00,0.80,0.03,0.03,3.00,0.00
0681,トレビス　葉　生,17.00,1.10,0.20,3.90,1.00,0.00,0.10,0.04,0.04,6.00,0.00
0682,とんぶり　ゆで,89.00,6.10,3.50,12.90,67.00,0.00,4.60,0.11,0.17,1.00,0.00
0683,ながさきはくさい　葉　生,12.00,1.30,0.10,2.60,160.00,0.00,1.30,0.05,0.13,88.00,0.10
0684,ながさきはくさい　葉　ゆで,18.00,2.20,0.10,3.40,220.00,0.00,1.30,0.02,0.07,23.00,0.00
0685,（なす類）　なす　果実　生,18.00,1.10,0.10,5.10,8.00,0.00,0.30,0.05,0.05,4.00,0.00
0686,（なす類）　なす　果実　ゆで,17.00,1.00,0.10,4.50,8.00,0.00,0.30,0.04,0.04,1.00,0.00
0687,（なす類）　なす　果実　油いため,73.00,1.50,5.80,6.30,16.00,0.00,1.40,0.06,0.07,2.00,0.00
0688,（なす類）　なす　果実　天ぷら,165.00,1.60,14.00,12.00,9.00,0.00,2.60,0.05,0.07,2.00,0.10
0689,（なす類）　べいなす　果実　生,20.00,1.10,0.10,5.30,4.00,0.00,0.30,0.04,0.04,6.00,0.00
0690,（なす類）　べいなす　果実　素揚げ,177.00,1.00,17.00,6.70,2.00,0.00,2.50,0.05,0.04,2.00,0.00
0691,（なす類）　漬物　塩漬,22.00,1.40,0.10,5.20,4.00,0.00,0.30,0.03,0.04,7.00,2.20
0692,（なす類）　漬物　ぬかみそ漬,27.00,1.70,0.10,6.10,2.00,0.00,0.30,0.10,0.04,8.00,2.50
0693,（なす類）　漬物　こうじ漬,87.00,5.50,0.10,18.20,0.00,0.00,0.50,0.03,0.05,0.00,6.60
0694,（なす類）　漬物　からし漬,127.00,2.60,0.20,30.70,6.00,0.00,0.20,0.06,0.04,87.00,4.80
0695,（なす類）　漬物　しば漬,27.00,1.40,0.20,7.00,48.00,0.00,0.70,0.00,0.02,0.00,4.10
0696,なずな　葉　生,35.00,4.30,0.10,7.00,430.00,0.00,2.50,0.15,0.27,110.00,0.00
0697,（なばな類）　和種なばな　花らい・茎　生,34.00,4.40,0.20,5.80,180.00,0.00,2.90,0.16,0.28,130.00,0.00
0698,（なばな類）　和種なばな　花らい・茎　ゆで,28.00,4.70,0.10,4.30,200.00,0.00,2.80,0.07,0.14,44.00,0.00
0699,（なばな類）　洋種なばな　茎葉　生,36.00,4.10,0.40,6.00,220.00,0.00,1.70,0.11,0.24,110.00,0.00
0700,（なばな類）　洋種なばな　茎葉　ゆで,30.00,3.60,0.40,5.30,230.00,0.00,1.60,0.06,0.13,55.00,0.00
0701,にがうり　果実　生,15.00,1.00,0.10,3.90,17.00,0.00,0.80,0.05,0.07,76.00,0.00
0702,にがうり　果実　油いため,47.00,1.20,3.30,4.60,19.00,0.00,0.90,0.05,0.08,75.00,0.00
0703,（にら類）　にら　葉　生,18.00,1.70,0.30,4.00,290.00,0.00,2.50,0.06,0.13,19.00,0.00
0704,（にら類）　にら　葉　ゆで,27.00,2.60,0.50,5.70,370.00,0.00,3.10,0.04,0.12,11.00,0.00
0705,（にら類）　にら　葉　油いため,69.00,1.90,5.70,4.90,380.00,0.00,4.10,0.06,0.16,21.00,0.00
0706,（にら類）　花にら　花茎・花らい　生,27.00,1.90,0.20,5.90,91.00,0.00,1.00,0.07,0.08,23.00,0.00
0707,（にら類）　黄にら　葉　生,18.00,2.10,0.10,3.30,5.00,0.00,0.30,0.05,0.08,15.00,0.00
0708,（にんじん類）　葉にんじん　葉　生,16.00,1.10,0.20,3.70,140.00,0.00,1.10,0.06,0.12,22.00,0.10
0709,（にんじん類）　にんじん　根　皮つき　生,35.00,0.70,0.20,9.30,720.00,0.00,0.40,0.07,0.06,6.00,0.10
0710,（にんじん類）　にんじん　根　皮つき　ゆで,29.00,0.60,0.20,8.40,710.00,0.00,0.40,0.06,0.05,4.00,0.10
0711,（にんじん類）　にんじん　根　皮なし　生,32.00,0.70,0.20,8.80,630.00,0.00,0.50,0.04,0.03,4.00,0.10
0712,（にんじん類）　にんじん　根　皮なし　ゆで,28.00,0.70,0.10,8.50,730.00,0.00,0.40,0.06,0.05,4.00,0.10
0713,（にんじん類）　にんじん　根　皮なし　油いため,103.00,1.10,6.40,12.40,"1,000.00",0.00,1.70,0.11,0.08,5.00,0.10
0714,（にんじん類）　にんじん　根　皮なし　素揚げ,87.00,1.00,3.50,13.90,330.00,0.00,1.60,0.10,0.07,6.00,0.10
071401,（にんじん類）　にんじん　根　皮なし　カット　常法洗浄,27.00,0.50,0.20,7.30,680.00,0.00,0.40,0.04,0.03,3.00,0.00
071402,（にんじん類）　にんじん　根　皮なし　カット　次亜塩素酸洗浄,27.00,0.60,0.20,7.20,650.00,0.00,0.40,0.04,0.03,3.00,0.00
0715,（にんじん類）　にんじん　根　皮　生,26.00,0.70,0.20,7.30,720.00,0.00,0.50,0.05,0.05,4.00,0.00
0716,（にんじん類）　にんじん　根　冷凍,30.00,0.80,0.20,8.20,920.00,0.00,0.80,0.04,0.02,4.00,0.10
0717,（にんじん類）　にんじん　根　冷凍　ゆで,24.00,0.70,0.20,7.00,"1,000.00",0.00,0.90,0.03,0.02,1.00,0.10
0718,（にんじん類）　にんじん　根　冷凍　油いため,65.00,0.90,4.00,9.30,"1,100.00",0.00,1.50,0.04,0.03,2.00,0.20
0719,（にんじん類）　にんじん　グラッセ,53.00,0.70,1.40,12.70,880.00,0.00,0.70,0.03,0.03,2.00,1.00
0720,（にんじん類）　にんじん　ジュース　缶詰,29.00,0.60,0.10,6.70,370.00,0.00,0.20,0.03,0.04,1.00,0.00
0721,（にんじん類）　きんとき　根　皮つき　生,39.00,1.80,0.20,9.60,410.00,0.00,0.50,0.07,0.05,8.00,0.00
0722,（にんじん類）　きんとき　根　皮つき　ゆで,37.00,1.90,0.20,9.20,410.00,0.00,0.50,0.07,0.05,6.00,0.00
0723,（にんじん類）　きんとき　根　皮なし　生,40.00,1.80,0.30,9.70,380.00,0.00,0.50,0.07,0.05,8.00,0.00
0724,（にんじん類）　きんとき　根　皮なし　ゆで,40.00,1.90,0.40,9.60,400.00,0.00,0.50,0.06,0.06,8.00,0.00
072401,（にんじん類）　島にんじん　根　皮なし　生,35.00,1.10,0.40,8.80,22.00,0.00,1.20,0.07,0.05,14.00,0.10
0725,（にんじん類）　ミニキャロット　根　生,26.00,0.70,0.20,7.50,500.00,0.00,0.60,0.04,0.03,4.00,0.00
0726,（にんにく類）　にんにく　りん茎　生,129.00,6.40,0.90,27.50,0.00,0.00,0.50,0.19,0.07,12.00,0.00
0727,（にんにく類）　にんにく　りん茎　油いため,191.00,8.20,5.90,30.60,0.00,0.00,1.50,0.23,0.09,10.00,0.00
0728,（にんにく類）　茎にんにく　花茎　生,44.00,1.90,0.30,10.60,60.00,0.00,0.80,0.11,0.10,45.00,0.00
0729,（にんにく類）　茎にんにく　花茎　ゆで,43.00,1.70,0.20,10.70,56.00,0.00,0.80,0.10,0.07,39.00,0.00
0730,（ねぎ類）　根深ねぎ　葉　軟白　生,35.00,1.40,0.10,8.30,7.00,0.00,0.20,0.05,0.04,14.00,0.00
0731,（ねぎ類）　根深ねぎ　葉　軟白　ゆで,28.00,1.30,0.10,6.80,6.00,0.00,0.10,0.04,0.03,10.00,0.00
0732,（ねぎ類）　根深ねぎ　葉　軟白　油いため,77.00,1.60,4.40,9.50,6.00,0.00,0.90,0.06,0.05,15.00,0.00
0733,（ねぎ類）　葉ねぎ　葉　生,29.00,1.90,0.30,6.50,120.00,0.00,0.90,0.06,0.11,32.00,0.00
0734,（ねぎ類）　葉ねぎ　葉　油いため,77.00,2.10,5.20,7.90,150.00,0.00,2.10,0.07,0.12,43.00,0.00
073401,（ねぎ類）　九条ねぎ　葉　生,32.00,1.70,0.30,7.30,110.00,0.00,0.60,0.06,0.10,27.00,0.00
0735,（ねぎ類）　こねぎ　葉　生,26.00,2.00,0.30,5.40,190.00,0.00,1.30,0.08,0.14,44.00,0.00
073501,（ねぎ類）　めねぎ　葉　生,15.00,1.50,0.30,2.40,240.00,0.00,0.80,0.08,0.10,12.00,0.00
0736,のざわな　葉　生,14.00,0.90,0.10,3.50,100.00,0.00,0.50,0.06,0.10,41.00,0.10
0737,のざわな　漬物　塩漬,17.00,1.20,0.10,4.10,130.00,0.00,0.70,0.05,0.11,27.00,1.50
0738,のざわな　漬物　調味漬,22.00,1.70,0.00,5.40,200.00,0.00,1.30,0.03,0.11,26.00,2.40
0739,のびる　りん茎葉　生,63.00,3.20,0.20,15.50,67.00,0.00,1.30,0.08,0.22,60.00,0.00
0740,はくさい　結球葉　生,13.00,0.80,0.10,3.20,8.00,0.00,0.20,0.03,0.03,19.00,0.00
0741,はくさい　結球葉　ゆで,13.00,0.90,0.10,2.90,11.00,0.00,0.10,0.01,0.01,10.00,0.00
0742,はくさい　漬物　塩漬,17.00,1.50,0.10,3.30,1.00,0.00,0.20,0.04,0.03,29.00,2.10
0743,はくさい　漬物　キムチ,27.00,2.30,0.10,5.40,15.00,0.00,0.50,0.04,0.06,15.00,2.90
0744,パクチョイ　葉　生,15.00,1.60,0.20,2.70,150.00,0.00,0.90,0.07,0.12,45.00,0.00
0745,バジル　葉　生,21.00,2.00,0.60,4.00,520.00,0.00,3.50,0.08,0.19,16.00,0.00
0746,パセリ　葉　生,34.00,4.00,0.70,7.80,620.00,0.00,3.30,0.12,0.24,120.00,0.00
0747,はつかだいこん　根　生,13.00,0.80,0.10,3.10,0.00,0.00,0.00,0.02,0.02,19.00,0.00
0748,はなっこりー　生,34.00,3.60,0.50,5.40,97.00,0.00,1.30,0.09,0.15,90.00,0.00
0749,はやとうり　果実　白色種　生,20.00,0.60,0.10,4.90,0.00,0.00,0.20,0.02,0.03,11.00,0.00
0750,はやとうり　果実　白色種　塩漬,17.00,0.60,0.00,4.40,0.00,0.00,0.10,0.02,0.04,9.00,3.60
0751,はやとうり　果実　緑色種　生,21.00,0.60,0.10,4.90,2.00,0.00,0.20,0.02,0.03,11.00,0.00
0752,ビーツ　根　生,38.00,1.60,0.10,9.30,0.00,0.00,0.10,0.05,0.05,5.00,0.10
0753,ビーツ　根　ゆで,42.00,1.50,0.10,10.20,0.00,0.00,0.10,0.04,0.04,3.00,0.10
0754,（ピーマン類）　青ピーマン　果実　生,20.00,0.90,0.20,5.10,33.00,0.00,0.80,0.03,0.03,76.00,0.00
0755,（ピーマン類）　青ピーマン　果実　油いため,54.00,0.90,4.30,5.40,35.00,0.00,0.90,0.03,0.03,79.00,0.00
0756,（ピーマン類）　赤ピーマン　果実　生,28.00,1.00,0.20,7.20,88.00,0.00,4.30,0.06,0.14,170.00,0.00
0757,（ピーマン類）　赤ピーマン　果実　油いため,69.00,1.00,4.30,7.60,92.00,0.00,4.40,0.06,0.16,180.00,0.00
0758,（ピーマン類）　オレンジピーマン　果実　生,19.00,0.90,0.30,4.20,53.00,0.00,3.10,0.04,0.03,150.00,0.00
0759,（ピーマン類）　オレンジピーマン　果実　油いため,81.00,1.10,5.10,7.60,60.00,0.00,5.20,0.05,0.04,170.00,0.00
0760,（ピーマン類）　黄ピーマン　果実　生,28.00,0.80,0.20,6.60,17.00,0.00,2.40,0.04,0.03,150.00,0.00
0761,（ピーマン類）　黄ピーマン　果実　油いため,61.00,0.80,4.30,6.90,18.00,0.00,2.50,0.04,0.03,160.00,0.00
0762,（ピーマン類）　トマピー　果実　生,33.00,1.00,0.20,7.50,160.00,0.00,4.30,0.05,0.09,200.00,0.00
0763,ひのな　根・茎葉　生,17.00,1.00,0.00,4.70,98.00,0.00,0.70,0.05,0.13,52.00,0.00
0764,ひのな　根・茎葉　甘酢漬,70.00,1.40,0.50,17.30,170.00,0.00,1.40,0.04,0.08,39.00,2.80
0765,ひろしまな　葉　生,19.00,1.50,0.20,4.20,160.00,0.00,1.30,0.06,0.15,49.00,0.10
0766,ひろしまな　塩漬,15.00,1.20,0.20,3.30,170.00,0.00,0.60,0.02,0.07,15.00,2.10
0767,（ふき類）　ふき　葉柄　生,11.00,0.30,0.00,3.00,4.00,0.00,0.20,0.00,0.02,2.00,0.10
0768,（ふき類）　ふき　葉柄　ゆで,7.00,0.30,0.00,1.90,5.00,0.00,0.20,0.00,0.01,0.00,0.10
0769,（ふき類）　ふきのとう　花序　生,38.00,2.50,0.10,10.00,33.00,0.00,3.20,0.10,0.17,14.00,0.00
0770,（ふき類）　ふきのとう　花序　ゆで,31.00,2.50,0.10,7.00,22.00,0.00,2.40,0.06,0.08,3.00,0.00
0771,ふじまめ　若ざや　生,32.00,2.50,0.10,7.40,20.00,0.00,0.10,0.08,0.10,13.00,0.00
0772,ふだんそう　葉　生,17.00,2.00,0.10,3.70,310.00,0.00,1.70,0.07,0.23,19.00,0.20
0773,ふだんそう　葉　ゆで,26.00,2.80,0.10,5.40,320.00,0.00,1.70,0.03,0.11,7.00,0.20
0774,ブロッコリー　花序　生,37.00,5.40,0.60,6.60,75.00,0.00,3.00,0.17,0.23,140.00,0.00
0775,ブロッコリー　花序　ゆで,30.00,3.90,0.40,5.20,69.00,0.00,2.70,0.06,0.09,55.00,0.00
0776,ブロッコリー　花序　電子レンジ調理,56.00,5.70,0.70,7.00,83.00,0.00,3.40,0.18,0.25,140.00,0.00
0777,ブロッコリー　花序　焼き,83.00,9.90,1.20,8.40,140.00,0.00,6.00,0.27,0.40,150.00,0.00
0778,ブロッコリー　花序　油いため,109.00,6.90,6.30,6.10,97.00,0.00,5.80,0.20,0.28,130.00,0.00
0779,ブロッコリー　芽ばえ　生,18.00,1.90,0.60,2.60,120.00,0.00,1.90,0.08,0.11,64.00,0.00
0780,へちま　果実　生,17.00,0.80,0.10,3.80,4.00,0.00,0.30,0.03,0.04,5.00,0.00
0781,へちま　果実　ゆで,19.00,1.60,0.10,3.70,3.00,0.00,0.40,0.03,0.06,3.00,0.00
0782,ほうれんそう　葉　通年平均　生,18.00,2.20,0.40,3.10,350.00,0.00,2.10,0.11,0.20,35.00,0.00
0783,ほうれんそう　葉　通年平均　ゆで,23.00,2.60,0.50,4.00,450.00,0.00,2.60,0.05,0.11,19.00,0.00
0784,ほうれんそう　葉　通年平均　油いため,91.00,3.80,8.10,4.40,630.00,0.00,4.80,0.08,0.16,21.00,0.00
0785,ほうれんそう　葉　夏採り　生,18.00,2.20,0.40,3.10,350.00,0.00,2.10,0.11,0.20,20.00,0.00
0786,ほうれんそう　葉　夏採り　ゆで,23.00,2.60,0.50,4.00,450.00,0.00,2.60,0.05,0.11,10.00,0.00
0787,ほうれんそう　葉　冬採り　生,18.00,2.20,0.40,3.10,350.00,0.00,2.10,0.11,0.20,60.00,0.00
0788,ほうれんそう　葉　冬採り　ゆで,23.00,2.60,0.50,4.00,450.00,0.00,2.60,0.05,0.11,30.00,0.00
0789,ほうれんそう　葉　冷凍,22.00,2.90,0.30,3.40,390.00,0.00,2.00,0.06,0.13,19.00,0.30
0790,ほうれんそう　葉　冷凍　ゆで,26.00,3.70,0.50,3.80,590.00,0.00,3.10,0.00,0.06,5.00,0.10
0791,ほうれんそう　葉　冷凍　油いため,67.00,4.00,4.50,5.40,600.00,0.00,4.60,0.00,0.18,16.00,0.40
0792,ホースラディシュ　根茎　生,69.00,3.10,0.30,17.70,1.00,0.00,0.00,0.10,0.10,73.00,0.00
0793,まこも　茎　生,19.00,1.30,0.20,4.40,1.00,0.00,0.00,0.04,0.03,6.00,0.00
0794,みずかけな　葉　生,25.00,2.90,0.10,4.70,190.00,0.00,0.90,0.11,0.23,88.00,0.00
0795,みずかけな　塩漬,34.00,4.90,0.00,5.70,240.00,0.00,1.30,0.12,0.34,70.00,2.50
0796,みずな　葉　生,23.00,2.20,0.10,4.80,110.00,0.00,1.80,0.08,0.15,55.00,0.10
0797,みずな　葉　ゆで,21.00,2.00,0.10,4.70,140.00,0.00,1.30,0.04,0.08,19.00,0.10
0798,みずな　塩漬,26.00,2.00,0.10,5.90,92.00,0.00,1.10,0.07,0.15,47.00,2.30
0799,（みつば類）　切りみつば　葉　生,16.00,1.00,0.10,4.00,61.00,0.00,0.70,0.03,0.09,8.00,0.00
0800,（みつば類）　切りみつば　葉　ゆで,12.00,0.90,0.10,3.30,65.00,0.00,0.90,0.02,0.04,1.00,0.00
0801,（みつば類）　根みつば　葉　生,19.00,1.90,0.10,4.10,140.00,0.00,1.10,0.05,0.13,22.00,0.00
0802,（みつば類）　根みつば　葉　ゆで,19.00,2.30,0.10,3.90,170.00,0.00,1.40,0.03,0.05,12.00,0.00
0803,（みつば類）　糸みつば　葉　生,12.00,0.90,0.10,2.90,270.00,0.00,0.90,0.04,0.14,13.00,0.00
0804,（みつば類）　糸みつば　葉　ゆで,14.00,1.10,0.00,4.00,340.00,0.00,1.30,0.02,0.08,4.00,0.00
0805,みぶな　葉　生,14.00,1.10,0.30,2.90,150.00,0.00,0.90,0.04,0.07,38.00,0.10
0806,（みょうが類）　みょうが　花穂　生,11.00,0.90,0.10,2.60,3.00,0.00,0.10,0.05,0.05,2.00,0.00
0807,（みょうが類）　みょうがたけ　茎葉　生,6.00,0.40,0.10,1.50,1.00,0.00,0.10,0.02,0.02,1.00,0.00
0808,むかご　肉芽　生,87.00,2.90,0.20,20.60,2.00,0.00,0.40,0.11,0.02,9.00,0.00
0809,めキャベツ　結球葉　生,52.00,5.70,0.10,9.90,59.00,0.00,0.60,0.19,0.23,160.00,0.00
0810,めキャベツ　結球葉　ゆで,51.00,5.30,0.10,9.80,57.00,0.00,0.50,0.13,0.16,110.00,0.00
0811,めたで　芽ばえ　生,39.00,3.00,0.50,8.80,410.00,0.00,4.80,0.15,0.21,67.00,0.00
0812,（もやし類）　アルファルファもやし　生,11.00,1.60,0.10,2.00,5.00,0.00,1.90,0.07,0.09,5.00,0.00
0813,（もやし類）　だいずもやし　生,29.00,3.60,1.40,2.50,2.00,0.00,0.30,0.08,0.06,4.00,0.00
0814,（もやし類）　だいずもやし　ゆで,27.00,2.90,1.60,2.20,0.00,0.00,0.60,0.04,0.04,1.00,0.00
081401,（もやし類）　だいずもやし　油いため,62.00,3.80,4.50,4.10,3.00,0.00,0.50,0.09,0.07,2.00,0.00
0815,（もやし類）　ブラックマッペもやし　生,17.00,2.20,0.00,2.80,0.00,0.00,0.00,0.04,0.06,10.00,0.00
0816,（もやし類）　ブラックマッペもやし　ゆで,13.00,1.30,0.00,2.70,0.00,0.00,0.10,0.02,0.02,2.00,0.00
0817,（もやし類）　ブラックマッペもやし　油いため,41.00,2.30,0.90,5.80,0.00,0.00,1.10,0.04,0.06,7.00,0.00
0818,（もやし類）　りょくとうもやし　生,15.00,1.80,0.10,2.40,0.00,0.00,0.10,0.04,0.05,7.00,0.00
0819,（もやし類）　りょくとうもやし　ゆで,12.00,1.60,0.00,2.30,0.00,0.00,0.10,0.03,0.04,2.00,0.00
081901,（もやし類）　りょくとうもやし　油いため,40.00,2.00,2.80,4.00,0.00,0.00,1.00,0.05,0.05,6.00,0.00
0820,モロヘイヤ　茎葉　生,36.00,4.80,0.50,6.30,840.00,0.00,6.50,0.18,0.42,65.00,0.00
0821,モロヘイヤ　茎葉　ゆで,24.00,3.00,0.40,4.00,550.00,0.00,3.40,0.06,0.13,11.00,0.00
0822,やぶまめ　生,219.00,15.50,6.50,29.50,0.00,0.00,0.00,0.00,0.00,0.00,0.00
0823,やまごぼう　みそ漬,66.00,4.10,0.10,15.60,0.00,0.00,0.60,0.02,0.10,0.00,7.10
0824,ゆりね　りん茎　生,119.00,3.80,0.10,28.30,0.00,0.00,0.50,0.08,0.07,9.00,0.00
0825,ゆりね　りん茎　ゆで,117.00,3.40,0.10,28.70,0.00,0.00,0.50,0.07,0.07,8.00,0.00
0826,ようさい　茎葉　生,17.00,2.20,0.10,3.10,360.00,0.00,2.20,0.10,0.20,19.00,0.10
0827,ようさい　茎葉　ゆで,18.00,2.20,0.10,4.10,320.00,0.00,0.60,0.06,0.10,6.00,0.00
0828,よめな　葉　生,40.00,3.40,0.20,10.00,560.00,0.00,4.10,0.23,0.32,42.00,0.00
0829,よもぎ　葉　生,43.00,5.20,0.30,8.70,440.00,0.00,3.20,0.19,0.34,35.00,0.00
0830,よもぎ　葉　ゆで,37.00,4.80,0.10,8.20,500.00,0.00,3.40,0.08,0.09,2.00,0.00
0831,らっかせい　未熟豆　生,306.00,12.00,24.20,12.40,0.00,0.00,7.20,0.54,0.09,20.00,0.00
0832,らっかせい　未熟豆　ゆで,298.00,11.90,23.50,12.30,0.00,0.00,6.80,0.30,0.13,19.00,0.00
0833,（らっきょう類）　らっきょう　りん茎　生,83.00,1.40,0.20,29.30,0.00,0.00,0.80,0.07,0.05,23.00,0.00
0834,（らっきょう類）　らっきょう　甘酢漬,117.00,0.40,0.30,29.40,0.00,0.00,0.20,0.00,0.00,0.00,1.90
0835,（らっきょう類）　エシャレット　りん茎　生,59.00,2.30,0.20,17.80,2.00,0.00,0.40,0.03,0.05,21.00,0.00
0836,リーキ　りん茎葉　生,30.00,1.60,0.10,6.90,4.00,0.00,0.30,0.06,0.08,11.00,0.00
0837,リーキ　りん茎葉　ゆで,28.00,1.30,0.10,6.80,3.00,0.00,0.30,0.05,0.07,9.00,0.00
0838,ルッコラ　葉　生,17.00,1.90,0.40,3.10,300.00,0.00,1.40,0.06,0.17,66.00,0.00
0839,ルバーブ　葉柄　生,23.00,0.70,0.10,6.00,3.00,0.00,0.20,0.04,0.05,5.00,0.00
0840,ルバーブ　葉柄　ゆで,14.00,0.50,0.10,4.60,4.00,0.00,0.20,0.01,0.03,4.00,0.00
0841,（レタス類）　レタス　土耕栽培　結球葉　生,11.00,0.60,0.10,2.80,20.00,0.00,0.30,0.05,0.03,5.00,0.00
0842,（レタス類）　レタス　水耕栽培　結球葉　生,13.00,0.80,0.20,2.90,59.00,0.00,0.30,0.03,0.03,5.00,0.00
0843,（レタス類）　サラダな　葉　生,10.00,1.00,0.20,2.70,180.00,0.00,1.40,0.06,0.13,14.00,0.00
0844,（レタス類）　リーフレタス　葉　生,16.00,1.40,0.10,3.30,200.00,0.00,1.30,0.10,0.10,21.00,0.00
0845,（レタス類）　サニーレタス　葉　生,15.00,1.20,0.20,3.20,170.00,0.00,1.20,0.10,0.10,17.00,0.00
0846,（レタス類）　サンチュ　葉　生,14.00,1.20,0.40,2.50,320.00,0.00,0.70,0.06,0.10,13.00,0.00
0847,（レタス類）　コスレタス　葉　生,16.00,1.20,0.20,3.40,43.00,0.00,0.70,0.06,0.06,8.00,0.00
0848,れんこん　根茎　生,66.00,1.90,0.10,15.50,0.00,0.00,0.60,0.10,0.01,48.00,0.10
0849,れんこん　根茎　ゆで,66.00,1.30,0.10,16.10,0.00,0.00,0.60,0.06,0.00,18.00,0.00
0850,れんこん　甘酢れんこん,66.00,0.60,0.20,16.50,0.00,0.00,0.80,0.00,0.00,7.00,1.40
0851,わけぎ　葉　生,30.00,1.60,0.00,7.40,220.00,0.00,1.40,0.06,0.10,37.00,0.00
0852,わけぎ　葉　ゆで,29.00,1.90,0.00,6.90,150.00,0.00,1.50,0.05,0.08,21.00,0.00
0853,わさび　根茎　生,89.00,5.60,0.20,18.40,1.00,0.00,1.40,0.06,0.15,75.00,0.10
0854,わさび　わさび漬,140.00,7.10,0.50,28.00,2.00,0.00,0.10,0.08,0.17,1.00,2.50
0855,わらび　生わらび　生,19.00,2.40,0.10,4.00,18.00,0.00,1.60,0.02,1.09,11.00,0.00
0856,わらび　生わらび　ゆで,13.00,1.50,0.10,3.00,13.00,0.00,1.30,0.00,0.05,0.00,0.00
0857,わらび　干しわらび　乾,216.00,20.00,0.70,61.40,110.00,0.00,4.60,0.12,0.46,0.00,0.00
0858,（その他）　ミックスベジタブル　冷凍,67.00,3.00,0.70,15.10,320.00,0.00,0.30,0.14,0.07,9.00,0.10
0859,（その他）　ミックスベジタブル　冷凍　ゆで,65.00,3.10,0.80,14.60,350.00,0.00,0.30,0.12,0.05,5.00,0.00
0860,（その他）　ミックスベジタブル　冷凍　油いため,108.00,3.30,4.90,15.70,360.00,0.00,1.00,0.14,0.07,6.00,0.10
0861,（その他）　野菜ミックスジュース　通常タイプ,21.00,0.80,0.10,4.70,77.00,0.00,1.00,0.03,0.02,2.00,0.00
0862,（その他）　野菜ミックスジュース　濃縮タイプ,36.00,1.00,0.30,7.80,400.00,0.00,1.20,0.05,0.04,37.00,0.10
0863,あけび　果肉　生,89.00,0.50,0.10,22.00,0.00,0.00,0.20,0.07,0.03,65.00,0.00
0864,あけび　果皮　生,32.00,0.30,0.30,8.60,0.00,0.00,0.60,0.03,0.06,9.00,0.00
0865,アサイー　冷凍　無糖,62.00,0.90,5.30,5.00,34.00,0.00,3.70,0.03,0.06,1.00,0.00
0866,アセロラ　酸味種　生,36.00,0.70,0.10,9.00,31.00,0.00,0.70,0.03,0.04,"1,700.00",0.00
0867,アセロラ　甘味種　生,36.00,0.70,0.10,9.00,31.00,0.00,0.70,0.03,0.04,800.00,0.00
0868,アセロラ　果実飲料　10%果汁入り飲料,42.00,0.10,0.00,10.50,3.00,0.00,0.10,0.00,0.00,120.00,0.00
0869,アテモヤ　生,81.00,1.80,0.40,19.40,0.00,0.00,0.20,0.08,0.12,14.00,0.00
0870,アボカド　生,176.00,2.10,17.50,7.90,7.00,0.00,3.30,0.09,0.20,12.00,0.00
0871,あんず　生,37.00,1.00,0.30,8.50,120.00,0.00,1.70,0.02,0.02,3.00,0.00
0872,あんず　乾,296.00,9.20,0.40,70.40,410.00,0.00,1.40,0.00,0.03,0.00,0.00
0873,あんず　缶詰,79.00,0.50,0.40,18.90,46.00,0.00,0.90,0.01,0.01,0.00,0.00
0874,あんず　ジャム　高糖度,252.00,0.30,0.10,64.90,39.00,0.00,0.40,0.01,0.00,0.00,0.00
0875,あんず　ジャム　低糖度,202.00,0.40,0.10,50.50,58.00,0.00,0.50,0.01,0.01,0.00,0.00
0876,いちご　生,31.00,0.90,0.10,8.50,1.00,0.00,0.40,0.03,0.02,62.00,0.00
0877,いちご　ジャム　高糖度,250.00,0.40,0.10,63.30,0.00,0.00,0.10,0.01,0.01,9.00,0.00
0878,いちご　ジャム　低糖度,194.00,0.50,0.10,48.40,0.00,0.00,0.20,0.01,0.01,10.00,0.00
0879,いちご　乾,329.00,0.50,0.20,82.80,2.00,0.00,0.70,0.00,0.00,0.00,0.70
0880,いちじく　生,57.00,0.60,0.10,14.30,1.00,0.00,0.40,0.03,0.03,2.00,0.00
0881,いちじく　乾,272.00,3.00,1.10,75.30,4.00,0.00,0.60,0.10,0.06,0.00,0.20
0882,いちじく　缶詰,78.00,0.50,0.10,19.40,0.00,0.00,0.20,0.02,0.02,0.00,0.00
0883,うめ　生,33.00,0.70,0.50,7.90,20.00,0.00,3.30,0.03,0.05,6.00,0.00
0884,うめ　梅漬　塩漬,27.00,0.70,0.40,6.70,1.00,0.00,1.40,0.02,0.04,0.00,19.30
0885,うめ　梅漬　調味漬,45.00,1.50,0.50,10.50,2.00,0.00,0.20,0.03,0.03,0.00,6.90
0886,うめ　梅干し　塩漬,29.00,0.90,0.70,8.60,1.00,0.00,0.20,0.02,0.01,0.00,18.20
0887,うめ　梅干し　調味漬,90.00,1.50,0.60,21.10,0.00,0.00,0.20,0.01,0.01,0.00,7.60
0888,うめ　梅びしお,196.00,0.70,0.50,48.10,0.00,0.00,0.10,0.03,0.03,0.00,7.90
0889,うめ　果実飲料　20%果汁入り飲料,49.00,0.00,0.00,12.30,0.00,0.00,0.10,0.00,0.00,0.00,0.10
0890,オリーブ　塩漬　グリーンオリーブ,148.00,1.00,15.00,4.50,38.00,0.00,5.50,0.01,0.02,12.00,3.60
0891,オリーブ　塩漬　ブラックオリーブ,121.00,0.80,12.30,3.40,0.00,0.00,4.60,0.05,0.06,0.00,1.60
0892,オリーブ　塩漬　スタッフドオリーブ,141.00,0.80,14.30,4.20,44.00,0.00,5.30,0.01,0.01,11.00,5.10
0893,かき　甘がき　生,63.00,0.40,0.20,15.90,35.00,0.00,0.10,0.03,0.02,70.00,0.00
0894,かき　渋抜きがき　生,59.00,0.50,0.10,16.90,25.00,0.00,0.20,0.02,0.02,55.00,0.00
0895,かき　干しがき,274.00,1.50,1.70,71.30,120.00,0.00,0.40,0.02,0.00,2.00,0.00
0896,かりん　生,58.00,0.40,0.10,18.30,11.00,0.00,0.60,0.01,0.03,25.00,0.00
0897,（かんきつ類）　いよかん　砂じょう　生,50.00,0.90,0.10,11.80,13.00,0.00,0.10,0.06,0.03,35.00,0.00
0898,（かんきつ類）　うんしゅうみかん　じょうのう　早生　生,49.00,0.50,0.10,11.90,87.00,0.00,0.40,0.07,0.04,35.00,0.00
0899,（かんきつ類）　うんしゅうみかん　じょうのう　普通　生,49.00,0.70,0.10,12.00,84.00,0.00,0.40,0.10,0.03,32.00,0.00
0900,（かんきつ類）　うんしゅうみかん　砂じょう　早生　生,47.00,0.50,0.10,11.30,92.00,0.00,0.40,0.07,0.03,35.00,0.00
0901,（かんきつ類）　うんしゅうみかん　砂じょう　普通　生,49.00,0.70,0.10,11.50,92.00,0.00,0.40,0.09,0.03,33.00,0.00
0902,（かんきつ類）　うんしゅうみかん　果実飲料　ストレートジュース,45.00,0.50,0.10,10.60,35.00,0.00,0.20,0.06,0.01,29.00,0.00
0903,（かんきつ類）　うんしゅうみかん　果実飲料　濃縮還元ジュース,42.00,0.50,0.10,9.90,51.00,0.00,0.20,0.06,0.04,30.00,0.00
0904,（かんきつ類）　うんしゅうみかん　果実飲料　果粒入りジュース,53.00,0.20,0.00,13.00,18.00,0.00,0.10,0.02,0.01,12.00,0.00
0905,（かんきつ類）　うんしゅうみかん　果実飲料　50%果汁入り飲料,59.00,0.20,0.00,14.70,23.00,0.00,0.10,0.03,0.01,18.00,0.00
0906,（かんきつ類）　うんしゅうみかん　果実飲料　20%果汁入り飲料,50.00,0.10,0.00,12.40,10.00,0.00,0.10,0.01,0.01,7.00,0.00
0907,（かんきつ類）　うんしゅうみかん　缶詰　果肉,63.00,0.50,0.10,15.30,34.00,0.00,0.50,0.05,0.02,15.00,0.00
0908,（かんきつ類）　うんしゅうみかん　缶詰　液汁,63.00,0.30,0.10,15.30,0.00,0.00,0.00,0.04,0.02,15.00,0.00
0909,（かんきつ類）　オレンジ　ネーブル　砂じょう　生,48.00,0.90,0.10,11.80,11.00,0.00,0.30,0.07,0.04,60.00,0.00
0910,（かんきつ類）　オレンジ　バレンシア　米国産　砂じょう　生,42.00,1.00,0.10,9.80,10.00,0.00,0.30,0.10,0.03,40.00,0.00
0911,（かんきつ類）　オレンジ　バレンシア　果実飲料　ストレートジュース,45.00,0.80,0.00,11.00,3.00,0.00,0.20,0.07,0.01,22.00,0.00
0912,（かんきつ類）　オレンジ　バレンシア　果実飲料　濃縮還元ジュース,46.00,0.70,0.10,10.70,4.00,0.00,0.30,0.07,0.02,42.00,0.00
0913,（かんきつ類）　オレンジ　バレンシア　果実飲料　50%果汁入り飲料,46.00,0.40,0.20,10.80,1.00,0.00,0.10,0.04,0.01,16.00,0.00
0914,（かんきつ類）　オレンジ　バレンシア　果実飲料　30%果汁入り飲料,41.00,0.20,0.00,10.00,0.00,0.00,0.10,0.02,0.01,10.00,0.00
0915,（かんきつ類）　オレンジ　バレンシア　マーマレード　高糖度,233.00,0.20,0.10,63.20,2.00,0.00,0.30,0.01,0.00,5.00,0.00
0916,（かんきつ類）　オレンジ　バレンシア　マーマレード　低糖度,190.00,0.30,0.10,47.70,5.00,0.00,0.40,0.01,0.00,4.00,0.00
0917,（かんきつ類）　オレンジ　福原オレンジ　砂じょう　生,43.00,1.00,0.10,9.80,10.00,0.00,0.30,0.10,0.03,60.00,0.00
0918,（かんきつ類）　オロブランコ　砂じょう　生,43.00,0.80,0.10,10.10,0.00,0.00,0.30,0.09,0.02,38.00,0.00
0919,（かんきつ類）　かぼす　果汁　生,36.00,0.40,0.10,8.50,1.00,0.00,0.10,0.02,0.02,42.00,0.00
0920,（かんきつ類）　かわちばんかん　砂じょう　生,38.00,0.70,0.20,8.80,4.00,0.00,0.20,0.06,0.02,36.00,0.00
0921,（かんきつ類）　きよみ　砂じょう　生,45.00,0.80,0.20,10.30,45.00,0.00,0.30,0.10,0.02,42.00,0.00
0922,（かんきつ類）　きんかん　全果　生,67.00,0.50,0.70,17.50,11.00,0.00,2.60,0.10,0.06,49.00,0.00
0923,（かんきつ類）　グレープフルーツ　白肉種　砂じょう　生,40.00,0.90,0.10,9.60,0.00,0.00,0.30,0.07,0.03,36.00,0.00
0924,（かんきつ類）　グレープフルーツ　紅肉種　砂じょう　生,40.00,0.90,0.10,9.60,34.00,0.00,0.30,0.07,0.03,36.00,0.00
0925,（かんきつ類）　グレープフルーツ　果実飲料　ストレートジュース,44.00,0.60,0.10,10.30,0.00,0.00,0.20,0.04,0.01,38.00,0.00
0926,（かんきつ類）　グレープフルーツ　果実飲料　濃縮還元ジュース,38.00,0.70,0.10,8.80,10.00,0.00,0.20,0.06,0.02,53.00,0.00
0927,（かんきつ類）　グレープフルーツ　果実飲料　50%果汁入り飲料,45.00,0.30,0.00,11.10,0.00,0.00,0.10,0.02,0.00,19.00,0.00
0928,（かんきつ類）　グレープフルーツ　果実飲料　20%果汁入り飲料,39.00,0.10,0.00,9.70,0.00,0.00,0.20,0.00,0.00,8.00,0.00
0929,（かんきつ類）　グレープフルーツ　缶詰,60.00,0.50,0.00,17.10,0.00,0.00,0.10,0.03,0.00,26.00,0.00
0930,（かんきつ類）　さんぼうかん　砂じょう　生,47.00,0.70,0.30,10.90,4.00,0.00,0.20,0.07,0.03,39.00,0.00
0931,（かんきつ類）　シークヮーサー　果汁　生,35.00,0.80,0.10,7.90,7.00,0.00,0.50,0.08,0.03,11.00,0.00
0932,（かんきつ類）　シークヮーサー　果実飲料　10%果汁入り飲料,48.00,0.10,0.00,11.80,1.00,0.00,0.10,0.00,0.00,2.00,0.00
0933,（かんきつ類）　しらぬひ　砂じょう　生,56.00,0.80,0.20,12.90,30.00,0.00,0.30,0.09,0.03,48.00,0.00
0934,（かんきつ類）　すだち　果皮　生,55.00,1.80,0.30,16.40,44.00,0.00,5.20,0.04,0.09,110.00,0.00
0935,（かんきつ類）　すだち　果汁　生,29.00,0.50,0.10,6.60,0.00,0.00,0.30,0.03,0.02,40.00,0.00
0936,（かんきつ類）　せとか　砂じょう　生,50.00,0.80,0.20,11.70,77.00,0.00,0.40,0.08,0.03,57.00,0.00
0937,（かんきつ類）　セミノール　砂じょう　生,53.00,1.10,0.10,12.40,89.00,0.00,0.30,0.01,0.04,41.00,0.00
0938,（かんきつ類）　だいだい　果汁　生,35.00,0.30,0.20,8.00,2.00,0.00,0.10,0.03,0.02,35.00,0.00
0939,（かんきつ類）　なつみかん　砂じょう　生,42.00,0.90,0.10,10.00,7.00,0.00,0.30,0.08,0.03,38.00,0.00
0940,（かんきつ類）　なつみかん　缶詰,80.00,0.50,0.10,19.40,1.00,0.00,0.20,0.04,0.00,14.00,0.00
0941,（かんきつ類）　はっさく　砂じょう　生,47.00,0.80,0.10,11.50,9.00,0.00,0.30,0.06,0.03,40.00,0.00
0942,（かんきつ類）　はるみ　砂じょう　生,52.00,0.90,0.20,12.10,57.00,0.00,0.30,0.11,0.02,40.00,0.00
0943,（かんきつ類）　ひゅうがなつ　じょうのう及びアルベド　生,46.00,0.60,0.10,11.70,1.00,0.00,0.30,0.05,0.03,26.00,0.00
0944,（かんきつ類）　ひゅうがなつ　砂じょう　生,35.00,0.60,0.10,8.30,1.00,0.00,0.10,0.06,0.03,21.00,0.00
0945,（かんきつ類）　ぶんたん　砂じょう　生,41.00,0.70,0.10,9.80,1.00,0.00,0.50,0.03,0.04,45.00,0.00
0946,（かんきつ類）　ぶんたん　ざぼん漬,338.00,0.20,0.10,85.50,0.00,0.00,0.10,0.00,0.02,0.00,0.00
0947,（かんきつ類）　ぽんかん　砂じょう　生,42.00,0.90,0.10,9.90,52.00,0.00,0.20,0.08,0.04,40.00,0.00
0948,（かんきつ類）　ゆず　果皮　生,50.00,1.20,0.50,14.20,20.00,0.00,3.40,0.07,0.10,160.00,0.00
0949,（かんきつ類）　ゆず　果汁　生,30.00,0.50,0.10,7.00,1.00,0.00,0.20,0.05,0.02,40.00,0.00
0950,（かんきつ類）　ライム　果汁　生,39.00,0.40,0.10,9.30,0.00,0.00,0.20,0.03,0.02,33.00,0.00
0951,（かんきつ類）　レモン　全果　生,43.00,0.90,0.70,12.50,2.00,0.00,1.60,0.07,0.07,100.00,0.00
0952,（かんきつ類）　レモン　果汁　生,24.00,0.40,0.20,8.60,1.00,0.00,0.10,0.04,0.02,50.00,0.00
0953,キウイフルーツ　緑肉種　生,51.00,1.00,0.20,13.40,4.00,0.00,1.30,0.01,0.02,71.00,0.00
0954,キウイフルーツ　黄肉種　生,63.00,1.10,0.20,14.90,3.00,0.00,2.50,0.02,0.02,140.00,0.00
0955,きはだ　実　乾,378.00,7.30,9.80,65.10,5.00,0.00,1.30,0.17,0.18,0.00,0.00
0956,キワノ　生,41.00,1.50,0.90,8.00,3.00,0.00,0.70,0.03,0.01,2.00,0.00
0957,グァバ　赤肉種　生,33.00,0.60,0.10,9.90,50.00,0.00,0.30,0.03,0.04,220.00,0.00
0958,グァバ　白肉種　生,33.00,0.60,0.10,9.90,0.00,0.00,0.30,0.03,0.04,220.00,0.00
0959,グァバ　果実飲料　20%果汁入り飲料　（ネクター）,49.00,0.10,0.10,12.30,2.00,0.00,0.10,0.00,0.01,19.00,0.00
0960,グァバ　果実飲料　10%果汁入り飲料,50.00,0.10,0.10,12.30,1.00,0.00,0.00,0.00,0.00,9.00,0.00
0961,くこ　実　乾,387.00,12.30,4.10,75.30,250.00,0.00,5.70,0.28,0.40,9.00,1.30
0962,ぐみ　生,72.00,1.30,0.20,17.20,32.00,0.00,2.20,0.01,0.04,5.00,0.00
0963,ココナッツ　ココナッツウォーター,22.00,0.20,0.10,5.00,0.00,0.00,0.00,0.01,0.01,2.00,0.00
0964,ココナッツ　ココナッツミルク,157.00,1.90,16.00,2.80,0.00,0.00,0.00,0.01,0.00,0.00,0.00
0965,ココナッツ　ナタデココ,80.00,0.00,0.00,20.20,0.00,0.00,0.00,0.00,0.00,0.00,0.00
0966,さくらんぼ　国産　生,64.00,1.00,0.20,15.20,8.00,0.00,0.50,0.03,0.03,10.00,0.00
0967,さくらんぼ　米国産　生,64.00,1.20,0.10,17.10,2.00,0.00,0.50,0.03,0.03,9.00,0.00
0968,さくらんぼ　米国産　缶詰,70.00,0.60,0.10,17.60,3.00,0.00,0.50,0.01,0.01,7.00,0.00
0969,ざくろ　生,63.00,0.20,0.00,15.50,0.00,0.00,0.10,0.01,0.01,10.00,0.00
0970,すいか　赤肉種　生,41.00,0.60,0.10,9.50,69.00,0.00,0.10,0.03,0.02,10.00,0.00
0971,すいか　黄肉種　生,41.00,0.60,0.10,9.50,1.00,0.00,0.10,0.03,0.02,10.00,0.00
097101,（すぐり類）　赤すぐり　冷凍,43.00,0.80,0.30,12.20,1.00,0.00,1.00,0.03,0.01,33.00,0.00
0972,（すぐり類）　カシス　冷凍,62.00,1.60,1.60,13.40,9.00,0.00,2.10,0.03,0.03,0.00,0.00
0973,（すぐり類）　グーズベリー　生,51.00,1.00,0.10,13.20,10.00,0.00,1.00,0.02,0.02,22.00,0.00
0974,スターフルーツ　生,30.00,0.70,0.10,7.50,6.00,0.00,0.20,0.03,0.02,12.00,0.00
0975,（すもも類）　にほんすもも　生,46.00,0.60,1.00,9.40,7.00,0.00,0.60,0.02,0.02,4.00,0.00
0976,（すもも類）　プルーン　生,49.00,0.70,0.10,12.60,40.00,0.00,1.30,0.03,0.03,4.00,0.00
0977,（すもも類）　プルーン　乾,211.00,2.40,0.20,62.30,100.00,0.00,1.30,0.07,0.07,0.00,0.00
0978,チェリモヤ　生,82.00,1.30,0.30,19.80,0.00,0.00,0.20,0.09,0.09,34.00,0.00
0979,ドラゴンフルーツ　生,52.00,1.40,0.30,11.80,0.00,0.00,0.40,0.08,0.06,7.00,0.00
0980,ドリアン　生,140.00,2.30,3.30,27.10,3.00,0.00,2.30,0.33,0.20,31.00,0.00
0981,（なし類）　日本なし　生,38.00,0.30,0.10,11.30,0.00,0.00,0.10,0.02,0.00,3.00,0.00
0982,（なし類）　日本なし　缶詰,76.00,0.10,0.10,19.10,0.00,0.00,0.10,0.00,0.00,0.00,0.00
0983,（なし類）　中国なし　生,49.00,0.20,0.10,12.70,0.00,0.00,0.20,0.02,0.01,6.00,0.00
0984,（なし類）　西洋なし　生,48.00,0.30,0.10,14.40,0.00,0.00,0.30,0.02,0.01,3.00,0.00
0985,（なし類）　西洋なし　缶詰,79.00,0.20,0.10,20.70,0.00,0.00,0.20,0.01,0.02,0.00,0.00
0986,なつめ　乾,294.00,3.90,2.00,71.40,1.00,0.00,0.10,0.10,0.21,1.00,0.00
0987,なつめやし　乾,281.00,2.20,0.20,71.30,13.00,0.00,1.40,0.07,0.04,0.00,0.00
0988,パインアップル　生,54.00,0.60,0.10,13.70,3.00,0.00,0.00,0.09,0.02,35.00,0.00
0989,パインアップル　焼き,74.00,0.90,0.20,20.10,4.00,0.00,0.10,0.11,0.02,41.00,0.00
0990,パインアップル　果実飲料　ストレートジュース,46.00,0.30,0.10,11.00,1.00,0.00,0.00,0.04,0.01,6.00,0.00
0991,パインアップル　果実飲料　濃縮還元ジュース,45.00,0.10,0.10,11.10,1.00,0.00,0.00,0.05,0.02,5.00,0.00
0992,パインアップル　果実飲料　50%果汁入り飲料,50.00,0.30,0.10,12.10,0.00,0.00,0.00,0.03,0.01,3.00,0.00
0993,パインアップル　果実飲料　10%果汁入り飲料,50.00,0.00,0.00,12.40,0.00,0.00,0.00,0.00,0.00,0.00,0.00
0994,パインアップル　缶詰,76.00,0.40,0.10,20.30,1.00,0.00,0.00,0.07,0.01,7.00,0.00
0995,パインアップル　砂糖漬,349.00,0.50,0.20,86.80,1.00,0.00,0.10,0.00,0.02,0.00,0.10
0996,ハスカップ　生,55.00,0.70,0.60,12.80,11.00,0.00,1.10,0.02,0.03,44.00,0.00
0997,パッションフルーツ　果汁　生,67.00,0.80,0.40,16.20,89.00,0.00,0.20,0.01,0.09,16.00,0.00
0998,バナナ　生,93.00,1.10,0.20,22.50,5.00,0.00,0.50,0.05,0.04,16.00,0.00
0999,バナナ　乾,314.00,3.80,0.40,78.50,70.00,0.00,1.40,0.07,0.12,0.00,0.00
1000,パパイア　完熟　生,33.00,0.50,0.20,9.50,40.00,0.00,0.30,0.02,0.04,50.00,0.00
1001,パパイア　未熟　生,35.00,1.30,0.10,9.40,10.00,0.00,0.10,0.03,0.04,45.00,0.00
1002,びわ　生,41.00,0.30,0.10,10.60,68.00,0.00,0.10,0.02,0.03,5.00,0.00
1003,びわ　缶詰,80.00,0.30,0.10,19.80,39.00,0.00,0.20,0.01,0.01,0.00,0.00
1004,ぶどう　皮なし　生,58.00,0.40,0.10,15.70,2.00,0.00,0.10,0.04,0.01,2.00,0.00
1005,ぶどう　皮つき　生,69.00,0.60,0.20,16.90,3.00,0.00,0.40,0.05,0.01,3.00,0.00
100501,ぶどう　皮つき　シャインマスカット　生,61.00,0.70,0.20,16.10,3.00,0.00,0.50,0.05,0.01,2.00,0.00
1006,ぶどう　干しぶどう,324.00,2.70,0.20,80.30,1.00,0.00,0.50,0.12,0.03,0.00,0.00
1007,ぶどう　果実飲料　ストレートジュース,54.00,0.30,0.20,14.30,0.00,0.00,0.00,0.02,0.01,0.00,0.00
1008,ぶどう　果実飲料　濃縮還元ジュース,46.00,0.30,0.30,12.00,0.00,0.00,0.00,0.02,0.00,0.00,0.00
1009,ぶどう　果実飲料　70%果汁入り飲料,52.00,0.20,0.00,12.90,0.00,0.00,0.00,0.00,0.00,0.00,0.00
1010,ぶどう　果実飲料　10%果汁入り飲料,52.00,0.00,0.00,13.10,0.00,0.00,0.00,0.00,0.00,0.00,0.00
1011,ぶどう　缶詰,83.00,0.40,0.10,20.40,1.00,0.00,0.20,0.02,0.01,0.00,0.00
1012,ぶどう　ジャム,189.00,0.50,0.10,47.50,0.00,0.00,0.20,0.02,0.01,0.00,0.00
1013,ブルーベリー　生,48.00,0.50,0.10,12.90,5.00,0.00,1.70,0.03,0.03,9.00,0.00
1014,ブルーベリー　ジャム,174.00,0.70,0.30,43.80,2.00,0.00,1.90,0.03,0.02,3.00,0.00
1015,ブルーベリー　乾,280.00,2.70,1.90,72.50,7.00,0.00,5.10,0.12,0.10,0.00,0.00
1016,ホワイトサポテ　生,73.00,1.50,0.10,18.90,1.00,0.00,0.40,0.05,0.05,18.00,0.00
1017,まくわうり　黄肉種　生,34.00,0.80,0.10,7.80,15.00,0.00,0.10,0.03,0.03,30.00,0.00
1018,まくわうり　白肉種　生,34.00,0.80,0.10,7.80,0.00,0.00,0.10,0.03,0.03,30.00,0.00
1019,マルメロ　生,48.00,0.30,0.10,15.10,4.00,0.00,1.00,0.02,0.02,18.00,0.00
1020,マンゴー　生,68.00,0.60,0.10,16.90,51.00,0.00,1.80,0.04,0.06,20.00,0.00
1021,マンゴー　ドライマンゴー,339.00,3.10,0.70,84.90,500.00,0.00,6.80,0.27,0.21,69.00,0.00
1022,マンゴスチン　生,71.00,0.60,0.20,17.50,0.00,0.00,0.60,0.11,0.03,3.00,0.00
1023,メロン　温室メロン　生,40.00,1.10,0.10,10.30,3.00,0.00,0.20,0.06,0.02,18.00,0.00
1024,メロン　露地メロン　緑肉種　生,45.00,1.00,0.10,10.40,12.00,0.00,0.20,0.05,0.02,25.00,0.00
1025,メロン　露地メロン　赤肉種　生,45.00,1.00,0.10,10.40,300.00,0.00,0.20,0.05,0.02,25.00,0.00
1026,（もも類）　もも　白肉種　生,38.00,0.60,0.10,10.20,0.00,0.00,0.70,0.01,0.01,8.00,0.00
1027,（もも類）　もも　黄肉種　生,48.00,0.50,0.20,13.40,17.00,0.00,1.30,0.02,0.02,6.00,0.00
1028,（もも類）　もも　果実飲料　30%果汁入り飲料　（ネクター）,46.00,0.20,0.10,11.60,0.00,0.00,0.40,0.00,0.01,2.00,0.00
1029,（もも類）　もも　缶詰　白肉種　果肉,82.00,0.50,0.10,20.60,0.00,0.00,1.20,0.01,0.02,2.00,0.00
1030,（もも類）　もも　缶詰　黄肉種　果肉,83.00,0.50,0.10,20.60,17.00,0.00,1.20,0.01,0.02,2.00,0.00
1031,（もも類）　もも　缶詰　液汁,81.00,0.30,0.10,19.80,0.00,0.00,0.00,0.01,0.01,2.00,0.00
1032,（もも類）　ネクタリン　生,39.00,0.70,0.30,10.70,20.00,0.00,1.40,0.02,0.03,10.00,0.00
1033,やまもも　生,47.00,0.50,0.20,11.30,2.00,0.00,0.30,0.04,0.03,4.00,0.00
1034,ライチー　生,61.00,1.00,0.10,16.40,0.00,0.00,0.10,0.02,0.06,36.00,0.00
1035,ラズベリー　生,36.00,1.10,0.10,10.20,2.00,0.00,0.80,0.02,0.04,22.00,0.00
1036,りゅうがん　乾,310.00,5.10,0.40,72.90,0.00,0.00,0.10,0.03,0.74,0.00,0.00
1037,りんご　皮なし　生,53.00,0.10,0.20,15.50,1.00,0.00,0.10,0.02,0.00,4.00,0.00
1038,りんご　皮つき　生,56.00,0.20,0.30,16.20,2.00,0.00,0.40,0.02,0.01,6.00,0.00
1039,りんご　皮つき　焼き,86.00,0.20,0.40,21.90,3.00,0.00,0.70,0.03,0.01,7.00,0.00
1040,りんご　果実飲料　ストレートジュース,43.00,0.20,0.10,11.80,0.00,0.00,0.10,0.01,0.01,3.00,0.00
1041,りんご　果実飲料　濃縮還元ジュース,47.00,0.10,0.20,11.40,0.00,0.00,0.10,0.00,0.00,1.00,0.00
1042,りんご　果実飲料　50%果汁入り飲料,46.00,0.10,0.00,11.50,0.00,0.00,0.00,0.00,0.00,0.00,0.00
1043,りんご　果実飲料　30%果汁入り飲料,46.00,0.00,0.00,11.40,0.00,0.00,0.00,0.00,0.00,0.00,0.00
1044,りんご　缶詰,81.00,0.30,0.10,20.10,1.00,0.00,0.10,0.01,0.01,0.00,0.00
1045,りんご　ジャム,203.00,0.20,0.10,52.70,0.00,0.00,0.10,0.01,0.00,0.00,0.00
1046,えのきたけ　生,34.00,2.70,0.20,7.60,0.00,0.90,0.00,0.24,0.17,0.00,0.00
1047,えのきたけ　ゆで,34.00,2.80,0.10,7.80,0.00,0.80,0.00,0.19,0.13,0.00,0.00
1048,えのきたけ　油いため,71.00,3.00,3.90,8.80,0.00,0.80,0.60,0.26,0.18,0.00,0.00
1049,えのきたけ　味付け瓶詰,76.00,3.60,0.30,16.90,0.00,0.10,0.00,0.26,0.17,0.00,4.30
1050,（きくらげ類）　あらげきくらげ　生,14.00,0.70,0.10,5.40,0.00,0.10,0.00,0.00,0.05,0.00,0.00
1051,（きくらげ類）　あらげきくらげ　乾,184.00,6.90,0.70,77.00,0.00,130.00,0.00,0.01,0.44,0.00,0.10
1052,（きくらげ類）　あらげきくらげ　ゆで,38.00,1.20,0.10,16.10,0.00,25.00,0.00,0.00,0.07,0.00,0.00
1053,（きくらげ類）　あらげきくらげ　油いため,110.00,2.30,5.20,27.80,0.00,38.00,0.80,0.00,0.11,0.00,0.00
1054,（きくらげ類）　きくらげ　乾,216.00,7.90,2.10,71.10,0.00,85.00,0.00,0.19,0.87,0.00,0.10
1055,（きくらげ類）　きくらげ　ゆで,14.00,0.60,0.20,5.20,0.00,8.80,0.00,0.01,0.06,0.00,0.00
1056,（きくらげ類）　しろきくらげ　乾,170.00,4.90,0.70,74.50,0.00,15.00,0.00,0.12,0.70,0.00,0.10
1057,（きくらげ類）　しろきくらげ　ゆで,15.00,0.40,0.00,6.70,0.00,1.20,0.00,0.00,0.05,0.00,0.00
1058,くろあわびたけ　生,28.00,3.70,0.40,4.90,0.00,0.30,0.00,0.21,0.22,0.00,0.00
1059,しいたけ　生しいたけ　菌床栽培　生,25.00,3.10,0.30,6.40,0.00,0.30,0.00,0.13,0.21,0.00,0.00
1060,しいたけ　生しいたけ　菌床栽培　ゆで,22.00,2.50,0.40,5.10,0.00,0.50,0.00,0.08,0.11,0.00,0.00
1061,しいたけ　生しいたけ　菌床栽培　油いため,65.00,3.30,4.10,7.30,0.00,0.50,0.60,0.16,0.18,0.00,0.00
1062,しいたけ　生しいたけ　菌床栽培　天ぷら,201.00,3.40,14.00,17.80,1.00,0.30,2.40,0.11,0.18,0.00,0.10
1063,しいたけ　生しいたけ　原木栽培　生,34.00,3.10,0.40,7.60,0.00,0.40,0.00,0.13,0.22,0.00,0.00
1064,しいたけ　生しいたけ　原木栽培　ゆで,27.00,2.40,0.40,5.90,0.00,0.40,0.00,0.06,0.12,0.00,0.00
1065,しいたけ　生しいたけ　原木栽培　油いため,84.00,3.80,5.40,8.80,0.00,0.50,0.80,0.14,0.26,0.00,0.00
1066,しいたけ　乾しいたけ　乾,258.00,21.20,2.80,62.50,0.00,17.00,0.00,0.48,1.74,20.00,0.00
1067,しいたけ　乾しいたけ　ゆで,40.00,3.10,0.30,9.90,0.00,1.40,0.00,0.05,0.26,0.00,0.00
1068,しいたけ　乾しいたけ　甘煮,116.00,3.30,0.40,28.90,0.00,0.20,0.00,0.01,0.06,4.00,2.60
1069,（しめじ類）　はたけしめじ　生,25.00,2.60,0.30,4.50,0.00,0.90,0.00,0.12,0.44,0.00,0.00
1070,（しめじ類）　はたけしめじ　ゆで,25.00,2.60,0.30,5.10,0.00,1.10,0.00,0.08,0.28,0.00,0.00
1071,（しめじ類）　ぶなしめじ　生,26.00,2.70,0.50,4.80,0.00,0.50,0.00,0.15,0.17,0.00,0.00
1072,（しめじ類）　ぶなしめじ　ゆで,22.00,2.70,0.20,5.20,0.00,0.90,0.00,0.12,0.10,0.00,0.00
1073,（しめじ類）　ぶなしめじ　油いため,65.00,3.00,5.50,4.80,0.00,0.50,0.60,0.17,0.19,0.00,0.00
1074,（しめじ類）　ぶなしめじ　素揚げ,168.00,3.90,14.30,10.10,0.00,0.40,2.80,0.20,0.26,0.00,0.00
1075,（しめじ類）　ぶなしめじ　天ぷら,248.00,3.40,17.10,23.20,2.00,0.20,3.00,0.09,0.18,0.00,0.10
1076,（しめじ類）　ほんしめじ　生,21.00,2.50,0.40,2.80,0.00,0.60,0.00,0.07,0.28,0.00,0.00
1077,（しめじ類）　ほんしめじ　ゆで,26.00,2.80,0.60,4.10,0.00,1.20,0.00,0.06,0.17,0.00,0.00
1078,たもぎたけ　生,23.00,3.60,0.30,3.70,0.00,0.80,0.00,0.17,0.33,0.00,0.00
1079,なめこ　株採り　生,21.00,1.80,0.20,5.40,0.00,0.00,0.00,0.07,0.12,0.00,0.00
1080,なめこ　株採り　ゆで,22.00,1.60,0.10,5.10,0.00,0.00,0.00,0.06,0.10,0.00,0.00
1081,なめこ　カットなめこ　生,14.00,1.10,0.10,3.60,0.00,0.00,0.00,0.03,0.08,0.00,0.00
1082,なめこ　水煮缶詰,13.00,1.00,0.10,3.20,0.00,0.10,0.00,0.03,0.07,0.00,0.00
1083,ぬめりすぎたけ　生,23.00,2.30,0.40,4.10,0.00,0.40,0.00,0.16,0.34,1.00,0.00
1084,（ひらたけ類）　うすひらたけ　生,37.00,6.10,0.20,4.80,0.00,2.40,0.00,0.30,0.41,0.00,0.00
1085,（ひらたけ類）　エリンギ　生,31.00,2.80,0.40,6.00,0.00,1.20,0.00,0.11,0.22,0.00,0.00
1086,（ひらたけ類）　エリンギ　ゆで,32.00,3.20,0.50,6.50,0.00,2.60,0.00,0.08,0.16,0.00,0.00
1087,（ひらたけ類）　エリンギ　焼き,41.00,4.20,0.50,9.10,0.00,3.10,0.00,0.18,0.31,0.00,0.00
1088,（ひらたけ類）　エリンギ　油いため,69.00,3.20,3.70,8.10,0.00,1.40,0.50,0.13,0.24,0.00,0.00
1089,（ひらたけ類）　ひらたけ　生,34.00,3.30,0.30,6.20,0.00,0.30,0.00,0.40,0.40,0.00,0.00
1090,（ひらたけ類）　ひらたけ　ゆで,33.00,3.40,0.20,6.60,0.00,0.50,0.00,0.30,0.27,0.00,0.00
1091,まいたけ　生,22.00,2.00,0.50,4.40,0.00,4.90,0.00,0.09,0.19,0.00,0.00
1092,まいたけ　ゆで,27.00,1.60,0.50,6.40,0.00,5.90,0.00,0.04,0.07,0.00,0.00
1093,まいたけ　油いため,67.00,2.60,4.40,6.80,0.00,7.70,0.60,0.11,0.21,0.00,0.00
1094,まいたけ　乾,273.00,21.90,3.90,59.90,0.00,20.00,0.00,1.24,1.92,0.00,0.00
1095,マッシュルーム　生,15.00,2.90,0.30,2.10,0.00,0.30,0.00,0.06,0.29,0.00,0.00
1096,マッシュルーム　ゆで,20.00,3.80,0.20,3.70,0.00,0.50,0.00,0.05,0.28,0.00,0.00
1097,マッシュルーム　油いため,57.00,3.60,4.50,4.50,0.00,0.80,0.60,0.08,0.38,0.00,0.00
109701,マッシュルーム　ブラウン種　生,18.00,3.20,0.40,2.90,0.00,0.00,0.00,0.12,0.47,0.00,0.00
1098,マッシュルーム　水煮缶詰,18.00,3.40,0.20,3.30,0.00,0.40,0.00,0.03,0.24,0.00,0.90
1099,まつたけ　生,32.00,2.00,0.60,8.20,0.00,0.60,0.00,0.10,0.10,0.00,0.00
1100,やなぎまつたけ　生,20.00,2.40,0.10,4.00,0.00,0.40,0.00,0.27,0.34,0.00,0.00
1101,あおさ　素干し,201.00,22.10,0.60,41.70,220.00,0.00,1.10,0.07,0.48,25.00,9.90
1102,あおのり　素干し,249.00,29.40,5.20,41.00,"1,700.00",0.00,2.50,0.92,1.66,62.00,8.10
1103,あまのり　ほしのり,276.00,39.40,3.70,38.70,"3,600.00",0.00,4.30,1.21,2.68,160.00,1.50
1104,あまのり　焼きのり,297.00,41.40,3.70,44.30,"2,300.00",0.00,4.60,0.69,2.33,210.00,1.30
1105,あまのり　味付けのり,303.00,40.00,3.50,41.80,"2,700.00",0.00,3.70,0.61,2.31,200.00,4.30
1106,あらめ　蒸し干し,184.00,12.40,0.70,56.20,220.00,0.00,0.60,0.10,0.26,0.00,5.80
1107,いわのり　素干し,228.00,34.80,0.70,39.10,"2,300.00",0.00,4.20,0.57,2.07,3.00,5.30
1108,うみぶどう　生,6.00,0.50,0.10,1.20,10.00,0.00,0.20,0.00,0.01,0.00,0.80
1109,えごのり　素干し,179.00,9.00,0.10,62.20,1.00,0.00,0.40,0.04,0.29,0.00,6.10
1110,えごのり　おきうと,7.00,0.30,0.10,2.50,0.00,0.00,0.00,0.00,0.01,0.00,0.10
1111,おごのり　塩蔵　塩抜き,26.00,1.30,0.10,8.80,65.00,0.00,0.10,0.02,0.18,0.00,0.30
1112,かわのり　素干し,247.00,38.10,1.60,41.70,580.00,0.00,3.20,0.38,2.10,0.00,0.20
1113,（こんぶ類）　えながおにこんぶ　素干し,224.00,11.00,1.00,55.70,120.00,0.00,0.70,0.10,0.25,3.00,6.10
1114,（こんぶ類）　がごめこんぶ　素干し,216.00,7.90,0.50,62.10,98.00,0.00,0.60,0.21,0.32,0.00,7.60
1115,（こんぶ類）　ながこんぶ　素干し,205.00,8.30,1.50,58.50,65.00,0.00,0.30,0.19,0.41,20.00,7.60
1116,（こんぶ類）　ほそめこんぶ　素干し,227.00,6.90,1.70,62.90,150.00,0.00,1.50,0.06,0.28,25.00,6.10
1117,（こんぶ類）　まこんぶ　素干し　乾,170.00,5.80,1.30,64.30,130.00,0.00,2.60,0.26,0.31,29.00,6.60
1118,（こんぶ類）　まこんぶ　素干し　水煮,28.00,1.10,0.30,11.60,30.00,0.00,0.60,0.03,0.03,1.00,0.90
1119,（こんぶ類）　みついしこんぶ　素干し,235.00,7.70,1.90,64.70,230.00,0.00,1.30,0.40,0.60,10.00,7.60
1120,（こんぶ類）　りしりこんぶ　素干し,211.00,8.00,2.00,56.50,71.00,0.00,1.00,0.80,0.35,15.00,6.90
1121,（こんぶ類）　刻み昆布,119.00,5.40,0.50,50.20,5.00,0.00,0.30,0.15,0.33,0.00,10.90
1122,（こんぶ類）　削り昆布,177.00,6.50,0.90,50.20,64.00,0.00,0.80,0.33,0.28,19.00,5.30
1123,（こんぶ類）　塩昆布,193.00,16.90,0.40,37.00,33.00,0.00,0.40,0.04,0.23,0.00,18.00
1124,（こんぶ類）　つくだ煮,150.00,6.00,1.00,33.30,5.00,0.00,0.10,0.05,0.05,0.00,7.40
1125,すいぜんじのり　素干し　水戻し,10.00,1.50,0.00,2.10,9.00,0.00,0.10,0.02,0.01,0.00,0.00
1126,てんぐさ　素干し,194.00,16.10,1.00,53.80,17.00,0.00,0.20,0.08,0.83,0.00,4.80
1127,てんぐさ　ところてん,2.00,0.20,0.00,0.60,0.00,0.00,0.00,0.00,0.00,0.00,0.00
1128,てんぐさ　角寒天,159.00,2.40,0.20,74.10,0.00,0.00,0.00,0.01,0.00,0.00,0.30
1129,てんぐさ　寒天,3.00,0.00,0.00,1.50,0.00,0.00,0.00,0.00,0.00,0.00,0.00
1130,てんぐさ　粉寒天,160.00,0.20,0.30,81.70,0.00,0.00,0.00,0.00,0.00,0.00,0.40
1131,とさかのり　赤とさか　塩蔵　塩抜き,19.00,1.50,0.10,5.10,1.00,0.00,0.00,0.00,0.04,0.00,0.70
1132,とさかのり　青とさか　塩蔵　塩抜き,17.00,0.90,0.20,4.90,24.00,0.00,0.00,0.00,0.02,0.00,0.80
1133,ひじき　ほしひじき　ステンレス釜　乾,180.00,9.20,3.20,58.40,360.00,0.00,5.00,0.09,0.42,0.00,4.70
1134,ひじき　ほしひじき　ステンレス釜　ゆで,11.00,0.70,0.30,3.40,28.00,0.00,0.40,0.00,0.00,0.00,0.10
1135,ひじき　ほしひじき　ステンレス釜　油いため,51.00,0.80,4.70,4.10,33.00,0.00,1.30,0.01,0.00,0.00,0.20
1136,ひじき　ほしひじき　鉄釜　乾,186.00,9.20,3.20,56.00,360.00,0.00,5.00,0.09,0.42,0.00,4.70
1137,ひじき　ほしひじき　鉄釜　ゆで,13.00,0.70,0.30,3.40,28.00,0.00,0.40,0.00,0.00,0.00,0.10
1138,ひじき　ほしひじき　鉄釜　油いため,54.00,0.80,4.70,4.10,33.00,0.00,1.30,0.01,0.00,0.00,0.20
1139,ひとえぐさ　素干し,172.00,16.60,1.00,46.30,710.00,0.00,2.50,0.30,0.92,38.00,11.40
1140,ひとえぐさ　つくだ煮,148.00,14.40,1.30,21.10,23.00,0.00,0.10,0.06,0.26,0.00,5.80
1141,ふのり　素干し,207.00,13.80,1.00,57.80,59.00,0.00,0.70,0.16,0.61,1.00,6.90
1142,まつも　素干し,252.00,27.90,4.90,40.80,"2,500.00",0.00,13.00,0.48,1.61,5.00,3.30
1143,むかでのり　塩蔵　塩抜き,12.00,0.60,0.10,4.20,2.00,0.00,0.00,0.00,0.00,0.00,0.60
1144,（もずく類）　おきなわもずく　塩蔵　塩抜き,7.00,0.30,0.20,2.00,18.00,0.00,0.10,0.00,0.09,0.00,0.60
1145,（もずく類）　もずく　塩蔵　塩抜き,4.00,0.20,0.10,1.40,15.00,0.00,0.10,0.00,0.01,0.00,0.20
1146,わかめ　原藻　生,24.00,1.90,0.20,5.60,79.00,0.00,0.10,0.07,0.18,15.00,1.50
1147,わかめ　乾燥わかめ　素干し,172.00,14.40,2.60,39.60,370.00,0.00,1.20,0.36,1.01,19.00,16.20
1148,わかめ　乾燥わかめ　素干し　水戻し,20.00,1.60,0.30,4.90,74.00,0.00,0.20,0.05,0.07,2.00,0.70
114801,わかめ　乾燥わかめ　素干し　水戻し　水煮,10.00,1.00,0.30,2.60,49.00,0.00,0.10,0.02,0.03,0.00,0.40
1149,わかめ　乾燥わかめ　板わかめ,200.00,16.70,1.20,47.40,710.00,0.00,2.60,0.62,1.50,20.00,9.90
1150,わかめ　乾燥わかめ　灰干し　水戻し,9.00,1.10,0.10,2.20,3.00,0.00,0.00,0.00,0.03,0.00,0.10
1151,わかめ　カットわかめ　乾,186.00,17.90,4.00,42.10,190.00,0.00,0.50,0.07,0.08,0.00,23.50
1152,わかめ　カットわかめ　水煮　（沸騰水で短時間加熱したもの）,17.00,1.30,0.80,3.80,15.00,0.00,0.00,0.00,0.00,0.00,0.80
1153,わかめ　カットわかめ　水煮の汁,0.00,0.00,0.00,0.10,0.00,0.00,0.00,0.00,0.00,0.00,0.20
1154,わかめ　湯通し塩蔵わかめ　塩抜き　生,16.00,1.50,0.30,3.40,17.00,0.00,0.10,0.01,0.01,0.00,1.40
1155,わかめ　湯通し塩蔵わかめ　塩抜き　ゆで,7.00,0.60,0.10,1.40,5.00,0.00,0.00,0.01,0.00,0.00,0.30
1157,わかめ　くきわかめ　湯通し塩蔵　塩抜き,18.00,1.10,0.30,5.50,5.00,0.00,0.00,0.02,0.02,0.00,7.90
1158,わかめ　めかぶわかめ　生,14.00,0.90,0.60,3.40,20.00,0.00,0.10,0.02,0.03,2.00,0.40
1159,＜魚類＞　あいなめ　生,105.00,19.10,3.40,0.10,6.00,9.00,1.70,0.24,0.26,2.00,0.40
1160,＜魚類＞　あこうだい　生,86.00,16.80,2.30,0.10,26.00,1.00,3.40,0.11,0.04,0.00,0.20
1161,＜魚類＞　（あじ類）　まあじ　皮つき　生,112.00,19.70,4.50,0.10,7.00,8.90,0.60,0.13,0.13,0.00,0.30
1162,＜魚類＞　（あじ類）　まあじ　皮なし　生,108.00,19.70,4.10,0.20,7.00,7.90,0.90,0.14,0.20,0.00,0.30
1163,＜魚類＞　（あじ類）　まあじ　皮つき　水煮,136.00,22.40,5.90,0.10,8.00,11.00,0.30,0.13,0.12,0.00,0.30
1164,＜魚類＞　（あじ類）　まあじ　皮つき　焼き,157.00,25.90,6.40,0.10,8.00,12.00,0.70,0.15,0.15,0.00,0.40
1165,＜魚類＞　（あじ類）　まあじ　皮つき　フライ,270.00,20.10,18.20,7.90,16.00,7.00,3.40,0.12,0.15,0.00,0.40
1166,＜魚類＞　（あじ類）　まあじ　開き干し　生,150.00,20.20,8.80,0.10,0.00,3.00,0.70,0.10,0.15,0.00,1.70
1167,＜魚類＞　（あじ類）　まあじ　開き干し　焼き,194.00,24.60,12.30,0.10,0.00,2.60,1.00,0.12,0.14,0.00,2.00
1168,＜魚類＞　（あじ類）　まあじ　小型　骨付き　生,114.00,17.80,5.00,0.10,33.00,5.10,0.90,0.19,0.17,1.00,0.30
1169,＜魚類＞　（あじ類）　まあじ　小型　骨付き　から揚げ,268.00,24.00,18.60,3.50,39.00,4.80,4.00,0.19,0.21,0.00,0.30
1170,＜魚類＞　（あじ類）　まるあじ　生,133.00,22.10,5.60,0.20,11.00,19.00,1.20,0.10,0.19,0.00,0.20
1171,＜魚類＞　（あじ類）　まるあじ　焼き,175.00,28.70,7.70,0.20,15.00,15.00,1.30,0.09,0.18,0.00,0.20
1172,＜魚類＞　（あじ類）　にしまあじ　生,156.00,19.60,9.10,0.10,16.00,8.00,0.30,0.10,0.21,0.00,0.40
1173,＜魚類＞　（あじ類）　にしまあじ　水煮,160.00,21.70,8.80,0.10,12.00,9.60,0.30,0.11,0.18,0.00,0.50
1174,＜魚類＞　（あじ類）　にしまあじ　焼き,186.00,24.70,10.40,0.10,13.00,7.20,0.40,0.12,0.21,0.00,0.60
117401,＜魚類＞　（あじ類）　にしまあじ　開き干し　生,163.00,20.00,10.20,0.00,8.00,49.80,1.10,0.08,0.13,7.00,1.40
117402,＜魚類＞　（あじ類）　にしまあじ　開き干し　焼き,203.00,25.20,12.30,0.10,15.00,51.60,0.90,0.11,0.18,3.00,1.90
1175,＜魚類＞　（あじ類）　むろあじ　生,147.00,23.60,6.90,0.40,4.00,6.00,0.60,0.18,0.32,0.00,0.10
1176,＜魚類＞　（あじ類）　むろあじ　焼き,167.00,29.70,6.20,0.60,5.00,7.00,0.80,0.28,0.30,0.00,0.20
1177,＜魚類＞　（あじ類）　むろあじ　開き干し,140.00,22.90,6.20,0.10,0.00,7.00,0.40,0.17,0.30,0.00,2.10
1178,＜魚類＞　（あじ類）　むろあじ　くさや,223.00,49.90,3.00,0.30,0.00,2.00,1.20,0.24,0.40,0.00,4.10
1179,＜魚類＞　あなご　生,146.00,17.30,9.30,0.00,500.00,0.40,2.30,0.05,0.14,2.00,0.40
1180,＜魚類＞　あなご　蒸し,173.00,17.60,12.70,0.00,890.00,0.80,2.90,0.04,0.11,1.00,0.30
1181,＜魚類＞　あまご　養殖　生,102.00,18.30,3.60,0.10,7.00,9.00,1.50,0.15,0.16,1.00,0.10
1182,＜魚類＞　あまだい　生,102.00,18.80,3.60,0.00,27.00,1.00,1.30,0.04,0.06,1.00,0.20
1183,＜魚類＞　あまだい　水煮,113.00,20.70,4.00,0.00,11.00,0.30,1.10,0.04,0.06,1.00,0.20
1184,＜魚類＞　あまだい　焼き,110.00,22.50,2.60,0.00,26.00,1.00,1.10,0.04,0.06,0.00,0.30
1185,＜魚類＞　あゆ　天然　生,93.00,18.30,2.40,0.10,35.00,1.00,1.20,0.13,0.15,2.00,0.20
1186,＜魚類＞　あゆ　天然　焼き,149.00,26.60,6.80,0.10,120.00,1.50,1.70,0.23,0.24,2.00,0.30
1187,＜魚類＞　あゆ　天然　内臓　生,180.00,9.50,17.50,0.30,"1,700.00",5.00,1.90,0.12,0.55,5.00,0.20
1188,＜魚類＞　あゆ　天然　内臓　焼き,161.00,23.00,10.10,0.40,"2,000.00",4.00,3.20,0.28,1.00,5.00,0.40
1189,＜魚類＞　あゆ　養殖　生,138.00,17.80,7.90,0.60,55.00,8.00,5.00,0.15,0.14,2.00,0.10
1190,＜魚類＞　あゆ　養殖　焼き,202.00,22.60,15.10,0.80,480.00,17.00,8.20,0.20,0.18,2.00,0.20
1191,＜魚類＞　あゆ　養殖　内臓　生,485.00,7.40,55.00,0.30,"4,400.00",8.00,7.40,0.16,0.44,2.00,0.20
1192,＜魚類＞　あゆ　養殖　内臓　焼き,500.00,15.20,52.30,0.40,"6,000.00",8.60,24.00,0.34,0.68,1.00,0.30
1193,＜魚類＞　あゆ　うるか,157.00,11.40,13.10,1.80,"2,000.00",15.00,6.70,0.06,0.38,0.00,13.00
1194,＜魚類＞　アラスカめぬけ　生,96.00,17.20,3.40,0.10,20.00,3.00,1.00,0.04,0.05,0.00,0.20
1195,＜魚類＞　あんこう　生,54.00,13.00,0.20,0.30,13.00,1.00,0.70,0.04,0.16,1.00,0.30
1196,＜魚類＞　あんこう　きも　生,401.00,10.00,41.90,2.20,"8,300.00",110.00,14.00,0.14,0.35,1.00,0.30
1197,＜魚類＞　いかなご　生,111.00,17.20,5.50,0.10,200.00,21.00,0.80,0.19,0.81,1.00,0.50
1198,＜魚類＞　いかなご　煮干し,218.00,43.10,6.10,1.50,10.00,54.00,0.80,0.27,0.18,0.00,7.10
1199,＜魚類＞　いかなご　つくだ煮,271.00,29.40,4.60,30.70,0.00,23.00,0.80,0.02,0.27,0.00,5.60
1200,＜魚類＞　いかなご　あめ煮,268.00,25.60,3.70,35.80,0.00,21.00,0.40,0.02,0.28,0.00,4.30
1201,＜魚類＞　いさき　生,116.00,17.20,5.70,0.10,41.00,15.00,0.90,0.06,0.12,0.00,0.40
1202,＜魚類＞　いしだい　生,138.00,19.50,7.80,0.00,39.00,3.00,2.10,0.15,0.15,0.00,0.10
1203,＜魚類＞　いとよりだい　生,85.00,18.10,1.70,0.10,28.00,11.00,0.60,0.04,0.08,2.00,0.20
1204,＜魚類＞　いとよりだい　すり身,90.00,16.70,0.40,5.10,2.00,3.00,0.20,0.00,0.02,0.00,0.70
1205,＜魚類＞　いぼだい　生,132.00,16.40,8.50,0.00,95.00,2.00,0.70,0.04,0.19,1.00,0.50
1206,＜魚類＞　（いわし類）　うるめいわし　生,124.00,21.30,4.80,0.30,130.00,9.00,1.60,0.08,0.36,1.00,0.20
1207,＜魚類＞　（いわし類）　うるめいわし　丸干し,219.00,45.00,5.10,0.30,0.00,8.00,0.10,0.25,0.43,0.00,5.80
1208,＜魚類＞　（いわし類）　かたくちいわし　生,171.00,18.20,12.10,0.30,11.00,4.00,0.40,0.03,0.16,1.00,0.20
1209,＜魚類＞　（いわし類）　かたくちいわし　煮干し,298.00,64.50,6.20,0.30,0.00,18.00,0.90,0.10,0.10,0.00,4.30
1210,＜魚類＞　（いわし類）　かたくちいわし　田作り,304.00,66.60,5.70,0.30,0.00,30.00,0.80,0.10,0.11,0.00,1.80
1211,＜魚類＞　（いわし類）　まいわし　生,156.00,19.20,9.20,0.20,8.00,32.00,2.50,0.03,0.39,0.00,0.20
1212,＜魚類＞　（いわし類）　まいわし　水煮,182.00,22.40,8.70,0.20,5.00,13.00,1.30,0.05,0.29,0.00,0.20
1213,＜魚類＞　（いわし類）　まいわし　焼き,199.00,25.30,9.40,0.20,8.00,14.00,1.90,0.12,0.43,0.00,0.30
1214,＜魚類＞　（いわし類）　まいわし　フライ,384.00,20.00,30.30,10.70,15.00,21.00,5.70,0.04,0.39,0.00,0.40
1215,＜魚類＞　（いわし類）　まいわし　塩いわし,143.00,16.80,9.60,0.40,0.00,10.00,0.30,0.03,0.35,0.00,6.10
1216,＜魚類＞　（いわし類）　まいわし　生干し,217.00,20.60,16.00,1.10,0.00,11.00,0.20,0.00,0.22,0.00,1.80
1217,＜魚類＞　（いわし類）　まいわし　丸干し,177.00,32.80,5.50,0.70,40.00,50.00,0.70,0.01,0.41,0.00,3.80
1218,＜魚類＞　（いわし類）　めざし　生,206.00,18.20,18.90,0.50,77.00,11.00,0.30,0.01,0.21,0.00,2.80
1219,＜魚類＞　（いわし類）　めざし　焼き,200.00,23.70,15.00,0.70,95.00,11.00,0.40,0.01,0.26,0.00,3.60
1220,＜魚類＞　（いわし類）　しらす　生,67.00,15.00,1.30,0.10,110.00,6.70,0.90,0.02,0.07,5.00,1.00
1221,＜魚類＞　（いわし類）　しらす　釜揚げしらす,84.00,17.60,1.70,0.00,140.00,4.20,0.80,0.07,0.04,0.00,2.10
1222,＜魚類＞　（いわし類）　しらす干し　微乾燥品,113.00,24.50,2.10,0.10,190.00,12.00,1.10,0.11,0.03,0.00,4.20
1223,＜魚類＞　（いわし類）　しらす干し　半乾燥品,187.00,40.50,3.50,0.50,240.00,61.00,1.50,0.22,0.06,0.00,6.60
1224,＜魚類＞　（いわし類）　たたみいわし,348.00,75.10,5.60,0.70,410.00,50.00,2.70,0.15,0.33,0.00,2.20
1225,＜魚類＞　（いわし類）　みりん干し　かたくちいわし,330.00,44.30,7.00,25.00,13.00,25.00,1.10,0.02,0.24,0.00,2.80
1226,＜魚類＞　（いわし類）　みりん干し　まいわし,314.00,31.40,15.70,16.30,16.00,53.00,0.90,0.00,0.50,0.00,1.70
1227,＜魚類＞　（いわし類）　缶詰　水煮,168.00,20.70,10.60,0.10,9.00,6.00,2.60,0.03,0.30,0.00,0.80
1228,＜魚類＞　（いわし類）　缶詰　味付け,203.00,20.40,11.90,5.70,9.00,20.00,2.10,0.03,0.30,0.00,1.40
1229,＜魚類＞　（いわし類）　缶詰　トマト漬,167.00,17.50,10.80,1.30,12.00,20.00,2.40,0.01,0.25,0.00,0.70
1230,＜魚類＞　（いわし類）　缶詰　油漬,351.00,20.30,30.70,0.30,25.00,7.00,8.20,0.08,0.32,0.00,0.80
1231,＜魚類＞　（いわし類）　缶詰　かば焼,234.00,16.20,15.60,9.30,32.00,17.00,1.80,0.01,0.24,0.00,1.50
1232,＜魚類＞　（いわし類）　缶詰　アンチョビ,157.00,24.20,6.80,0.10,4.00,1.70,1.90,0.00,0.31,0.00,13.10
1233,＜魚類＞　いわな　養殖　生,101.00,19.00,3.60,0.10,5.00,5.00,1.60,0.09,0.12,1.00,0.10
1234,＜魚類＞　うぐい　生,93.00,20.10,1.50,0.20,41.00,19.00,0.80,0.03,0.11,0.00,0.20
1235,＜魚類＞　うなぎ　養殖　生,228.00,17.10,19.30,0.30,"2,400.00",18.00,7.40,0.37,0.48,2.00,0.20
1236,＜魚類＞　うなぎ　きも　生,102.00,13.00,5.30,3.50,"4,400.00",3.00,3.90,0.30,0.75,2.00,0.40
1237,＜魚類＞　うなぎ　白焼き,300.00,20.70,25.80,0.10,"1,500.00",17.00,5.30,0.55,0.45,0.00,0.30
1238,＜魚類＞　うなぎ　かば焼,285.00,23.00,21.00,3.10,"1,500.00",19.00,4.90,0.75,0.74,0.00,1.30
1239,＜魚類＞　うまづらはぎ　生,75.00,18.20,0.30,0.00,0.00,8.00,1.10,0.01,0.13,0.00,0.50
1240,＜魚類＞　うまづらはぎ　味付け開き干し,289.00,58.90,1.60,10.40,0.00,69.00,0.70,0.02,0.05,0.00,6.10
1241,＜魚類＞　えい　生,79.00,19.10,0.30,0.10,2.00,3.00,0.70,0.05,0.12,1.00,0.70
1242,＜魚類＞　えそ　生,87.00,20.10,0.80,0.10,0.00,1.00,0.10,0.07,0.10,2.00,0.30
1243,＜魚類＞　おいかわ　生,124.00,19.20,5.80,0.10,10.00,10.00,0.90,0.01,0.16,2.00,0.10
1244,＜魚類＞　おおさが　生,131.00,16.30,8.00,0.10,85.00,3.00,4.90,0.01,0.03,1.00,0.20
1245,＜魚類＞　おこぜ　生,81.00,19.60,0.20,0.20,2.00,1.00,0.40,0.01,0.12,0.00,0.20
1246,＜魚類＞　おひょう　生,93.00,19.90,1.70,0.10,13.00,3.00,0.80,0.09,0.07,0.00,0.20
1247,＜魚類＞　かさご　生,83.00,19.30,1.10,0.10,3.00,2.00,0.30,0.03,0.06,1.00,0.30
1248,＜魚類＞　かじか　生,98.00,15.00,5.00,0.20,180.00,3.00,1.30,0.07,0.38,1.00,0.30
1249,＜魚類＞　かじか　水煮,108.00,15.80,5.80,0.20,290.00,4.90,2.50,0.06,0.30,0.00,0.20
1250,＜魚類＞　かじか　つくだ煮,293.00,29.40,5.50,33.80,370.00,2.00,3.40,0.07,0.48,0.00,4.30
1251,＜魚類＞　（かじき類）　くろかじき　生,93.00,22.90,0.20,0.10,2.00,38.00,0.90,0.05,0.06,1.00,0.20
1252,＜魚類＞　（かじき類）　まかじき　生,107.00,23.10,1.80,0.10,8.00,12.00,1.20,0.09,0.07,2.00,0.20
1253,＜魚類＞　（かじき類）　めかじき　生,139.00,19.20,7.60,0.10,61.00,8.80,4.40,0.06,0.09,1.00,0.20
1254,＜魚類＞　（かじき類）　めかじき　焼き,202.00,27.50,11.10,0.00,85.00,10.00,6.10,0.07,0.11,0.00,0.30
1255,＜魚類＞　（かつお類）　かつお　春獲り　生,108.00,25.80,0.50,0.10,5.00,4.00,0.30,0.13,0.17,0.00,0.10
1256,＜魚類＞　（かつお類）　かつお　秋獲り　生,150.00,25.00,6.20,0.20,20.00,9.00,0.10,0.10,0.16,0.00,0.10
1257,＜魚類＞　（かつお類）　そうだがつお　生,126.00,25.70,2.80,0.30,9.00,22.00,1.20,0.17,0.29,0.00,0.20
1258,＜魚類＞　（かつお類）　加工品　なまり,126.00,29.80,0.70,0.40,0.00,4.00,0.20,0.19,0.18,0.00,0.30
1259,＜魚類＞　（かつお類）　加工品　なまり節,162.00,38.00,1.10,0.50,0.00,21.00,0.40,0.40,0.25,0.00,0.20
1260,＜魚類＞　（かつお類）　加工品　裸節,309.00,71.60,3.30,0.20,10.00,6.70,1.50,0.01,0.35,0.00,0.80
1261,＜魚類＞　（かつお類）　加工品　かつお節,332.00,77.10,2.90,0.80,0.00,6.00,1.20,0.55,0.35,0.00,0.30
1262,＜魚類＞　（かつお類）　加工品　削り節,327.00,75.70,3.20,0.40,24.00,4.00,1.10,0.38,0.57,0.00,1.20
1263,＜魚類＞　（かつお類）　加工品　削り節つくだ煮,233.00,19.50,3.30,32.30,0.00,6.00,0.40,0.13,0.10,0.00,7.90
1264,＜魚類＞　（かつお類）　加工品　角煮,221.00,31.00,1.60,21.40,0.00,5.00,0.50,0.15,0.12,0.00,3.80
1265,＜魚類＞　（かつお類）　加工品　塩辛,58.00,12.00,1.50,0.00,90.00,120.00,0.70,0.10,0.25,0.00,12.70
1266,＜魚類＞　（かつお類）　缶詰　味付け　フレーク,139.00,18.40,2.70,10.70,0.00,9.00,1.00,0.14,0.13,0.00,1.70
1267,＜魚類＞　（かつお類）　缶詰　油漬　フレーク,289.00,18.80,24.20,0.10,0.00,4.00,2.60,0.12,0.11,0.00,0.90
1268,＜魚類＞　かます　生,137.00,18.90,7.20,0.10,12.00,11.00,0.90,0.03,0.14,0.00,0.30
1269,＜魚類＞　かます　焼き,134.00,23.30,4.90,0.10,13.00,10.00,0.90,0.03,0.14,0.00,0.40
1270,＜魚類＞　（かれい類）　まがれい　生,89.00,19.60,1.30,0.10,5.00,13.00,1.50,0.03,0.35,1.00,0.30
1271,＜魚類＞　（かれい類）　まがれい　水煮,97.00,21.40,1.10,0.10,5.00,17.00,2.00,0.03,0.27,0.00,0.30
1272,＜魚類＞　（かれい類）　まがれい　焼き,104.00,23.40,1.30,0.10,7.00,18.00,2.50,0.03,0.41,1.00,0.30
1273,＜魚類＞　（かれい類）　まこがれい　生,86.00,18.00,1.80,0.10,6.00,6.70,1.50,0.12,0.32,1.00,0.30
1274,＜魚類＞　（かれい類）　まこがれい　焼き,138.00,28.50,2.80,0.20,6.00,9.20,2.10,0.17,0.44,1.00,0.50
1275,＜魚類＞　（かれい類）　子持ちがれい　生,123.00,19.90,6.20,0.10,12.00,4.00,2.90,0.19,0.20,4.00,0.20
1276,＜魚類＞　（かれい類）　子持ちがれい　水煮,137.00,22.30,7.20,0.10,11.00,4.70,4.20,0.25,0.22,3.00,0.20
1277,＜魚類＞　（かれい類）　干しかれい,104.00,20.20,3.40,0.00,2.00,1.00,2.30,0.25,0.10,1.00,1.10
1278,＜魚類＞　かわはぎ　生,77.00,18.80,0.40,0.00,2.00,43.00,0.60,0.02,0.07,0.00,0.30
1279,＜魚類＞　かんぱち　三枚おろし　生,119.00,21.00,4.20,0.10,4.00,4.00,0.90,0.15,0.16,0.00,0.20
1280,＜魚類＞　かんぱち　背側　生,95.00,22.20,1.20,0.10,4.00,1.40,1.10,0.15,0.08,1.00,0.10
1281,＜魚類＞　きす　生,73.00,18.50,0.20,0.00,1.00,0.70,0.40,0.09,0.03,1.00,0.30
1282,＜魚類＞　きす　天ぷら,234.00,18.40,15.20,7.80,3.00,0.60,3.20,0.09,0.06,1.00,0.30
1283,＜魚類＞　きちじ　生,238.00,13.60,21.70,0.00,65.00,4.00,2.40,0.03,0.07,2.00,0.20
1284,＜魚類＞　きびなご　生,85.00,18.80,1.40,0.10,0.00,10.00,0.30,0.02,0.25,3.00,0.40
1285,＜魚類＞　きびなご　調味干し,241.00,47.90,7.40,0.50,0.00,24.00,0.40,0.02,0.64,1.00,6.60
1286,＜魚類＞　キャビア　塩蔵品,242.00,26.20,17.10,1.10,60.00,1.00,9.30,0.01,1.31,4.00,4.10
1287,＜魚類＞　キングクリップ　生,73.00,18.20,0.10,0.00,5.00,0.00,0.20,0.03,0.07,1.00,0.40
1288,＜魚類＞　ぎんだら　生,210.00,13.60,18.60,0.00,"1,500.00",3.50,4.60,0.05,0.10,0.00,0.20
1289,＜魚類＞　ぎんだら　水煮,253.00,14.90,23.80,0.00,"1,800.00",4.20,5.40,0.04,0.08,0.00,0.20
1290,＜魚類＞　きんめだい　生,147.00,17.80,9.00,0.10,63.00,2.00,1.70,0.03,0.05,1.00,0.10
1291,＜魚類＞　ぐち　生,78.00,18.00,0.80,0.00,5.00,2.90,0.50,0.04,0.28,0.00,0.20
1292,＜魚類＞　ぐち　焼き,100.00,23.40,0.80,0.00,7.00,3.30,0.70,0.05,0.25,0.00,0.40
1293,＜魚類＞　こい　養殖　生,157.00,17.70,10.20,0.20,4.00,14.00,2.00,0.46,0.18,0.00,0.10
1294,＜魚類＞　こい　養殖　水煮,190.00,19.20,13.40,0.20,3.00,12.00,2.00,0.37,0.17,1.00,0.10
1295,＜魚類＞　こい　養殖　内臓　生,258.00,9.00,25.90,1.30,500.00,9.00,3.80,0.07,0.54,2.00,0.20
1296,＜魚類＞　（こち類）　まごち　生,94.00,22.50,0.50,0.20,1.00,1.00,0.10,0.07,0.17,1.00,0.30
1297,＜魚類＞　（こち類）　めごち　生,73.00,17.10,0.60,0.10,2.00,11.00,0.00,0.02,0.08,0.00,0.40
1298,＜魚類＞　このしろ　生,146.00,19.00,8.30,0.40,0.00,9.00,2.50,0.00,0.17,0.00,0.40
1299,＜魚類＞　このしろ　甘酢漬,184.00,19.10,10.10,6.40,0.00,7.00,0.50,0.00,0.17,0.00,2.30
1300,＜魚類＞　（さけ・ます類）　からふとます　生,139.00,21.70,6.60,0.10,13.00,22.00,0.70,0.25,0.18,1.00,0.20
1301,＜魚類＞　（さけ・ます類）　からふとます　焼き,175.00,28.10,7.70,0.10,15.00,31.00,0.90,0.24,0.27,1.00,0.20
1302,＜魚類＞　（さけ・ます類）　からふとます　塩ます,146.00,20.90,7.40,0.60,19.00,20.00,0.40,0.21,0.17,1.00,5.80
1303,＜魚類＞　（さけ・ます類）　からふとます　水煮缶詰,145.00,20.70,7.20,0.10,0.00,7.00,0.70,0.15,0.13,0.00,0.90
1304,＜魚類＞　（さけ・ます類）　ぎんざけ　養殖　生,188.00,19.60,12.80,0.30,36.00,15.00,1.80,0.15,0.14,1.00,0.10
1305,＜魚類＞　（さけ・ます類）　ぎんざけ　養殖　焼き,236.00,25.20,15.80,0.40,37.00,21.00,2.70,0.13,0.19,1.00,0.20
1306,＜魚類＞　（さけ・ます類）　さくらます　生,146.00,20.90,7.70,0.10,63.00,10.00,2.30,0.11,0.14,1.00,0.10
1307,＜魚類＞　（さけ・ます類）　さくらます　焼き,208.00,28.40,12.00,0.10,55.00,15.00,3.30,0.12,0.23,1.00,0.20
1308,＜魚類＞　（さけ・ます類）　しろさけ　生,124.00,22.30,4.10,0.10,11.00,32.00,1.20,0.15,0.21,1.00,0.20
1309,＜魚類＞　（さけ・ます類）　しろさけ　水煮,142.00,25.50,4.70,0.10,13.00,34.00,1.10,0.15,0.23,0.00,0.20
1310,＜魚類＞　（さけ・ます類）　しろさけ　焼き,160.00,29.10,5.10,0.10,14.00,39.00,1.40,0.17,0.26,1.00,0.20
1311,＜魚類＞　（さけ・ます類）　しろさけ　新巻き　生,138.00,22.80,6.10,0.10,0.00,21.00,0.70,0.18,0.20,1.00,3.00
1312,＜魚類＞　（さけ・ます類）　しろさけ　新巻き　焼き,177.00,29.30,7.90,0.10,0.00,25.00,1.00,0.22,0.24,1.00,2.10
1313,＜魚類＞　（さけ・ます類）　しろさけ　塩ざけ,183.00,22.40,11.10,0.10,24.00,23.00,0.40,0.14,0.15,1.00,1.80
1314,＜魚類＞　（さけ・ます類）　しろさけ　イクラ,252.00,32.60,15.60,0.20,330.00,44.00,9.10,0.42,0.55,6.00,2.30
1315,＜魚類＞　（さけ・ます類）　しろさけ　すじこ,263.00,30.50,17.40,0.90,670.00,47.00,11.00,0.42,0.61,9.00,4.80
1316,＜魚類＞　（さけ・ます類）　しろさけ　めふん,74.00,16.90,0.90,0.40,250.00,20.00,0.40,0.00,6.38,0.00,14.70
1317,＜魚類＞　（さけ・ます類）　しろさけ　水煮缶詰,156.00,21.20,8.50,0.10,0.00,8.00,0.60,0.15,0.12,0.00,0.60
1318,＜魚類＞　（さけ・ます類）　しろさけ　サケ節　削り節,346.00,77.40,3.40,0.20,3.00,33.00,2.00,0.04,0.52,0.00,0.80
1319,＜魚類＞　（さけ・ます類）　たいせいようさけ　養殖　皮つき　生,218.00,20.10,16.50,0.10,14.00,8.30,3.80,0.23,0.10,2.00,0.10
1320,＜魚類＞　（さけ・ます類）　たいせいようさけ　養殖　皮つき　水煮,236.00,22.50,18.40,0.10,15.00,7.50,4.90,0.26,0.10,1.00,0.10
1321,＜魚類＞　（さけ・ます類）　たいせいようさけ　養殖　皮つき　蒸し,230.00,23.80,15.80,0.10,16.00,7.50,3.40,0.25,0.11,2.00,0.10
1322,＜魚類＞　（さけ・ます類）　たいせいようさけ　養殖　皮つき　電子レンジ調理,223.00,22.90,15.40,0.10,18.00,6.10,2.90,0.29,0.11,2.00,0.10
1323,＜魚類＞　（さけ・ます類）　たいせいようさけ　養殖　皮つき　焼き,270.00,24.50,19.70,0.30,17.00,11.00,4.40,0.24,0.13,3.00,0.10
1324,＜魚類＞　（さけ・ます類）　たいせいようさけ　養殖　皮つき　ソテー,266.00,25.20,20.40,0.10,22.00,6.90,5.80,0.31,0.13,2.00,0.10
1325,＜魚類＞　（さけ・ます類）　たいせいようさけ　養殖　皮つき　天ぷら,282.00,21.00,20.10,5.10,6.00,5.60,5.70,0.27,0.14,2.00,0.20
1326,＜魚類＞　（さけ・ます類）　たいせいようさけ　養殖　皮なし　生,223.00,19.60,17.00,0.10,14.00,7.30,3.60,0.24,0.08,2.00,0.10
1327,＜魚類＞　（さけ・ます類）　たいせいようさけ　養殖　皮なし　水煮,244.00,22.70,17.90,0.10,16.00,7.00,4.70,0.27,0.10,2.00,0.10
1328,＜魚類＞　（さけ・ます類）　たいせいようさけ　養殖　皮なし　蒸し,228.00,23.20,15.80,0.10,17.00,7.30,3.40,0.25,0.10,2.00,0.10
1329,＜魚類＞　（さけ・ます類）　たいせいようさけ　養殖　皮なし　電子レンジ調理,231.00,22.70,16.50,0.10,22.00,6.40,3.10,0.29,0.11,2.00,0.10
1330,＜魚類＞　（さけ・ます類）　たいせいようさけ　養殖　皮なし　焼き,229.00,23.90,15.70,0.10,21.00,7.70,3.70,0.25,0.11,1.00,0.10
1331,＜魚類＞　（さけ・ます類）　たいせいようさけ　養殖　皮なし　ソテー,269.00,25.80,21.00,0.10,22.00,6.60,6.00,0.31,0.13,2.00,0.10
1332,＜魚類＞　（さけ・ます類）　たいせいようさけ　養殖　皮なし　天ぷら,266.00,20.00,18.60,5.50,5.00,5.30,5.40,0.27,0.13,2.00,0.20
1333,＜魚類＞　（さけ・ます類）　にじます　海面養殖　皮つき　生,201.00,21.40,14.20,0.10,57.00,11.00,5.50,0.17,0.10,2.00,0.20
1334,＜魚類＞　（さけ・ます類）　にじます　海面養殖　皮なし　生,176.00,20.50,10.80,0.20,27.00,7.00,3.80,0.21,0.12,3.00,0.10
1335,＜魚類＞　（さけ・ます類）　にじます　海面養殖　皮つき　焼き,238.00,27.20,15.80,0.40,74.00,12.00,5.90,0.20,0.15,5.00,0.20
1336,＜魚類＞　（さけ・ます類）　にじます　淡水養殖　皮つき　生,116.00,19.70,4.60,0.10,17.00,12.00,1.20,0.21,0.10,2.00,0.10
1337,＜魚類＞　（さけ・ます類）　べにざけ　生,127.00,22.50,4.50,0.10,27.00,33.00,1.30,0.26,0.15,0.00,0.10
1338,＜魚類＞　（さけ・ます類）　べにざけ　焼き,163.00,28.50,6.00,0.10,35.00,38.00,1.80,0.27,0.22,2.00,0.20
1339,＜魚類＞　（さけ・ます類）　べにざけ　くん製,143.00,25.70,5.50,0.10,43.00,28.00,1.20,0.23,0.23,0.00,3.80
1340,＜魚類＞　（さけ・ます類）　ますのすけ　生,176.00,19.50,12.50,0.00,160.00,16.00,3.30,0.13,0.12,1.00,0.10
1341,＜魚類＞　（さけ・ます類）　ますのすけ　焼き,238.00,26.40,16.70,0.00,200.00,17.00,3.80,0.14,0.20,0.00,0.10
1342,＜魚類＞　（さば類）　まさば　生,211.00,20.60,16.80,0.30,37.00,5.10,1.30,0.21,0.31,1.00,0.30
1343,＜魚類＞　（さば類）　まさば　水煮,253.00,22.60,22.60,0.30,31.00,4.30,2.00,0.25,0.30,0.00,0.20
1344,＜魚類＞　（さば類）　まさば　焼き,264.00,25.20,22.40,0.40,34.00,4.90,2.10,0.30,0.37,0.00,0.30
1345,＜魚類＞　（さば類）　まさば　フライ,316.00,20.00,25.10,6.50,42.00,3.50,3.20,0.20,0.30,0.00,0.30
1346,＜魚類＞　（さば類）　ごまさば　生,131.00,23.00,5.10,0.30,8.00,4.30,1.20,0.17,0.28,0.00,0.20
1347,＜魚類＞　（さば類）　ごまさば　水煮,139.00,24.80,5.20,0.20,8.00,4.90,1.10,0.15,0.28,0.00,0.10
1348,＜魚類＞　（さば類）　ごまさば　焼き,174.00,31.10,6.60,0.30,11.00,5.70,1.70,0.21,0.36,0.00,0.20
1349,＜魚類＞　（さば類）　ごまさば　さば節,330.00,73.90,5.10,0.00,0.00,12.00,0.90,0.25,0.85,0.00,0.90
1350,＜魚類＞　（さば類）　たいせいようさば　生,295.00,17.20,26.80,0.40,44.00,10.00,0.70,0.14,0.35,1.00,0.30
1351,＜魚類＞　（さば類）　たいせいようさば　水煮,310.00,18.60,28.50,0.40,42.00,6.60,0.60,0.19,0.34,0.00,0.20
1352,＜魚類＞　（さば類）　たいせいようさば　焼き,326.00,21.80,29.30,0.50,63.00,11.00,0.80,0.22,0.38,0.00,0.30
1353,＜魚類＞　（さば類）　加工品　塩さば,263.00,26.20,19.10,0.10,9.00,11.00,0.50,0.16,0.59,0.00,1.80
1354,＜魚類＞　（さば類）　加工品　開き干し,303.00,18.70,28.50,0.20,9.00,12.00,2.40,0.13,0.59,0.00,1.70
1355,＜魚類＞　（さば類）　加工品　しめさば,292.00,18.60,26.90,1.70,14.00,8.00,0.50,0.13,0.28,0.00,1.60
1356,＜魚類＞　（さば類）　缶詰　水煮,174.00,20.90,10.70,0.20,0.00,11.00,3.20,0.15,0.40,0.00,0.90
1357,＜魚類＞　（さば類）　缶詰　みそ煮,210.00,16.30,13.90,6.60,42.00,5.00,1.90,0.04,0.37,0.00,1.10
1358,＜魚類＞　（さば類）　缶詰　味付け,208.00,21.40,12.60,4.00,31.00,5.00,2.40,0.03,0.27,0.00,1.30
1359,＜魚類＞　（さめ類）　あぶらつのざめ　生,138.00,16.80,9.40,0.00,210.00,1.00,2.20,0.04,0.08,0.00,0.30
1360,＜魚類＞　（さめ類）　よしきりざめ　生,79.00,18.90,0.60,0.00,9.00,0.00,0.90,0.11,0.11,0.00,0.50
1361,＜魚類＞　（さめ類）　ふかひれ,344.00,83.90,1.60,0.00,0.00,1.00,0.40,0.00,0.00,0.00,0.50
1362,＜魚類＞　さより　生,88.00,19.60,1.30,0.00,0.00,3.00,0.90,0.00,0.12,2.00,0.50
1363,＜魚類＞　さわら　生,161.00,20.10,9.70,0.10,12.00,7.00,0.30,0.09,0.35,0.00,0.20
1364,＜魚類＞　さわら　焼き,184.00,23.60,10.80,0.10,16.00,12.00,1.10,0.09,0.34,0.00,0.20
1365,＜魚類＞　さんま　皮つき　生,287.00,18.10,25.60,0.10,16.00,16.00,1.70,0.01,0.28,0.00,0.40
1366,＜魚類＞　さんま　皮なし　生,277.00,17.80,25.00,0.20,26.00,11.00,2.60,0.00,0.32,1.00,0.30
1367,＜魚類＞　さんま　皮つき　焼き,281.00,23.30,22.80,0.20,11.00,13.00,1.00,0.00,0.30,0.00,0.30
1368,＜魚類＞　さんま　開き干し,232.00,19.30,19.00,0.10,25.00,14.00,1.50,0.00,0.30,0.00,1.30
1369,＜魚類＞　さんま　みりん干し,382.00,23.90,25.80,20.40,31.00,20.00,0.50,0.00,0.30,0.00,3.60
1370,＜魚類＞　さんま　缶詰　味付け,259.00,18.90,18.90,5.60,25.00,13.00,2.80,0.00,0.20,0.00,1.40
1371,＜魚類＞　さんま　缶詰　かば焼,219.00,17.40,13.00,9.70,28.00,12.00,2.40,0.00,0.27,0.00,1.50
1372,＜魚類＞　しいら　生,100.00,21.30,1.90,0.00,8.00,5.00,0.50,0.20,0.15,1.00,0.10
1373,＜魚類＞　（ししゃも類）　ししゃも　生干し　生,152.00,21.00,8.10,0.20,100.00,0.60,0.80,0.02,0.25,1.00,1.20
1374,＜魚類＞　（ししゃも類）　ししゃも　生干し　焼き,162.00,24.30,7.80,0.20,76.00,0.60,1.10,0.04,0.29,1.00,1.60
1375,＜魚類＞　（ししゃも類）　からふとししゃも　生干し　生,160.00,15.60,11.60,0.50,120.00,0.40,1.60,0.00,0.31,1.00,1.50
1376,＜魚類＞　（ししゃも類）　からふとししゃも　生干し　焼き,170.00,18.20,11.30,0.60,90.00,0.50,2.10,0.01,0.37,1.00,2.00
1377,＜魚類＞　したびらめ　生,89.00,19.20,1.60,0.00,30.00,2.00,0.60,0.06,0.14,1.00,0.40
1378,＜魚類＞　しまあじ　養殖　生,153.00,21.90,8.00,0.10,10.00,18.00,1.60,0.25,0.15,0.00,0.10
1379,＜魚類＞　しらうお　生,70.00,13.60,2.00,0.10,50.00,1.00,1.80,0.08,0.10,4.00,0.40
1380,＜魚類＞　シルバー　生,138.00,18.60,7.90,0.00,100.00,3.00,3.10,0.08,0.18,0.00,0.20
1381,＜魚類＞　すずき　生,113.00,19.80,4.20,0.00,180.00,10.00,1.20,0.02,0.20,3.00,0.20
1382,＜魚類＞　（たい類）　きだい　生,100.00,18.60,3.10,0.20,50.00,4.00,1.50,0.03,0.04,1.00,0.20
1383,＜魚類＞　（たい類）　くろだい　生,137.00,20.40,6.70,0.30,12.00,4.00,1.40,0.12,0.30,3.00,0.10
1384,＜魚類＞　（たい類）　ちだい　生,97.00,19.40,2.40,0.10,21.00,2.00,1.30,0.03,0.10,2.00,0.20
1385,＜魚類＞　（たい類）　まだい　天然　生,129.00,20.60,5.80,0.10,8.00,5.00,1.00,0.09,0.05,1.00,0.10
1386,＜魚類＞　（たい類）　まだい　養殖　皮つき　生,160.00,20.90,9.40,0.10,11.00,7.00,2.40,0.32,0.08,3.00,0.10
1387,＜魚類＞　（たい類）　まだい　養殖　皮つき　水煮,182.00,22.20,11.90,0.10,10.00,4.70,3.40,0.16,0.07,2.00,0.10
1388,＜魚類＞　（たい類）　まだい　養殖　皮つき　焼き,186.00,22.70,12.00,0.10,17.00,5.60,4.60,0.14,0.09,3.00,0.10
1389,＜魚類＞　（たい類）　まだい　養殖　皮なし　生,131.00,21.20,5.90,0.20,10.00,4.50,2.60,0.31,0.08,3.00,0.10
1390,＜魚類＞　たかさご　生,93.00,20.20,1.50,0.10,7.00,2.00,0.10,0.03,0.07,0.00,0.10
1391,＜魚類＞　たかべ　生,148.00,18.70,9.00,0.00,16.00,4.00,1.40,0.06,0.18,1.00,0.30
1392,＜魚類＞　たちうお　生,238.00,16.50,20.90,0.00,52.00,14.00,1.20,0.01,0.07,1.00,0.20
1393,＜魚類＞　（たら類）　すけとうだら　生,72.00,17.40,1.00,0.10,10.00,0.50,0.90,0.05,0.11,1.00,0.30
1394,＜魚類＞　（たら類）　すけとうだら　フライ,195.00,19.20,11.90,5.70,18.00,0.40,3.20,0.05,0.13,0.00,0.40
1395,＜魚類＞　（たら類）　すけとうだら　すり身,98.00,17.50,0.20,6.60,5.00,1.00,0.60,0.03,0.05,0.00,0.30
1396,＜魚類＞　（たら類）　すけとうだら　すきみだら,165.00,40.50,0.30,0.10,0.00,1.00,1.10,0.13,0.18,0.00,18.80
1397,＜魚類＞　（たら類）　すけとうだら　たらこ　生,131.00,24.00,4.70,0.40,24.00,1.70,7.10,0.71,0.43,33.00,4.60
1398,＜魚類＞　（たら類）　すけとうだら　たらこ　焼き,158.00,28.30,6.10,0.50,34.00,1.60,8.10,0.77,0.53,21.00,5.30
1399,＜魚類＞　（たら類）　すけとうだら　からしめんたいこ,121.00,21.00,3.30,3.00,41.00,1.00,6.50,0.34,0.33,76.00,5.60
1400,＜魚類＞　（たら類）　まだら　生,72.00,17.60,0.20,0.10,10.00,1.00,0.80,0.10,0.10,0.00,0.30
1401,＜魚類＞　（たら類）　まだら　焼き,103.00,25.20,0.20,0.20,9.00,0.70,1.30,0.09,0.12,0.00,0.40
1402,＜魚類＞　（たら類）　まだら　しらこ　生,60.00,13.40,0.80,0.20,8.00,2.00,1.80,0.24,0.13,2.00,0.30
1403,＜魚類＞　（たら類）　まだら　塩だら,61.00,15.20,0.10,0.00,0.00,3.00,0.70,0.13,0.20,0.00,2.00
1404,＜魚類＞　（たら類）　まだら　干しだら,299.00,73.20,0.80,0.10,0.00,6.00,0.30,0.20,0.30,0.00,3.80
1405,＜魚類＞　（たら類）　加工品　でんぶ,276.00,25.50,1.10,41.50,0.00,0.50,0.80,0.04,0.08,0.00,4.20
1406,＜魚類＞　（たら類）　加工品　桜でんぶ,351.00,10.60,0.50,80.20,2.00,0.00,0.10,0.01,0.01,0.00,2.40
1407,＜魚類＞　ちか　生,82.00,19.50,0.60,0.00,4.00,1.00,0.90,0.00,0.14,0.00,0.60
1408,＜魚類＞　どじょう　生,72.00,16.10,1.20,0.00,15.00,4.00,0.60,0.09,1.09,1.00,0.20
1409,＜魚類＞　どじょう　水煮,76.00,17.10,1.20,0.00,15.00,5.50,0.40,0.08,1.00,0.00,0.30
1410,＜魚類＞　とびうお　生,89.00,21.00,0.70,0.10,3.00,2.00,2.30,0.01,0.10,1.00,0.20
1411,＜魚類＞　とびうお　煮干し,325.00,80.00,2.20,0.10,9.00,3.90,4.00,0.00,0.32,0.00,1.50
1412,＜魚類＞　とびうお　焼き干し,309.00,73.40,3.30,0.10,17.00,3.30,2.40,0.00,0.32,0.00,1.80
1413,＜魚類＞　ナイルティラピア　生,124.00,19.80,5.30,0.20,3.00,11.00,1.90,0.04,0.20,1.00,0.20
1414,＜魚類＞　なまず　生,145.00,18.40,8.60,0.00,71.00,4.00,6.30,0.33,0.10,0.00,0.10
1415,＜魚類＞　にぎす　生,84.00,18.70,1.20,0.10,75.00,0.00,0.50,0.12,0.26,1.00,0.50
1416,＜魚類＞　にしん　生,196.00,17.40,15.10,0.10,18.00,22.00,3.10,0.01,0.23,0.00,0.30
1417,＜魚類＞　にしん　身欠きにしん,224.00,20.90,16.70,0.20,0.00,50.00,2.70,0.01,0.03,0.00,0.40
1418,＜魚類＞　にしん　開き干し,239.00,18.50,19.70,0.20,0.00,36.00,2.10,0.01,0.03,0.00,0.90
1419,＜魚類＞　にしん　くん製,280.00,23.10,22.10,0.00,0.00,48.00,0.50,0.01,0.35,0.00,9.90
1420,＜魚類＞　にしん　かずのこ　生,139.00,25.20,6.70,0.20,15.00,13.00,5.10,0.15,0.22,0.00,0.80
1421,＜魚類＞　にしん　かずのこ　乾,358.00,65.20,13.60,0.50,7.00,32.00,6.40,0.00,0.07,0.00,3.60
1422,＜魚類＞　にしん　かずのこ　塩蔵　水戻し,80.00,15.00,3.00,0.60,2.00,17.00,0.90,0.00,0.01,0.00,1.20
1423,＜魚類＞　はぜ　生,78.00,19.10,0.20,0.10,7.00,3.00,1.00,0.04,0.04,1.00,0.20
1424,＜魚類＞　はぜ　つくだ煮,277.00,24.30,3.00,39.90,160.00,5.00,2.40,0.11,0.41,0.00,5.60
1425,＜魚類＞　はぜ　甘露煮,260.00,21.10,2.20,40.30,22.00,6.00,0.60,0.05,0.11,0.00,3.80
1426,＜魚類＞　はたはた　生,101.00,14.10,5.70,0.00,20.00,2.00,2.20,0.02,0.14,0.00,0.50
1427,＜魚類＞　はたはた　生干し,154.00,16.70,10.30,0.00,22.00,1.00,2.80,0.05,0.05,3.00,1.30
1428,＜魚類＞　はまふえふき　生,85.00,20.50,0.30,0.10,8.00,11.00,0.60,0.15,0.07,0.00,0.20
1429,＜魚類＞　はも　生,132.00,22.30,5.30,0.00,59.00,5.00,1.10,0.04,0.18,1.00,0.20
1430,＜魚類＞　ひらまさ　生,128.00,22.60,4.90,0.10,19.00,5.00,1.40,0.20,0.14,3.00,0.10
1431,＜魚類＞　ひらめ　天然　生,96.00,20.00,2.00,0.00,12.00,3.00,0.60,0.04,0.11,3.00,0.10
1432,＜魚類＞　ひらめ　養殖　皮つき　生,115.00,21.60,3.70,0.00,19.00,1.90,1.60,0.12,0.34,5.00,0.10
1433,＜魚類＞　ひらめ　養殖　皮なし　生,100.00,21.20,2.50,0.10,9.00,2.30,1.60,0.22,0.07,10.00,0.10
1434,＜魚類＞　（ふぐ類）　とらふぐ　養殖　生,80.00,19.30,0.30,0.20,3.00,4.00,0.80,0.06,0.21,0.00,0.30
1435,＜魚類＞　（ふぐ類）　まふぐ　生,78.00,18.90,0.40,0.00,7.00,6.00,0.60,0.04,0.17,0.00,0.20
1436,＜魚類＞　ふな　生,93.00,18.20,2.50,0.10,12.00,4.00,1.50,0.55,0.14,1.00,0.10
1437,＜魚類＞　ふな　水煮,104.00,20.30,2.80,0.10,15.00,3.80,1.50,0.49,0.12,0.00,0.10
1438,＜魚類＞　ふな　甘露煮,266.00,15.50,3.60,44.40,61.00,2.00,0.50,0.16,0.16,0.00,3.30
1439,＜魚類＞　ふな　ふなずし,181.00,21.30,7.90,9.20,43.00,3.60,4.60,0.00,0.07,0.00,3.90
1440,＜魚類＞　ぶり　成魚　生,222.00,21.40,17.60,0.30,50.00,8.00,2.00,0.23,0.36,2.00,0.10
1441,＜魚類＞　ぶり　成魚　焼き,260.00,26.20,20.40,0.30,42.00,5.40,2.10,0.24,0.39,2.00,0.10
1442,＜魚類＞　ぶり　はまち　養殖　皮つき　生,217.00,20.70,17.20,0.30,32.00,4.00,4.60,0.16,0.21,2.00,0.10
1443,＜魚類＞　ぶり　はまち　養殖　皮なし　生,180.00,21.00,12.00,0.30,41.00,4.40,5.50,0.17,0.23,3.00,0.10
1444,＜魚類＞　ほうぼう　生,110.00,19.60,4.20,0.00,9.00,3.00,0.50,0.09,0.15,3.00,0.30
1445,＜魚類＞　ホキ　生,78.00,17.00,1.30,0.00,43.00,1.00,0.90,0.03,0.16,0.00,0.40
1446,＜魚類＞　ほっけ　生,103.00,17.30,4.40,0.10,25.00,3.00,1.70,0.09,0.17,1.00,0.20
1447,＜魚類＞　ほっけ　塩ほっけ,113.00,18.10,4.90,0.10,20.00,3.00,0.70,0.10,0.27,0.00,3.60
1448,＜魚類＞　ほっけ　開き干し　生,161.00,20.60,9.40,0.10,30.00,4.60,1.30,0.10,0.24,4.00,1.80
1449,＜魚類＞　ほっけ　開き干し　焼き,179.00,23.10,10.90,0.20,39.00,3.50,1.60,0.14,0.26,2.00,2.00
1450,＜魚類＞　ぼら　生,119.00,19.20,5.00,0.10,8.00,10.00,1.60,0.16,0.26,1.00,0.20
1451,＜魚類＞　ぼら　からすみ,353.00,40.40,28.90,0.30,350.00,33.00,9.70,0.01,0.93,10.00,3.60
1452,＜魚類＞　ほんもろこ　生,103.00,17.50,4.10,0.10,250.00,5.00,2.90,0.03,0.20,2.00,0.20
1453,＜魚類＞　（まぐろ類）　きはだ　生,102.00,24.30,1.00,0.00,2.00,6.00,0.40,0.15,0.09,0.00,0.10
1454,＜魚類＞　（まぐろ類）　くろまぐろ　天然　赤身　生,115.00,26.40,1.40,0.10,83.00,5.00,0.80,0.10,0.05,2.00,0.10
1455,＜魚類＞　（まぐろ類）　くろまぐろ　天然　脂身　生,308.00,20.10,27.50,0.10,270.00,18.00,1.50,0.04,0.07,4.00,0.20
1456,＜魚類＞　（まぐろ類）　くろまぐろ　養殖　赤身　生,153.00,24.80,7.60,0.30,840.00,4.00,1.50,0.16,0.05,2.00,0.10
1457,＜魚類＞　（まぐろ類）　くろまぐろ　養殖　赤身　水煮,173.00,27.20,8.30,0.30,900.00,4.10,1.80,0.16,0.04,2.00,0.10
1458,＜魚類＞　（まぐろ類）　くろまぐろ　養殖　赤身　蒸し,187.00,28.00,9.90,0.20,990.00,4.30,1.90,0.17,0.04,2.00,0.10
1459,＜魚類＞　（まぐろ類）　くろまぐろ　養殖　赤身　電子レンジ調理,191.00,30.40,8.70,0.30,970.00,4.30,1.80,0.19,0.05,2.00,0.10
1460,＜魚類＞　（まぐろ類）　くろまぐろ　養殖　赤身　焼き,202.00,29.00,10.60,0.30,"1,100.00",5.00,2.00,0.19,0.04,2.00,0.10
1461,＜魚類＞　（まぐろ類）　くろまぐろ　養殖　赤身　ソテー,194.00,28.00,10.20,0.30,910.00,4.40,1.90,0.18,0.05,2.00,0.10
1462,＜魚類＞　（まぐろ類）　くろまぐろ　養殖　赤身　天ぷら,222.00,25.10,12.60,3.20,820.00,4.10,2.50,0.17,0.06,1.00,0.10
146201,＜魚類＞　（まぐろ類）　くろまぐろ　養殖　脂身　生,321.00,18.60,28.90,0.30,580.00,20.80,7.20,0.14,0.05,3.00,0.10
146202,＜魚類＞　（まぐろ類）　くろまぐろ　養殖　脂身　水煮,330.00,21.40,27.10,0.30,15.00,51.60,0.90,0.11,0.18,3.00,0.10
146203,＜魚類＞　（まぐろ類）　くろまぐろ　養殖　脂身　蒸し,313.00,21.80,27.30,0.10,15.00,18.90,7.10,0.16,0.05,2.00,1.90
146204,＜魚類＞　（まぐろ類）　くろまぐろ　養殖　脂身　電子レンジ調理,307.00,23.10,22.70,0.20,750.00,21.20,5.60,0.15,0.05,2.00,0.10
146205,＜魚類＞　（まぐろ類）　くろまぐろ　養殖　脂身　焼き,342.00,23.00,28.40,0.20,800.00,20.70,7.00,0.16,0.05,3.00,0.10
146206,＜魚類＞　（まぐろ類）　くろまぐろ　養殖　脂身　ソテー,339.00,24.30,27.80,0.20,710.00,20.40,6.60,0.15,0.05,3.00,0.10
146207,＜魚類＞　（まぐろ類）　くろまぐろ　養殖　脂身　天ぷら,345.00,22.00,25.40,2.40,670.00,19.50,7.00,0.14,0.06,2.00,0.10
1463,＜魚類＞　（まぐろ類）　びんなが　生,111.00,26.00,0.70,0.20,4.00,7.00,0.70,0.13,0.10,1.00,0.10
1464,＜魚類＞　（まぐろ類）　みなみまぐろ　赤身　生,88.00,21.60,0.40,0.10,6.00,4.00,1.00,0.03,0.05,0.00,0.10
1465,＜魚類＞　（まぐろ類）　みなみまぐろ　脂身　生,322.00,20.30,28.30,0.10,34.00,5.00,1.50,0.10,0.06,5.00,0.10
1466,＜魚類＞　（まぐろ類）　めじまぐろ　生,139.00,25.20,4.80,0.10,61.00,12.00,1.20,0.19,0.19,1.00,0.10
1467,＜魚類＞　（まぐろ類） めばち　赤身　生,115.00,25.40,2.30,0.30,17.00,3.60,0.90,0.09,0.05,1.00,0.10
1468,＜魚類＞　（まぐろ類） めばち　脂身　生,158.00,23.90,7.50,0.40,37.00,8.10,2.00,0.07,0.05,1.00,0.30
1469,＜魚類＞　（まぐろ類）　缶詰　水煮　フレーク　ライト,70.00,16.00,0.70,0.20,10.00,3.00,0.40,0.01,0.04,0.00,0.50
1470,＜魚類＞　（まぐろ類）　缶詰　水煮　フレーク　ホワイト,96.00,18.30,2.50,0.40,0.00,2.00,0.40,0.07,0.03,0.00,0.70
1471,＜魚類＞　（まぐろ類）　缶詰　味付け　フレーク,134.00,19.00,2.30,9.90,0.00,5.00,0.70,0.07,0.03,0.00,1.90
1472,＜魚類＞　（まぐろ類）　缶詰　油漬　フレーク　ライト,265.00,17.70,21.70,0.10,8.00,2.00,2.80,0.01,0.03,0.00,0.90
1473,＜魚類＞　（まぐろ類）　缶詰　油漬　フレーク　ホワイト,279.00,18.80,23.60,0.10,0.00,4.00,8.30,0.05,0.13,0.00,0.90
1474,＜魚類＞　マジェランあいなめ　生,243.00,13.30,22.90,0.10,"1,800.00",17.00,2.20,0.02,0.08,0.00,0.20
1475,＜魚類＞　まながつお　生,161.00,17.10,10.90,0.00,90.00,5.00,1.40,0.22,0.13,1.00,0.40
1476,＜魚類＞　みなみくろたち　生,112.00,21.70,3.00,0.10,55.00,2.00,1.90,0.06,0.20,1.00,0.30
1477,＜魚類＞　みなみだら　生,68.00,16.40,0.30,0.00,6.00,7.00,0.80,0.03,0.27,0.00,0.60
1478,＜魚類＞　むつ　生,175.00,16.70,12.60,0.00,8.00,4.00,0.90,0.03,0.16,0.00,0.20
1479,＜魚類＞　むつ　水煮,161.00,22.20,8.40,0.00,11.00,3.60,0.60,0.04,0.16,0.00,0.20
1480,＜魚類＞　めじな　生,113.00,19.40,4.50,0.10,55.00,1.00,0.80,0.05,0.38,0.00,0.20
1481,＜魚類＞　めばる　生,100.00,18.10,3.50,0.00,11.00,1.00,1.50,0.07,0.17,2.00,0.20
1482,＜魚類＞　メルルーサ　生,73.00,17.00,0.60,0.00,5.00,1.00,1.30,0.09,0.04,0.00,0.40
1483,＜魚類＞　やつめうなぎ　生,245.00,15.80,21.80,0.20,"8,200.00",3.00,3.80,0.25,0.85,2.00,0.10
1484,＜魚類＞　やつめうなぎ　干しやつめ,449.00,50.30,31.20,0.50,"1,900.00",12.00,2.40,0.33,1.69,0.00,0.30
1485,＜魚類＞　やまめ　養殖　生,110.00,18.40,4.30,0.30,15.00,8.00,2.20,0.15,0.16,3.00,0.10
1486,＜魚類＞　わかさぎ　生,71.00,14.40,1.70,0.10,99.00,2.00,0.70,0.01,0.14,1.00,0.50
1487,＜魚類＞　わかさぎ　つくだ煮,308.00,28.70,5.50,38.20,460.00,8.00,4.20,0.24,0.32,0.00,4.80
1488,＜魚類＞　わかさぎ　あめ煮,301.00,26.30,5.10,40.40,420.00,9.00,3.60,0.28,0.35,0.00,4.10
1489,＜貝類＞　あかがい　生,70.00,13.50,0.30,3.50,35.00,0.00,0.90,0.20,0.20,2.00,0.80
1490,＜貝類＞　あげまき　生,44.00,8.10,0.60,2.00,27.00,1.00,0.80,0.30,0.14,1.00,1.50
1491,＜貝類＞　あさり　生,29.00,5.70,0.70,0.40,4.00,0.10,0.40,0.01,0.16,1.00,2.00
149101,＜貝類＞　あさり　蒸し,32.00,4.90,0.80,0.40,5.00,0.10,0.40,0.01,0.15,0.00,2.00
1492,＜貝類＞　あさり　つくだ煮,218.00,20.80,2.40,30.10,43.00,0.00,1.40,0.02,0.18,0.00,7.40
1493,＜貝類＞　あさり　缶詰　水煮,102.00,20.30,2.20,1.90,6.00,0.00,2.70,0.00,0.09,0.00,1.00
1494,＜貝類＞　あさり　缶詰　味付け,124.00,16.60,1.90,11.50,6.00,0.00,2.30,0.00,0.06,0.00,1.60
1495,＜貝類＞　あわび　くろあわび　生,76.00,14.30,0.80,3.60,1.00,0.00,0.30,0.15,0.09,1.00,1.10
1496,＜貝類＞　あわび　まだかあわび　生,74.00,14.60,0.40,3.30,2.00,0.00,1.10,0.02,0.10,2.00,0.80
1497,＜貝類＞　あわび　めがいあわび　生,74.00,12.20,0.30,6.80,1.00,0.00,0.30,0.16,0.09,1.00,0.80
1498,＜貝類＞　あわび　干し,257.00,38.00,1.60,23.80,4.00,0.00,1.20,0.36,0.11,0.00,7.40
1499,＜貝類＞　あわび　塩辛,93.00,14.80,3.90,1.40,58.00,0.00,2.50,0.20,0.70,0.00,6.60
1500,＜貝類＞　あわび　水煮缶詰,85.00,19.40,0.40,1.00,0.00,0.00,1.50,0.04,0.04,0.00,1.40
1501,＜貝類＞　いがい　生,63.00,10.30,1.60,3.20,34.00,0.00,1.10,0.01,0.37,5.00,1.40
1502,＜貝類＞　いたやがい　養殖　生,55.00,10.80,0.80,1.50,6.00,0.00,0.40,0.00,0.20,0.00,1.10
1503,＜貝類＞　エスカルゴ　水煮缶詰,75.00,16.50,1.00,0.80,0.00,0.00,0.60,0.00,0.09,0.00,0.70
1504,＜貝類＞　かき　養殖　生,58.00,6.90,2.20,4.90,24.00,0.10,1.30,0.07,0.14,3.00,1.20
1505,＜貝類＞　かき　養殖　水煮,90.00,9.90,3.60,7.10,43.00,0.10,2.90,0.07,0.15,3.00,0.90
1506,＜貝類＞　かき　養殖　フライ,256.00,7.60,11.10,32.90,19.00,0.10,3.10,0.07,0.16,2.00,1.00
1507,＜貝類＞　かき　くん製油漬缶詰,294.00,12.50,22.60,11.20,2.00,0.00,9.50,0.05,0.09,0.00,0.80
1508,＜貝類＞　さざえ　生,83.00,19.40,0.40,0.80,31.00,0.00,2.30,0.04,0.09,1.00,0.60
1509,＜貝類＞　さざえ　焼き,91.00,21.30,0.40,0.90,44.00,0.00,2.80,0.04,0.10,1.00,0.70
1510,＜貝類＞　さるぼう　味付け缶詰,131.00,15.90,2.20,12.90,8.00,0.00,2.50,0.01,0.07,0.00,2.20
1511,＜貝類＞　しじみ　生,54.00,7.50,1.40,4.50,33.00,0.20,1.70,0.02,0.44,2.00,0.40
1512,＜貝類＞　しじみ　水煮,95.00,15.40,2.70,5.50,76.00,0.60,3.90,0.02,0.57,1.00,0.30
1513,＜貝類＞　たいらがい　貝柱　生,94.00,21.80,0.20,1.50,0.00,0.00,0.80,0.01,0.09,2.00,0.70
1514,＜貝類＞　たにし　生,73.00,13.00,1.10,3.60,95.00,0.00,0.50,0.11,0.32,0.00,0.10
1515,＜貝類＞　つぶ　生,82.00,17.80,0.20,2.30,2.00,0.00,1.80,0.00,0.12,0.00,1.00
1516,＜貝類＞　とこぶし　生,78.00,16.00,0.40,3.00,5.00,0.00,1.30,0.15,0.14,1.00,0.70
1517,＜貝類＞　とりがい　斧足　生,81.00,12.90,0.30,6.90,0.00,0.00,1.20,0.16,0.06,1.00,0.30
1518,＜貝類＞　ばい　生,81.00,16.30,0.60,3.10,1.00,0.00,2.20,0.03,0.14,2.00,0.60
1519,＜貝類＞　ばかがい　生,56.00,10.90,0.50,2.40,5.00,0.00,0.80,0.14,0.06,1.00,0.80
1520,＜貝類＞　（はまぐり類）　はまぐり　生,35.00,6.10,0.60,1.80,9.00,0.00,0.60,0.08,0.16,1.00,2.00
1521,＜貝類＞　（はまぐり類）　はまぐり　水煮,79.00,14.90,1.50,2.90,16.00,0.00,2.80,0.15,0.27,1.00,1.20
1522,＜貝類＞　（はまぐり類）　はまぐり　焼き,70.00,13.30,1.00,2.80,16.00,0.00,2.30,0.13,0.29,2.00,2.00
1523,＜貝類＞　（はまぐり類）　はまぐり　つくだ煮,211.00,27.00,2.80,21.40,0.00,0.00,1.90,0.02,0.10,0.00,7.10
1524,＜貝類＞　（はまぐり類）　ちょうせんはまぐり　生,41.00,6.50,1.00,2.70,6.00,0.00,0.50,0.13,0.12,1.00,1.30
1525,＜貝類＞　ほたてがい　生,66.00,13.50,0.90,1.50,23.00,0.00,0.90,0.05,0.29,3.00,0.80
1526,＜貝類＞　ほたてがい　水煮,89.00,17.60,1.90,1.90,34.00,0.00,1.70,0.04,0.29,2.00,0.60
1527,＜貝類＞　ほたてがい　貝柱　生,82.00,16.90,0.30,3.50,1.00,0.00,0.80,0.01,0.06,2.00,0.30
1528,＜貝類＞　ほたてがい　貝柱　焼き,123.00,23.80,0.30,4.60,1.00,0.00,1.10,0.01,0.08,1.00,0.40
1529,＜貝類＞　ほたてがい　貝柱　煮干し,301.00,65.70,1.40,7.60,0.00,0.00,2.50,0.12,0.30,0.00,6.40
1530,＜貝類＞　ほたてがい　貝柱　水煮缶詰,87.00,19.50,0.60,1.50,0.00,0.00,1.10,0.00,0.05,0.00,1.00
1531,＜貝類＞　ほっきがい　生,66.00,11.10,1.10,3.80,7.00,0.00,1.40,0.01,0.16,2.00,0.60
1532,＜貝類＞　みるがい　水管　生,77.00,18.30,0.40,0.30,0.00,0.00,0.60,0.00,0.14,1.00,0.80
1533,＜えび・かに類＞　（えび類）　あまえび　生,85.00,19.80,1.50,0.10,3.00,0.00,3.40,0.02,0.03,0.00,0.80
153301,＜えび・かに類＞　（えび類）　アルゼンチンあかえび　生,73.00,19.10,0.70,0.00,0.00,0.00,1.40,0.04,0.04,1.00,0.80
153302,＜えび・かに類＞　（えび類）　アルゼンチンあかえび　ゆで,95.00,22.50,1.80,0.00,1.00,0.00,2.10,0.04,0.06,0.00,0.80
153303,＜えび・かに類＞　（えび類）　アルゼンチンあかえび　焼き,82.00,21.00,1.40,0.10,1.00,0.00,1.60,0.03,0.06,1.00,0.90
1534,＜えび・かに類＞　（えび類）　いせえび　生,86.00,20.90,0.40,0.00,0.00,0.00,3.80,0.01,0.03,1.00,0.90
1535,＜えび・かに類＞　（えび類）　くるまえび　養殖　生,90.00,21.60,0.60,0.00,4.00,0.00,1.60,0.11,0.06,0.00,0.40
1536,＜えび・かに類＞　（えび類）　くるまえび　養殖　ゆで,116.00,28.20,0.50,0.00,5.00,0.00,2.30,0.09,0.05,0.00,0.50
1537,＜えび・かに類＞　（えび類）　くるまえび　養殖　焼き,97.00,23.50,0.40,0.00,4.00,0.00,2.70,0.11,0.05,1.00,0.50
1538,＜えび・かに類＞　（えび類）　さくらえび　生,78.00,16.60,2.00,0.10,2.00,0.10,2.30,0.10,0.08,1.00,0.70
1539,＜えび・かに類＞　（えび類）　さくらえび　ゆで,82.00,18.20,1.50,0.00,7.00,0.00,2.80,0.10,0.08,0.00,2.10
1540,＜えび・かに類＞　（えび類）　さくらえび　素干し,286.00,64.90,4.00,0.10,0.00,0.00,7.20,0.17,0.15,0.00,3.00
1541,＜えび・かに類＞　（えび類）　さくらえび　煮干し,252.00,59.10,2.50,0.10,0.00,0.00,3.40,0.16,0.11,0.00,8.60
1542,＜えび・かに類＞　（えび類）　大正えび　生,89.00,21.70,0.30,0.10,6.00,0.00,1.80,0.03,0.04,1.00,0.50
1543,＜えび・かに類＞　（えび類）　しばえび　生,78.00,18.70,0.40,0.10,4.00,0.00,1.70,0.02,0.06,2.00,0.60
1544,＜えび・かに類＞　（えび類）　バナメイえび　養殖　生,82.00,19.60,0.60,0.70,0.00,0.00,1.70,0.03,0.04,1.00,0.30
1545,＜えび・かに類＞　（えび類）　バナメイえび　養殖　天ぷら,194.00,20.00,10.30,6.50,1.00,0.00,3.60,0.04,0.06,0.00,0.30
1546,＜えび・かに類＞　（えび類）　ブラックタイガー　養殖　生,77.00,18.40,0.30,0.30,1.00,0.00,1.40,0.07,0.03,0.00,0.40
1547,＜えび・かに類＞　（えび類）　加工品　干しえび,213.00,48.60,2.80,0.30,14.00,0.00,2.50,0.10,0.19,0.00,3.80
1548,＜えび・かに類＞　（えび類）　加工品　つくだ煮,239.00,25.90,2.20,30.10,0.00,0.00,6.30,0.14,0.11,0.00,4.80
1549,＜えび・かに類＞　（かに類）　がざみ　生,61.00,14.40,0.30,0.30,1.00,0.00,1.80,0.02,0.15,0.00,0.90
1550,＜えび・かに類＞　（かに類）　毛がに　生,67.00,15.80,0.50,0.20,0.00,0.00,2.20,0.07,0.23,0.00,0.60
1551,＜えび・かに類＞　（かに類）　毛がに　ゆで,78.00,18.40,0.50,0.20,0.00,0.00,3.70,0.07,0.23,0.00,0.60
1552,＜えび・かに類＞　（かに類）　ずわいがに　生,59.00,13.90,0.40,0.10,0.00,0.00,2.10,0.24,0.60,0.00,0.80
1553,＜えび・かに類＞　（かに類）　ずわいがに　ゆで,65.00,15.00,0.60,0.10,0.00,0.00,2.60,0.21,0.57,0.00,0.60
1554,＜えび・かに類＞　（かに類）　ずわいがに　水煮缶詰,69.00,16.30,0.40,0.20,0.00,0.00,2.00,0.00,0.03,0.00,1.70
1555,＜えび・かに類＞　（かに類）　たらばがに　生,56.00,13.00,0.90,0.20,1.00,0.00,1.90,0.05,0.07,1.00,0.90
1556,＜えび・かに類＞　（かに類）　たらばがに　ゆで,77.00,17.50,1.50,0.30,1.00,0.00,3.00,0.07,0.06,0.00,0.80
1557,＜えび・かに類＞　（かに類）　たらばがに　水煮缶詰,85.00,20.60,0.30,0.10,0.00,0.00,2.90,0.02,0.10,0.00,1.50
1558,＜えび・かに類＞　（かに類）　加工品　がん漬,58.00,8.40,0.40,5.40,0.00,0.00,1.80,0.10,0.50,0.00,19.10
1559,＜いか・たこ類＞　（いか類）　あかいか　生,81.00,17.90,1.50,0.00,4.00,0.00,2.20,0.01,0.02,1.00,0.50
1560,＜いか・たこ類＞　（いか類）　けんさきいか　生,77.00,17.50,1.00,0.10,7.00,0.00,1.60,0.01,0.02,2.00,0.50
1561,＜いか・たこ類＞　（いか類）　こういか　生,64.00,14.90,1.30,0.10,5.00,0.00,2.20,0.03,0.05,1.00,0.70
1562,＜いか・たこ類＞　（いか類）　するめいか　生,76.00,17.90,0.80,0.10,13.00,0.30,2.10,0.07,0.05,1.00,0.50
1563,＜いか・たこ類＞　（いか類）　するめいか　水煮,98.00,21.90,0.90,0.10,16.00,0.00,2.50,0.05,0.06,1.00,0.60
1564,＜いか・たこ類＞　（いか類）　するめいか　焼き,108.00,23.60,1.00,0.10,22.00,0.00,2.50,0.09,0.07,1.00,0.80
1565,＜いか・たこ類＞　（いか類）　するめいか　胴　皮つき　生,78.00,18.60,0.70,0.10,12.00,0.30,1.90,0.06,0.04,2.00,0.50
1566,＜いか・たこ類＞　（いか類）　するめいか　胴　皮なし　生,80.00,18.60,0.60,0.10,11.00,0.20,1.50,0.06,0.04,2.00,0.50
1567,＜いか・たこ類＞　（いか類）　するめいか　胴　皮なし　天ぷら,175.00,16.70,10.80,6.30,11.00,0.20,3.00,0.07,0.07,1.00,0.40
156701,＜いか・たこ類＞　（いか類）　するめいか　胴　皮なし　フライ,352.00,24.80,23.40,1.10,7.00,0.10,5.80,0.07,0.06,1.00,0.90
1568,＜いか・たこ類＞　（いか類）　するめいか　耳・足　生,75.00,16.90,0.90,0.00,15.00,0.40,2.40,0.09,0.06,1.00,0.60
1569,＜いか・たこ類＞　（いか類）　ほたるいか　生,74.00,11.80,3.50,0.20,"1,500.00",0.00,4.30,0.19,0.27,5.00,0.70
1570,＜いか・たこ類＞　（いか類）　ほたるいか　ゆで,91.00,17.70,2.90,0.40,"1,900.00",0.00,4.50,0.20,0.30,0.00,0.60
1571,＜いか・たこ類＞　（いか類）　ほたるいか　くん製,305.00,43.10,7.50,21.30,150.00,0.00,2.30,0.40,0.50,0.00,3.80
1572,＜いか・たこ類＞　（いか類）　ほたるいか　つくだ煮,245.00,27.00,6.70,22.90,690.00,0.00,1.90,0.09,0.21,0.00,3.00
1573,＜いか・たこ類＞　（いか類）　やりいか　生,79.00,17.60,1.00,0.40,8.00,0.00,1.40,0.04,0.03,2.00,0.40
1574,＜いか・たこ類＞　（いか類）　加工品　するめ,304.00,69.20,4.30,0.40,22.00,0.00,4.40,0.10,0.10,0.00,2.30
1575,＜いか・たこ類＞　（いか類）　加工品　さきいか,268.00,45.50,3.10,17.30,3.00,0.00,1.70,0.06,0.09,0.00,6.90
1576,＜いか・たこ類＞　（いか類）　加工品　くん製,202.00,35.20,1.50,12.80,0.00,0.00,1.80,0.10,0.15,0.00,6.10
1577,＜いか・たこ類＞　（いか類）　加工品　切りいかあめ煮,310.00,22.70,4.70,46.10,0.00,0.00,1.90,0.06,0.10,0.00,2.80
1578,＜いか・たこ類＞　（いか類）　加工品　いかあられ,289.00,20.00,1.80,49.10,0.00,0.00,1.10,0.07,0.10,0.00,1.80
1579,＜いか・たこ類＞　（いか類）　加工品　塩辛,114.00,15.20,3.40,6.50,200.00,0.00,3.30,0.00,0.10,0.00,6.90
1580,＜いか・たこ類＞　（いか類）　加工品　味付け缶詰,127.00,21.40,1.80,7.70,7.00,0.00,2.80,0.02,0.07,0.00,1.80
1581,＜いか・たこ類＞　（たこ類）　いいだこ　生,64.00,14.60,0.80,0.10,36.00,0.00,2.70,0.01,0.08,1.00,0.60
1582,＜いか・たこ類＞　（たこ類）　まだこ　皮つき　生,70.00,16.10,0.90,0.20,1.00,0.00,0.80,0.03,0.08,1.00,1.00
158201,＜いか・たこ類＞　（たこ類）　まだこ　皮なし　生,88.00,19.00,1.00,0.40,1.00,0.00,0.90,0.04,0.04,2.00,1.80
1583,＜いか・たこ類＞　（たこ類）　まだこ　ゆで,91.00,21.70,0.70,0.10,5.00,0.00,1.90,0.03,0.05,0.00,0.60
158301,＜いか・たこ類＞　（たこ類）　まだこ　蒸しだこ,75.00,16.80,1.20,0.20,2.00,0.00,1.20,0.03,0.04,1.00,1.20
158302,＜いか・たこ類＞　（たこ類）　まだこ　蒸しだこ　油いため,112.00,22.40,3.00,0.20,4.00,0.00,2.10,0.03,0.04,1.00,1.20
158303,＜いか・たこ類＞　（たこ類）　まだこ　蒸しだこ　素揚げ,131.00,26.00,4.00,0.20,4.00,0.00,2.50,0.04,0.05,1.00,1.40
1584,＜いか・たこ類＞　（たこ類）　みずだこ　生,61.00,13.40,0.90,0.10,4.00,0.10,1.10,0.04,0.05,1.00,1.10
1585,＜その他＞　あみ　つくだ煮,230.00,19.10,1.80,35.10,170.00,0.00,4.70,0.13,0.21,0.00,6.90
1586,＜その他＞　あみ　塩辛,62.00,12.90,1.10,0.80,65.00,0.00,2.40,0.07,0.07,0.00,19.80
1587,＜その他＞　うに　生うに,109.00,16.00,4.80,3.30,58.00,0.00,3.60,0.10,0.44,3.00,0.60
1588,＜その他＞　うに　粒うに,172.00,17.20,5.80,15.60,83.00,0.00,3.60,0.14,0.65,0.00,8.40
1589,＜その他＞　うに　練りうに,166.00,13.50,2.90,22.40,25.00,0.00,4.40,0.00,0.30,0.00,7.10
1590,＜その他＞　おきあみ　生,84.00,15.00,3.20,0.20,180.00,0.00,2.50,0.15,0.26,2.00,1.10
1591,＜その他＞　おきあみ　ゆで,78.00,13.80,3.00,0.00,150.00,0.00,2.20,0.21,0.25,1.00,1.60
1592,＜その他＞　くらげ　塩蔵　塩抜き,21.00,5.20,0.10,0.00,0.00,0.00,0.00,0.00,0.01,0.00,0.30
1593,＜その他＞　しゃこ　ゆで,89.00,19.20,1.70,0.20,180.00,0.00,2.80,0.26,0.13,0.00,0.80
1594,＜その他＞　なまこ　生,22.00,4.60,0.30,0.50,0.00,0.00,0.40,0.05,0.02,0.00,1.70
1595,＜その他＞　なまこ　このわた,54.00,11.40,1.80,0.50,66.00,0.00,0.40,0.20,0.50,0.00,4.60
1596,＜その他＞　ほや　生,27.00,5.00,0.80,0.80,0.00,0.00,1.20,0.01,0.13,3.00,3.30
1597,＜その他＞　ほや　塩辛,69.00,11.60,1.10,3.80,0.00,0.00,1.30,0.01,0.18,0.00,3.60
1598,＜水産練り製品＞　かに風味かまぼこ,89.00,12.10,0.50,9.20,21.00,1.00,0.90,0.01,0.04,1.00,2.20
1599,＜水産練り製品＞　黒はんぺん,119.00,11.20,2.90,13.70,4.00,4.80,0.10,0.00,0.10,0.00,1.40
1600,＜水産練り製品＞　昆布巻きかまぼこ,83.00,8.90,0.50,11.00,6.00,0.00,0.30,0.03,0.08,0.00,2.40
1601,＜水産練り製品＞　す巻きかまぼこ,89.00,12.00,0.80,8.70,0.00,1.00,0.30,0.00,0.01,0.00,2.20
1602,＜水産練り製品＞　蒸しかまぼこ,93.00,12.00,0.90,9.70,0.00,2.00,0.20,0.00,0.01,0.00,2.50
1603,＜水産練り製品＞　焼き抜きかまぼこ,102.00,16.20,1.00,7.40,0.00,2.00,0.30,0.05,0.08,0.00,2.40
1604,＜水産練り製品＞　焼き竹輪,107.00,13.20,0.40,13.30,11.00,1.00,0.30,0.01,0.05,36.00,2.50
1605,＜水産練り製品＞　だて巻,190.00,14.60,7.50,17.60,60.00,1.00,1.80,0.04,0.20,0.00,0.90
1606,＜水産練り製品＞　つみれ,104.00,12.00,4.30,6.50,0.00,5.00,0.20,0.02,0.20,0.00,1.40
1607,＜水産練り製品＞　なると,80.00,7.60,0.40,11.60,0.00,0.00,0.10,0.00,0.01,0.00,2.00
1608,＜水産練り製品＞　はんぺん,93.00,9.90,1.00,11.40,0.00,0.00,0.40,0.00,0.01,0.00,1.50
1609,＜水産練り製品＞　さつま揚げ,116.00,11.30,2.40,12.60,6.00,0.90,0.40,0.01,0.03,0.00,2.00
1610,＜水産練り製品＞　魚肉ハム,155.00,13.40,6.70,11.10,0.00,1.60,0.60,0.20,0.60,0.00,2.30
1611,＜水産練り製品＞　魚肉ソーセージ,158.00,11.50,7.20,12.60,0.00,0.90,0.20,0.20,0.60,0.00,2.10
1612,＜畜肉類＞　いのしし　肉　脂身つき　生,249.00,18.80,19.80,0.50,4.00,0.40,0.50,0.24,0.29,1.00,0.10
1613,＜畜肉類＞　いのぶた　肉　脂身つき　生,275.00,18.10,24.10,0.30,11.00,1.10,0.40,0.62,0.16,1.00,0.10
1614,＜畜肉類＞　うさぎ　肉　赤肉　生,131.00,20.50,6.30,0.00,3.00,0.00,0.50,0.10,0.19,1.00,0.10
1615,＜畜肉類＞　うし　［和牛肉］　かた　脂身つき　生,258.00,17.70,22.30,0.30,0.00,0.00,0.40,0.08,0.21,1.00,0.10
1616,＜畜肉類＞　うし　［和牛肉］　かた　皮下脂肪なし　生,239.00,18.30,19.80,0.30,0.00,0.00,0.40,0.08,0.22,1.00,0.10
1617,＜畜肉類＞　うし　［和牛肉］　かた　赤肉　生,183.00,20.20,12.20,0.30,0.00,0.00,0.30,0.09,0.24,1.00,0.10
1618,＜畜肉類＞　うし　［和牛肉］　かた　脂身　生,692.00,4.00,78.00,0.00,3.00,0.00,0.90,0.02,0.03,0.00,0.00
1619,＜畜肉類＞　うし　［和牛肉］　かたロース　脂身つき　生,380.00,13.80,37.40,0.20,3.00,0.00,0.50,0.06,0.17,1.00,0.10
1620,＜畜肉類＞　うし　［和牛肉］　かたロース　皮下脂肪なし　生,373.00,14.00,36.50,0.20,3.00,0.00,0.50,0.06,0.17,1.00,0.10
1621,＜畜肉類＞　うし　［和牛肉］　かたロース　赤肉　生,293.00,16.50,26.10,0.20,3.00,0.00,0.40,0.07,0.21,1.00,0.10
1622,＜畜肉類＞　うし　［和牛肉］　リブロース　脂身つき　生,514.00,9.70,56.50,0.10,11.00,0.00,0.60,0.04,0.09,1.00,0.10
1623,＜畜肉類＞　うし　［和牛肉］　リブロース　脂身つき　ゆで,539.00,12.60,58.20,0.10,8.00,0.00,0.70,0.03,0.08,0.00,0.10
1624,＜畜肉類＞　うし　［和牛肉］　リブロース　脂身つき　焼き,541.00,14.60,56.80,0.20,8.00,0.00,0.70,0.05,0.12,1.00,0.10
1625,＜畜肉類＞　うし　［和牛肉］　リブロース　皮下脂肪なし　生,502.00,10.30,54.40,0.10,10.00,0.00,0.60,0.04,0.09,1.00,0.10
1626,＜畜肉類＞　うし　［和牛肉］　リブロース　赤肉　生,395.00,14.00,40.00,0.20,7.00,0.00,0.40,0.05,0.13,1.00,0.10
1627,＜畜肉類＞　うし　［和牛肉］　リブロース　脂身　生,674.00,4.20,78.00,0.00,16.00,0.00,0.90,0.02,0.03,0.00,0.10
1628,＜畜肉類＞　うし　［和牛肉］　サーロイン　脂身つき　生,460.00,11.70,47.50,0.30,3.00,0.00,0.60,0.05,0.12,1.00,0.10
1629,＜畜肉類＞　うし　［和牛肉］　サーロイン　皮下脂肪なし　生,422.00,12.90,42.50,0.30,3.00,0.00,0.50,0.05,0.13,1.00,0.10
1630,＜畜肉類＞　うし　［和牛肉］　サーロイン　赤肉　生,294.00,17.10,25.80,0.40,2.00,0.00,0.40,0.07,0.17,1.00,0.10
1631,＜畜肉類＞　うし　［和牛肉］　ばら　脂身つき　生,472.00,11.00,50.00,0.10,3.00,0.00,0.60,0.04,0.11,1.00,0.10
1632,＜畜肉類＞　うし　［和牛肉］　もも　脂身つき　生,235.00,19.20,18.70,0.50,0.00,0.00,0.30,0.09,0.20,1.00,0.10
1633,＜畜肉類＞　うし　［和牛肉］　もも　皮下脂肪なし　生,212.00,20.20,15.50,0.60,0.00,0.00,0.20,0.09,0.21,1.00,0.10
1634,＜畜肉類＞　うし　［和牛肉］　もも　皮下脂肪なし　ゆで,302.00,25.70,23.30,0.20,0.00,0.00,0.40,0.05,0.19,0.00,0.10
1635,＜畜肉類＞　うし　［和牛肉］　もも　皮下脂肪なし　焼き,300.00,27.70,22.70,0.50,0.00,0.00,0.40,0.09,0.24,1.00,0.10
1636,＜畜肉類＞　うし　［和牛肉］　もも　赤肉　生,176.00,21.30,10.70,0.60,0.00,0.00,0.20,0.10,0.22,1.00,0.10
1637,＜畜肉類＞　うし　［和牛肉］　もも　脂身　生,664.00,4.40,75.40,0.00,3.00,0.00,0.70,0.02,0.02,1.00,0.10
1638,＜畜肉類＞　うし　［和牛肉］　そともも　脂身つき　生,244.00,17.80,20.00,0.50,1.00,0.00,0.30,0.08,0.18,1.00,0.10
1639,＜畜肉類＞　うし　［和牛肉］　そともも　皮下脂肪なし　生,219.00,18.70,16.60,0.50,0.00,0.00,0.20,0.08,0.19,1.00,0.10
1640,＜畜肉類＞　うし　［和牛肉］　そともも　赤肉　生,159.00,20.70,8.70,0.60,0.00,0.00,0.20,0.09,0.22,1.00,0.10
1641,＜畜肉類＞　うし　［和牛肉］　ランプ　脂身つき　生,319.00,15.10,29.90,0.40,2.00,0.00,0.50,0.08,0.19,1.00,0.10
1642,＜畜肉類＞　うし　［和牛肉］　ランプ　皮下脂肪なし　生,293.00,16.00,26.40,0.40,2.00,0.00,0.40,0.09,0.20,1.00,0.10
1643,＜畜肉類＞　うし　［和牛肉］　ランプ　赤肉　生,196.00,19.20,13.60,0.50,1.00,0.00,0.40,0.10,0.25,1.00,0.10
1644,＜畜肉類＞　うし　［和牛肉］　ヒレ　赤肉　生,207.00,19.10,15.00,0.30,1.00,0.00,0.40,0.09,0.24,1.00,0.10
1645,＜畜肉類＞　うし　［乳用肥育牛肉］　かた　脂身つき　生,231.00,17.10,19.80,0.30,5.00,0.00,0.40,0.08,0.20,1.00,0.20
1646,＜畜肉類＞　うし　［乳用肥育牛肉］　かた　脂身つき　ゆで,298.00,20.80,23.80,0.10,1.00,0.00,0.50,0.05,0.16,0.00,0.10
1647,＜畜肉類＞　うし　［乳用肥育牛肉］　かた　脂身つき　焼き,322.00,23.00,25.50,0.20,0.00,0.00,0.50,0.00,0.01,0.00,0.10
1648,＜畜肉類＞　うし　［乳用肥育牛肉］　かた　皮下脂肪なし　生,193.00,17.90,14.90,0.40,4.00,0.00,0.40,0.09,0.21,1.00,0.10
1649,＜畜肉類＞　うし　［乳用肥育牛肉］　かた　赤肉　生,138.00,20.40,6.70,0.20,3.00,0.00,0.30,0.10,0.24,1.00,0.20
1650,＜畜肉類＞　うし　［乳用肥育牛肉］　かた　赤肉　ゆで,174.00,27.90,7.10,1.00,1.00,0.10,0.50,0.08,0.26,1.00,0.10
1651,＜畜肉類＞　うし　［乳用肥育牛肉］　かた　赤肉　焼き,175.00,26.90,7.70,0.80,1.00,0.10,0.50,0.12,0.30,1.00,0.20
1652,＜畜肉類＞　うし　［乳用肥育牛肉］　かた　脂身　生,650.00,4.50,73.30,0.00,17.00,0.00,0.80,0.02,0.03,1.00,0.10
1653,＜畜肉類＞　うし　［乳用肥育牛肉］　かたロース　脂身つき　生,295.00,16.20,26.40,0.20,7.00,0.10,0.50,0.06,0.17,1.00,0.10
1654,＜畜肉類＞　うし　［乳用肥育牛肉］　かたロース　皮下脂肪なし　生,285.00,16.50,25.20,0.20,7.00,0.10,0.50,0.06,0.17,1.00,0.10
1655,＜畜肉類＞　うし　［乳用肥育牛肉］　かたロース　赤肉　生,196.00,19.10,13.90,0.20,5.00,0.10,0.50,0.07,0.20,1.00,0.10
1656,＜畜肉類＞　うし　［乳用肥育牛肉］　リブロース　脂身つき　生,380.00,14.10,37.10,0.20,13.00,0.10,0.50,0.05,0.12,1.00,0.10
1657,＜畜肉類＞　うし　［乳用肥育牛肉］　リブロース　脂身つき　ゆで,428.00,17.20,43.00,0.30,14.00,0.10,0.40,0.04,0.11,0.00,0.10
1658,＜畜肉類＞　うし　［乳用肥育牛肉］　リブロース　脂身つき　焼き,457.00,20.40,45.00,0.30,14.00,0.10,0.60,0.07,0.17,1.00,0.10
1659,＜畜肉類＞　うし　［乳用肥育牛肉］　リブロース　皮下脂肪なし　生,351.00,15.00,33.40,0.20,12.00,0.10,0.40,0.05,0.13,1.00,0.10
1660,＜畜肉類＞　うし　［乳用肥育牛肉］　リブロース　赤肉　生,230.00,18.80,17.80,0.30,10.00,0.20,0.30,0.06,0.17,2.00,0.10
1661,＜畜肉類＞　うし　［乳用肥育牛肉］　リブロース　脂身　生,703.00,3.70,80.50,0.00,18.00,0.00,0.80,0.02,0.02,1.00,0.00
1662,＜畜肉類＞　うし　［乳用肥育牛肉］　サーロイン　脂身つき　生,313.00,16.50,27.90,0.40,8.00,0.00,0.40,0.06,0.10,1.00,0.10
1663,＜畜肉類＞　うし　［乳用肥育牛肉］　サーロイン　皮下脂肪なし　生,253.00,18.40,20.20,0.50,7.00,0.00,0.40,0.06,0.11,1.00,0.10
1664,＜畜肉類＞　うし　［乳用肥育牛肉］　サーロイン　赤肉　生,167.00,21.10,9.10,0.60,5.00,0.00,0.30,0.07,0.12,2.00,0.20
1665,＜畜肉類＞　うし　［乳用肥育牛肉］　ばら　脂身つき　生,381.00,12.80,39.40,0.30,13.00,0.00,0.60,0.05,0.12,1.00,0.10
1666,＜畜肉類＞　うし　［乳用肥育牛肉］　ばら　脂身つき　焼き,451.00,15.90,44.20,0.30,12.00,0.00,0.80,0.06,0.14,0.00,0.20
1667,＜畜肉類＞　うし　［乳用肥育牛肉］　もも　脂身つき　生,196.00,19.50,13.30,0.40,3.00,0.00,0.60,0.08,0.20,1.00,0.10
1668,＜畜肉類＞　うし　［乳用肥育牛肉］　もも　皮下脂肪なし　生,169.00,20.50,9.90,0.40,2.00,0.00,0.50,0.08,0.21,1.00,0.10
1669,＜畜肉類＞　うし　［乳用肥育牛肉］　もも　皮下脂肪なし　ゆで,235.00,28.40,13.80,0.60,0.00,0.00,0.10,0.07,0.23,0.00,0.10
1670,＜畜肉類＞　うし　［乳用肥育牛肉］　もも　皮下脂肪なし　焼き,227.00,28.00,13.20,0.60,0.00,0.00,0.20,0.10,0.27,1.00,0.20
1671,＜畜肉類＞　うし　［乳用肥育牛肉］　もも　赤肉　生,130.00,21.90,4.90,0.40,1.00,0.00,0.40,0.09,0.22,1.00,0.10
1672,＜畜肉類＞　うし　［乳用肥育牛肉］　もも　脂身　生,594.00,5.10,64.10,0.20,17.00,0.00,1.90,0.03,0.03,1.00,0.10
1673,＜畜肉類＞　うし　［乳用肥育牛肉］　そともも　脂身つき　生,220.00,18.20,16.30,0.60,5.00,0.00,0.50,0.08,0.17,1.00,0.10
1674,＜畜肉類＞　うし　［乳用肥育牛肉］　そともも　皮下脂肪なし　生,179.00,19.60,11.10,0.60,4.00,0.00,0.40,0.09,0.19,1.00,0.10
1675,＜畜肉類＞　うし　［乳用肥育牛肉］　そともも　赤肉　生,131.00,21.30,5.00,0.70,2.00,0.00,0.20,0.09,0.21,1.00,0.20
1676,＜畜肉類＞　うし　［乳用肥育牛肉］　ランプ　脂身つき　生,234.00,18.60,17.80,0.60,6.00,0.00,0.70,0.08,0.19,1.00,0.10
1677,＜畜肉類＞　うし　［乳用肥育牛肉］　ランプ　皮下脂肪なし　生,203.00,19.70,13.90,0.60,5.00,0.00,0.60,0.09,0.20,1.00,0.10
1678,＜畜肉類＞　うし　［乳用肥育牛肉］　ランプ　赤肉　生,142.00,22.00,6.10,0.70,3.00,0.00,0.40,0.10,0.23,2.00,0.20
1679,＜畜肉類＞　うし　［乳用肥育牛肉］　ヒレ　赤肉　生,177.00,20.80,11.20,0.50,4.00,0.00,0.50,0.12,0.26,1.00,0.10
1680,＜畜肉類＞　うし　［乳用肥育牛肉］　ヒレ　赤肉　焼き,238.00,27.20,15.20,0.40,3.00,0.00,0.30,0.16,0.35,0.00,0.20
1681,＜畜肉類＞　うし　［交雑牛肉］　リブロース　脂身つき　生,489.00,12.00,51.80,0.30,3.00,0.00,0.60,0.05,0.10,1.00,0.10
1682,＜畜肉類＞　うし　［交雑牛肉］　リブロース　脂身つき　ゆで,540.00,13.20,56.50,0.10,0.00,0.00,0.70,0.03,0.08,0.00,0.00
1683,＜畜肉類＞　うし　［交雑牛肉］　リブロース　脂身つき　焼き,575.00,14.50,60.10,0.20,0.00,0.00,0.70,0.06,0.11,0.00,0.10
1684,＜畜肉類＞　うし　［交雑牛肉］　リブロース　皮下脂肪なし　生,438.00,13.60,45.20,0.30,3.00,0.00,0.50,0.05,0.11,1.00,0.10
1685,＜畜肉類＞　うし　［交雑牛肉］　リブロース　赤肉　生,338.00,16.70,32.30,0.40,2.00,0.00,0.40,0.07,0.14,1.00,0.10
1686,＜畜肉類＞　うし　［交雑牛肉］　リブロース　脂身　生,759.00,3.60,86.70,0.00,5.00,0.00,0.90,0.01,0.02,0.00,0.00
1687,＜畜肉類＞　うし　［交雑牛肉］　ばら　脂身つき　生,445.00,12.20,44.40,0.30,3.00,0.00,0.50,0.05,0.10,1.00,0.20
1688,＜畜肉類＞　うし　［交雑牛肉］　もも　脂身つき　生,312.00,16.40,28.90,0.40,2.00,0.00,0.30,0.08,0.16,1.00,0.20
1689,＜畜肉類＞　うし　［交雑牛肉］　もも　皮下脂肪なし　生,250.00,18.30,21.60,0.40,1.00,0.00,0.20,0.09,0.18,1.00,0.20
1690,＜畜肉類＞　うし　［交雑牛肉］　もも　皮下脂肪なし　ゆで,331.00,25.70,28.20,0.20,0.00,0.00,0.60,0.05,0.15,0.00,0.10
1691,＜畜肉類＞　うし　［交雑牛肉］　もも　皮下脂肪なし　焼き,313.00,25.00,27.60,0.50,1.00,0.00,0.50,0.09,0.18,1.00,0.20
1692,＜畜肉類＞　うし　［交雑牛肉］　もも　赤肉　生,222.00,19.30,17.50,0.50,1.00,0.00,0.20,0.10,0.19,1.00,0.20
1693,＜畜肉類＞　うし　［交雑牛肉］　もも　脂身　生,682.00,4.80,75.80,0.10,5.00,0.00,0.80,0.02,0.02,0.00,0.10
1694,＜畜肉類＞　うし　［交雑牛肉］　ヒレ　赤肉　生,229.00,19.00,18.00,0.40,2.00,0.00,0.10,0.11,0.23,1.00,0.10
1695,＜畜肉類＞　うし　［輸入牛肉］　かた　脂身つき　生,160.00,19.00,10.60,0.10,7.00,0.30,0.60,0.08,0.22,1.00,0.10
1696,＜畜肉類＞　うし　［輸入牛肉］　かた　皮下脂肪なし　生,138.00,19.60,7.80,0.10,5.00,0.30,0.60,0.08,0.23,1.00,0.10
1697,＜畜肉類＞　うし　［輸入牛肉］　かた　赤肉　生,114.00,20.40,4.60,0.10,4.00,0.20,0.60,0.09,0.25,1.00,0.10
1698,＜畜肉類＞　うし　［輸入牛肉］　かた　脂身　生,537.00,7.10,60.50,0.00,30.00,1.20,1.20,0.03,0.04,1.00,0.10
1699,＜畜肉類＞　うし　［輸入牛肉］　かたロース　脂身つき　生,221.00,17.90,17.40,0.10,10.00,0.40,0.70,0.07,0.20,1.00,0.10
1700,＜畜肉類＞　うし　［輸入牛肉］　かたロース　皮下脂肪なし　生,219.00,18.00,17.10,0.10,10.00,0.40,0.70,0.07,0.20,1.00,0.10
1701,＜畜肉類＞　うし　［輸入牛肉］　かたロース　赤肉　生,160.00,19.70,9.50,0.10,7.00,0.20,0.50,0.07,0.23,2.00,0.10
1702,＜畜肉類＞　うし　［輸入牛肉］　リブロース　脂身つき　生,212.00,20.10,15.40,0.40,9.00,0.40,0.70,0.08,0.16,2.00,0.10
1703,＜畜肉類＞　うし　［輸入牛肉］　リブロース　脂身つき　ゆで,307.00,25.80,23.90,0.10,14.00,0.50,1.00,0.04,0.14,0.00,0.00
1704,＜畜肉類＞　うし　［輸入牛肉］　リブロース　脂身つき　焼き,306.00,25.00,23.90,0.30,12.00,0.50,1.10,0.08,0.18,1.00,0.10
1705,＜畜肉類＞　うし　［輸入牛肉］　リブロース　皮下脂肪なし　生,203.00,20.30,14.40,0.40,9.00,0.40,0.70,0.08,0.16,2.00,0.10
1706,＜畜肉類＞　うし　［輸入牛肉］　リブロース　赤肉　生,163.00,21.70,9.10,0.40,7.00,0.20,0.60,0.09,0.17,2.00,0.10
1707,＜畜肉類＞　うし　［輸入牛肉］　リブロース　脂身　生,653.00,5.70,73.10,0.10,29.00,2.20,1.60,0.01,0.02,0.00,0.00
1708,＜畜肉類＞　うし　［輸入牛肉］　サーロイン　脂身つき　生,273.00,17.40,23.70,0.40,11.00,0.60,0.70,0.05,0.12,1.00,0.10
1709,＜畜肉類＞　うし　［輸入牛肉］　サーロイン　皮下脂肪なし　生,218.00,19.10,16.50,0.40,8.00,0.40,0.60,0.06,0.13,1.00,0.10
1710,＜畜肉類＞　うし　［輸入牛肉］　サーロイン　赤肉　生,127.00,22.00,4.40,0.50,4.00,0.00,0.40,0.06,0.16,2.00,0.10
1711,＜畜肉類＞　うし　［輸入牛肉］　ばら　脂身つき　生,338.00,14.40,32.90,0.20,24.00,0.40,1.10,0.05,0.12,1.00,0.10
1712,＜畜肉類＞　うし　［輸入牛肉］　もも　脂身つき　生,148.00,19.60,8.60,0.40,5.00,0.20,0.50,0.08,0.19,1.00,0.10
1713,＜畜肉類＞　うし　［輸入牛肉］　もも　皮下脂肪なし　生,133.00,20.00,6.70,0.40,4.00,0.10,0.40,0.09,0.20,1.00,0.10
1714,＜畜肉類＞　うし　［輸入牛肉］　もも　皮下脂肪なし　ゆで,204.00,30.00,11.00,0.20,8.00,0.00,0.70,0.05,0.18,0.00,0.00
1715,＜畜肉類＞　うし　［輸入牛肉］　もも　皮下脂肪なし　焼き,205.00,28.00,14.10,0.40,8.00,0.00,0.60,0.08,0.22,1.00,0.10
1716,＜畜肉類＞　うし　［輸入牛肉］　もも　赤肉　生,117.00,21.20,4.30,0.40,3.00,0.10,0.40,0.09,0.21,1.00,0.10
1717,＜畜肉類＞　うし　［輸入牛肉］　もも　脂身　生,580.00,6.30,64.40,0.20,38.00,0.90,1.20,0.02,0.03,1.00,0.00
1718,＜畜肉類＞　うし　［輸入牛肉］　そともも　脂身つき　生,197.00,18.70,14.30,0.30,9.00,0.30,0.70,0.06,0.16,1.00,0.10
1719,＜畜肉類＞　うし　［輸入牛肉］　そともも　皮下脂肪なし　生,178.00,19.30,11.90,0.30,8.00,0.30,0.70,0.06,0.17,1.00,0.10
1720,＜畜肉類＞　うし　［輸入牛肉］　そともも　赤肉　生,117.00,21.20,3.90,0.30,3.00,0.20,0.70,0.07,0.19,1.00,0.10
1721,＜畜肉類＞　うし　［輸入牛肉］　ランプ　脂身つき　生,214.00,18.40,16.40,0.40,11.00,0.40,0.80,0.09,0.24,1.00,0.10
1722,＜畜肉類＞　うし　［輸入牛肉］　ランプ　皮下脂肪なし　生,174.00,19.70,11.10,0.50,8.00,0.30,0.80,0.10,0.26,1.00,0.10
1723,＜畜肉類＞　うし　［輸入牛肉］　ランプ　赤肉　生,112.00,21.60,3.00,0.50,4.00,0.20,0.70,0.11,0.29,1.00,0.10
1724,＜畜肉類＞　うし　［輸入牛肉］　ヒレ　赤肉　生,123.00,20.50,4.80,0.30,4.00,0.40,0.70,0.10,0.25,1.00,0.10
1725,＜畜肉類＞　うし　［子牛肉］　リブロース　皮下脂肪なし　生,94.00,21.70,0.90,0.30,0.00,0.00,0.10,0.09,0.17,1.00,0.20
1726,＜畜肉類＞　うし　［子牛肉］　ばら　皮下脂肪なし　生,113.00,20.90,3.60,0.00,3.00,0.00,0.20,0.10,0.18,1.00,0.30
1727,＜畜肉類＞　うし　［子牛肉］　もも　皮下脂肪なし　生,107.00,21.20,2.70,0.20,3.00,0.00,0.10,0.08,0.16,1.00,0.10
1728,＜畜肉類＞　うし　［ひき肉］　生,251.00,17.10,21.10,0.30,13.00,0.10,0.50,0.08,0.19,1.00,0.20
1729,＜畜肉類＞　うし　［ひき肉］　焼き,280.00,25.90,21.30,0.40,6.00,0.10,0.70,0.11,0.26,0.00,0.20
1730,＜畜肉類＞　うし　［副生物］　舌　生,318.00,13.30,31.80,0.20,3.00,0.00,0.90,0.10,0.23,1.00,0.20
1731,＜畜肉類＞　うし　［副生物］　舌　焼き,401.00,20.20,37.10,0.20,3.00,0.00,1.20,0.11,0.36,1.00,0.20
1732,＜畜肉類＞　うし　［副生物］　心臓　生,128.00,16.50,7.60,0.10,9.00,0.00,0.60,0.42,0.90,4.00,0.20
1733,＜畜肉類＞　うし　［副生物］　肝臓　生,119.00,19.60,3.70,3.70,"1,100.00",0.00,0.30,0.22,3.00,30.00,0.10
1734,＜畜肉類＞　うし　［副生物］　じん臓　生,118.00,16.70,6.40,0.20,5.00,0.00,0.30,0.46,0.85,3.00,0.20
1735,＜畜肉類＞　うし　［副生物］　第一胃　ゆで,166.00,24.50,8.40,0.00,1.00,0.00,0.40,0.04,0.14,2.00,0.10
1736,＜畜肉類＞　うし　［副生物］　第二胃　ゆで,186.00,12.40,15.70,0.00,3.00,0.10,0.30,0.02,0.10,0.00,0.10
1737,＜畜肉類＞　うし　［副生物］　第三胃　生,57.00,11.70,1.30,0.00,4.00,0.00,0.10,0.04,0.32,4.00,0.10
1738,＜畜肉類＞　うし　［副生物］　第四胃　ゆで,308.00,11.10,30.00,0.00,5.00,0.20,0.50,0.05,0.14,0.00,0.10
1739,＜畜肉類＞　うし　［副生物］　小腸　生,268.00,9.90,26.10,0.00,2.00,0.00,0.30,0.07,0.23,15.00,0.20
1740,＜畜肉類＞　うし　［副生物］　大腸　生,150.00,9.30,13.00,0.00,2.00,0.00,0.20,0.04,0.14,6.00,0.20
1741,＜畜肉類＞　うし　［副生物］　直腸　生,106.00,11.60,7.00,0.00,2.00,0.00,0.20,0.05,0.15,6.00,0.20
1742,＜畜肉類＞　うし　［副生物］　腱　ゆで,157.00,31.00,5.10,0.00,1.00,0.00,0.10,0.00,0.04,0.00,0.20
1743,＜畜肉類＞　うし　［副生物］　子宮　ゆで,95.00,18.40,3.00,0.00,0.00,0.00,0.20,0.01,0.10,0.00,0.20
1744,＜畜肉類＞　うし　［副生物］　尾　生,440.00,11.60,47.10,0.00,20.00,0.00,0.30,0.06,0.17,1.00,0.10
1745,＜畜肉類＞　うし　［副生物］　横隔膜　生,288.00,14.80,27.30,0.30,4.00,0.00,0.70,0.14,0.35,1.00,0.10
1746,＜畜肉類＞　うし　［副生物］　横隔膜　ゆで,414.00,21.30,36.70,0.20,5.00,0.00,1.00,0.08,0.35,0.00,0.10
1747,＜畜肉類＞　うし　［副生物］　横隔膜　焼き,401.00,21.10,37.20,0.30,5.00,0.00,1.10,0.15,0.46,1.00,0.10
1748,＜畜肉類＞　うし　［加工品］　ローストビーフ,190.00,21.70,11.70,0.90,0.00,0.10,0.30,0.08,0.25,0.00,0.80
1749,＜畜肉類＞　うし　［加工品］　コンビーフ缶詰,191.00,19.80,13.00,1.70,0.00,0.00,0.80,0.02,0.14,0.00,1.80
1750,＜畜肉類＞　うし　［加工品］　味付け缶詰,156.00,19.20,4.40,9.90,0.00,0.00,0.70,0.33,0.19,0.00,1.80
1751,＜畜肉類＞　うし　［加工品］　ビーフジャーキー,304.00,54.80,7.80,6.40,5.00,0.30,2.20,0.13,0.45,1.00,4.80
1752,＜畜肉類＞　うし　［加工品］　スモークタン,273.00,18.10,23.00,0.90,18.00,0.30,0.60,0.08,0.27,1.00,1.60
1753,＜畜肉類＞　うま　肉　赤肉　生,102.00,20.10,2.50,0.30,9.00,0.00,0.90,0.10,0.24,1.00,0.10
1754,＜畜肉類＞　くじら　肉　赤肉　生,100.00,24.10,0.40,0.20,7.00,0.10,0.60,0.06,0.23,1.00,0.20
1755,＜畜肉類＞　くじら　うねす　生,328.00,18.80,31.40,0.20,130.00,0.80,3.10,0.11,0.20,6.00,0.40
1756,＜畜肉類＞　くじら　本皮　生,577.00,9.70,68.80,0.20,130.00,0.30,4.80,0.11,0.05,5.00,0.10
1757,＜畜肉類＞　くじら　さらしくじら,28.00,5.30,0.90,0.00,8.00,0.00,0.10,0.00,0.00,0.00,0.00
1758,＜畜肉類＞　しか　あかしか　赤肉　生,102.00,22.30,1.50,0.50,3.00,0.00,0.50,0.21,0.35,1.00,0.10
1759,＜畜肉類＞　しか　にほんじか　赤肉　生,119.00,23.90,4.00,0.30,4.00,0.00,0.80,0.20,0.35,1.00,0.10
1760,＜畜肉類＞　しか　にほんじか　えぞしか　赤肉　生,126.00,22.60,5.20,0.60,5.00,0.00,0.60,0.21,0.32,1.00,0.10
1761,＜畜肉類＞　しか　にほんじか　きゅうしゅうじか　赤肉　生,107.00,22.60,2.50,0.10,3.00,0.00,0.80,0.18,0.34,1.00,0.10
176101,＜畜肉類＞　しか　にほんじか　ほんしゅうじか　赤肉　生,90.00,21.40,1.00,0.10,2.00,0.00,0.80,0.17,0.30,1.00,0.20
1762,＜畜肉類＞　ぶた　［大型種肉］　かた　脂身つき　生,201.00,18.50,14.60,0.20,5.00,0.20,0.30,0.66,0.23,2.00,0.10
1763,＜畜肉類＞　ぶた　［大型種肉］　かた　皮下脂肪なし　生,158.00,19.70,9.30,0.20,4.00,0.20,0.30,0.71,0.25,2.00,0.10
1764,＜畜肉類＞　ぶた　［大型種肉］　かた　赤肉　生,114.00,20.90,3.80,0.20,3.00,0.10,0.30,0.75,0.27,2.00,0.10
1765,＜畜肉類＞　ぶた　［大型種肉］　かた　脂身　生,663.00,5.30,72.40,0.00,16.00,0.70,0.50,0.20,0.05,1.00,0.10
1766,＜畜肉類＞　ぶた　［大型種肉］　かたロース　脂身つき　生,237.00,17.10,19.20,0.10,6.00,0.30,0.40,0.63,0.23,2.00,0.10
1767,＜畜肉類＞　ぶた　［大型種肉］　かたロース　皮下脂肪なし　生,212.00,17.80,16.00,0.10,6.00,0.30,0.40,0.66,0.25,2.00,0.10
1768,＜畜肉類＞　ぶた　［大型種肉］　かたロース　赤肉　生,146.00,19.70,7.80,0.10,4.00,0.20,0.30,0.72,0.28,2.00,0.20
1769,＜畜肉類＞　ぶた　［大型種肉］　かたロース　脂身　生,644.00,5.40,70.70,0.00,16.00,0.70,0.80,0.23,0.05,1.00,0.10
1770,＜畜肉類＞　ぶた　［大型種肉］　ロース　脂身つき　生,248.00,19.30,19.20,0.20,6.00,0.10,0.30,0.69,0.15,1.00,0.10
1771,＜畜肉類＞　ぶた　［大型種肉］　ロース　脂身つき　ゆで,299.00,23.90,24.10,0.30,3.00,0.10,0.00,0.54,0.16,0.00,0.10
1772,＜畜肉類＞　ぶた　［大型種肉］　ロース　脂身つき　焼き,310.00,26.70,22.70,0.30,2.00,0.10,0.10,0.90,0.21,1.00,0.10
1773,＜畜肉類＞　ぶた　［大型種肉］　ロース　脂身つき　とんかつ,429.00,22.00,35.90,9.80,11.00,0.70,3.50,0.75,0.15,1.00,0.30
1774,＜畜肉類＞　ぶた　［大型種肉］　ロース　皮下脂肪なし　生,190.00,21.10,11.90,0.30,5.00,0.10,0.30,0.75,0.16,1.00,0.10
1775,＜畜肉類＞　ぶた　［大型種肉］　ロース　赤肉　生,140.00,22.70,5.60,0.30,4.00,0.10,0.30,0.80,0.18,1.00,0.10
1776,＜畜肉類＞　ぶた　［大型種肉］　ロース　脂身　生,695.00,5.10,76.30,0.00,15.00,0.20,0.40,0.22,0.05,1.00,0.00
1777,＜畜肉類＞　ぶた　［大型種肉］　ばら　脂身つき　生,366.00,14.40,35.40,0.10,11.00,0.50,0.50,0.51,0.13,1.00,0.10
1778,＜畜肉類＞　ぶた　［大型種肉］　ばら　脂身つき　焼き,444.00,19.60,43.90,0.10,11.00,0.60,0.60,0.57,0.14,0.00,0.10
1779,＜畜肉類＞　ぶた　［大型種肉］　もも　脂身つき　生,171.00,20.50,10.20,0.20,4.00,0.10,0.30,0.90,0.21,1.00,0.10
1780,＜畜肉類＞　ぶた　［大型種肉］　もも　皮下脂肪なし　生,138.00,21.50,6.00,0.20,3.00,0.10,0.30,0.94,0.22,1.00,0.10
1781,＜畜肉類＞　ぶた　［大型種肉］　もも　皮下脂肪なし　ゆで,185.00,28.90,8.10,0.30,1.00,0.10,0.00,0.82,0.23,1.00,0.10
1782,＜畜肉類＞　ぶた　［大型種肉］　もも　皮下脂肪なし　焼き,186.00,30.20,7.60,0.30,1.00,0.10,0.00,1.19,0.28,1.00,0.10
1783,＜畜肉類＞　ぶた　［大型種肉］　もも　赤肉　生,119.00,22.10,3.60,0.20,3.00,0.10,0.30,0.96,0.23,1.00,0.10
1784,＜畜肉類＞　ぶた　［大型種肉］　もも　脂身　生,611.00,6.50,67.60,0.00,13.00,0.50,0.70,0.34,0.05,1.00,0.10
1785,＜畜肉類＞　ぶた　［大型種肉］　そともも　脂身つき　生,221.00,18.80,16.50,0.20,5.00,0.20,0.40,0.79,0.18,1.00,0.10
1786,＜畜肉類＞　ぶた　［大型種肉］　そともも　皮下脂肪なし　生,175.00,20.20,10.70,0.20,4.00,0.20,0.40,0.85,0.20,2.00,0.10
1787,＜畜肉類＞　ぶた　［大型種肉］　そともも　赤肉　生,133.00,21.40,5.50,0.20,3.00,0.20,0.40,0.90,0.21,2.00,0.10
1788,＜畜肉類＞　ぶた　［大型種肉］　そともも　脂身　生,631.00,6.60,68.10,0.00,16.00,0.40,0.50,0.27,0.05,1.00,0.10
1789,＜畜肉類＞　ぶた　［大型種肉］　ヒレ　赤肉　生,118.00,22.20,3.70,0.30,3.00,0.30,0.30,1.32,0.25,1.00,0.10
1790,＜畜肉類＞　ぶた　［大型種肉］　ヒレ　赤肉　焼き,202.00,39.30,5.90,0.40,2.00,0.30,0.30,2.09,0.44,1.00,0.20
1791,＜畜肉類＞　ぶた　［大型種肉］　ヒレ　赤肉　とんかつ,379.00,25.10,25.30,14.90,3.00,0.30,4.10,1.09,0.32,1.00,0.40
1792,＜畜肉類＞　ぶた　［中型種肉］　かた　脂身つき　生,224.00,18.30,17.20,0.00,5.00,0.00,0.30,0.70,0.22,1.00,0.10
1793,＜畜肉類＞　ぶた　［中型種肉］　かた　皮下脂肪なし　生,172.00,19.70,10.80,0.00,3.00,0.00,0.30,0.75,0.24,1.00,0.10
1794,＜畜肉類＞　ぶた　［中型種肉］　かた　赤肉　生,113.00,21.40,3.50,0.00,2.00,0.00,0.30,0.82,0.27,2.00,0.20
1795,＜畜肉類＞　ぶた　［中型種肉］　かた　脂身　生,698.00,4.90,75.70,0.00,15.00,0.20,0.40,0.19,0.04,1.00,0.10
1796,＜畜肉類＞　ぶた　［中型種肉］　かたロース　脂身つき　生,241.00,17.70,19.30,0.00,4.00,0.00,0.30,0.70,0.24,1.00,0.10
1797,＜畜肉類＞　ぶた　［中型種肉］　かたロース　皮下脂肪なし　生,212.00,18.50,15.70,0.00,4.00,0.00,0.30,0.74,0.25,1.00,0.10
1798,＜畜肉類＞　ぶた　［中型種肉］　かたロース　赤肉　生,140.00,20.60,6.80,0.00,3.00,0.00,0.30,0.82,0.29,2.00,0.20
1799,＜畜肉類＞　ぶた　［中型種肉］　かたロース　脂身　生,663.00,5.40,71.90,0.00,11.00,0.20,0.60,0.21,0.04,0.00,0.10
1800,＜畜肉類＞　ぶた　［中型種肉］　ロース　脂身つき　生,275.00,18.30,22.60,0.20,6.00,0.10,0.30,0.77,0.13,1.00,0.10
1801,＜畜肉類＞　ぶた　［中型種肉］　ロース　皮下脂肪なし　生,203.00,20.60,13.60,0.20,5.00,0.10,0.30,0.86,0.14,1.00,0.10
1802,＜畜肉類＞　ぶた　［中型種肉］　ロース　赤肉　生,131.00,22.90,4.60,0.20,4.00,0.10,0.30,0.96,0.15,1.00,0.10
1803,＜畜肉類＞　ぶた　［中型種肉］　ロース　脂身　生,716.00,4.10,78.30,0.00,14.00,0.10,0.40,0.19,0.04,1.00,0.00
1804,＜畜肉類＞　ぶた　［中型種肉］　ばら　脂身つき　生,398.00,13.40,40.10,0.00,9.00,0.10,0.40,0.45,0.11,1.00,0.10
1805,＜畜肉類＞　ぶた　［中型種肉］　もも　脂身つき　生,211.00,19.50,15.10,0.20,5.00,0.10,0.30,0.90,0.19,1.00,0.10
1806,＜畜肉類＞　ぶた　［中型種肉］　もも　皮下脂肪なし　生,153.00,21.30,7.80,0.20,4.00,0.10,0.30,0.98,0.20,1.00,0.10
1807,＜畜肉類＞　ぶた　［中型種肉］　もも　赤肉　生,133.00,21.90,5.30,0.20,4.00,0.10,0.30,1.01,0.21,1.00,0.10
1808,＜畜肉類＞　ぶた　［中型種肉］　もも　脂身　生,672.00,5.20,73.80,0.00,13.00,0.10,0.30,0.23,0.04,0.00,0.00
1809,＜畜肉類＞　ぶた　［中型種肉］　そともも　脂身つき　生,252.00,18.00,20.30,0.20,4.00,0.00,0.30,0.70,0.18,1.00,0.10
1810,＜畜肉類＞　ぶた　［中型種肉］　そともも　皮下脂肪なし　生,159.00,21.00,8.50,0.20,3.00,0.00,0.30,0.81,0.21,1.00,0.10
1811,＜畜肉類＞　ぶた　［中型種肉］　そともも　赤肉　生,129.00,21.90,4.80,0.20,3.00,0.00,0.30,0.84,0.22,1.00,0.10
1812,＜畜肉類＞　ぶた　［中型種肉］　そともも　脂身　生,660.00,4.90,72.50,0.00,10.00,0.10,0.30,0.24,0.05,0.00,0.10
1813,＜畜肉類＞　ぶた　［中型種肉］　ヒレ　赤肉　生,105.00,22.70,1.70,0.10,2.00,0.00,0.30,1.22,0.25,1.00,0.10
1814,＜畜肉類＞　ぶた　［ひき肉］　生,209.00,17.70,17.20,0.10,9.00,0.40,0.50,0.69,0.22,1.00,0.10
1815,＜畜肉類＞　ぶた　［ひき肉］　焼き,289.00,25.70,21.50,0.10,10.00,0.40,0.50,0.94,0.30,1.00,0.20
181501,＜畜肉類＞　ぶた　［副生物］　頭部　ジョウルミート　生,256.00,17.40,22.30,0.10,12.00,0.50,0.30,0.64,0.13,1.00,0.20
181502,＜畜肉類＞　ぶた　［副生物］　頭部　ジョウルミート　焼き,351.00,25.00,28.60,0.10,8.00,0.50,0.40,0.80,0.18,1.00,0.20
1816,＜畜肉類＞　ぶた　［副生物］　舌　生,205.00,15.90,16.30,0.10,7.00,2.00,0.30,0.37,0.43,3.00,0.20
1817,＜畜肉類＞　ぶた　［副生物］　心臓　生,118.00,16.20,7.00,0.10,9.00,0.70,0.40,0.38,0.95,4.00,0.20
1818,＜畜肉類＞　ぶた　［副生物］　肝臓　生,114.00,20.40,3.40,2.50,"13,000.00",1.30,0.40,0.34,3.60,20.00,0.10
1819,＜畜肉類＞　ぶた　［副生物］　じん臓　生,96.00,14.10,5.80,0.00,75.00,1.70,0.20,0.33,1.75,15.00,0.40
1820,＜畜肉類＞　ぶた　［副生物］　胃　ゆで,111.00,17.40,5.10,0.00,4.00,0.50,0.40,0.10,0.23,5.00,0.30
1821,＜畜肉類＞　ぶた　［副生物］　小腸　ゆで,159.00,14.00,11.90,0.00,15.00,0.30,0.30,0.01,0.03,0.00,0.00
1822,＜畜肉類＞　ぶた　［副生物］　大腸　ゆで,166.00,11.70,13.80,0.00,8.00,0.50,0.50,0.03,0.07,0.00,0.10
1823,＜畜肉類＞　ぶた　［副生物］　子宮　生,64.00,14.60,0.90,0.00,8.00,0.20,0.20,0.06,0.14,11.00,0.30
1824,＜畜肉類＞　ぶた　［副生物］　豚足　ゆで,227.00,20.10,16.80,0.00,6.00,1.00,0.40,0.05,0.12,0.00,0.30
1825,＜畜肉類＞　ぶた　［副生物］　軟骨　ゆで,229.00,17.80,17.90,0.00,7.00,0.50,0.10,0.08,0.15,2.00,0.30
1826,＜畜肉類＞　ぶた　［ハム類］　骨付きハム,208.00,16.70,16.60,0.80,4.00,0.50,0.20,0.24,0.24,39.00,2.50
1827,＜畜肉類＞　ぶた　［ハム類］　ボンレスハム,115.00,18.70,4.00,1.80,0.00,0.60,0.20,0.90,0.28,49.00,2.80
1828,＜畜肉類＞　ぶた　［ハム類］　ロースハム　ロースハム,211.00,18.60,14.50,2.00,3.00,0.20,0.10,0.70,0.12,25.00,2.30
1829,＜畜肉類＞　ぶた　［ハム類］　ロースハム　ゆで,233.00,19.70,16.60,1.60,3.00,0.30,0.10,0.64,0.12,19.00,1.90
1830,＜畜肉類＞　ぶた　［ハム類］　ロースハム　焼き,240.00,23.60,15.10,2.40,3.00,0.20,0.10,0.86,0.16,27.00,2.80
1831,＜畜肉類＞　ぶた　［ハム類］　ロースハム　フライ,432.00,17.30,32.30,20.00,1.00,0.10,0.70,0.52,0.13,15.00,2.10
1832,＜畜肉類＞　ぶた　［ハム類］　ショルダーハム,221.00,16.10,18.20,0.60,4.00,0.20,0.30,0.70,0.35,55.00,1.60
1833,＜畜肉類＞　ぶた　［ハム類］　生ハム　促成,243.00,24.00,16.60,0.50,5.00,0.30,0.30,0.92,0.18,18.00,5.80
1834,＜畜肉類＞　ぶた　［ハム類］　生ハム　長期熟成,253.00,25.70,18.40,0.00,5.00,0.80,0.30,0.90,0.27,0.00,5.60
1835,＜畜肉類＞　ぶた　［プレスハム類］　プレスハム,113.00,15.40,4.50,3.90,0.00,0.30,0.30,0.55,0.18,43.00,2.40
1836,＜畜肉類＞　ぶた　［プレスハム類］　チョップドハム,132.00,11.70,4.20,12.70,0.00,0.30,0.20,0.17,0.20,32.00,2.50
1837,＜畜肉類＞　ぶた　［ベーコン類］　ばらベーコン　ばらベーコン　,244.00,15.40,19.40,3.20,0.00,0.00,0.60,0.54,0.11,69.00,2.60
183701,＜畜肉類＞　ぶた　［ベーコン類］　ばらベーコン　ゆで,232.00,21.60,15.70,1.30,1.00,0.10,0.60,0.25,0.07,24.00,0.70
183702,＜畜肉類＞　ぶた　［ベーコン類］　ばらベーコン　焼き,288.00,24.30,24.90,4.40,0.00,0.10,0.70,0.79,0.16,87.00,3.70
183703,＜畜肉類＞　ぶた　［ベーコン類］　ばらベーコン　油いため,271.00,21.60,18.90,3.70,1.00,0.10,0.60,0.74,0.15,75.00,3.30
1838,＜畜肉類＞　ぶた　［ベーコン類］　ロースベーコン,202.00,16.80,14.60,3.20,4.00,0.60,0.30,0.59,0.19,50.00,2.20
1839,＜畜肉類＞　ぶた　［ベーコン類］　ショルダーベーコン,178.00,17.20,11.90,2.50,4.00,0.40,0.20,0.58,0.34,39.00,2.40
1840,＜畜肉類＞　ぶた　［ソーセージ類］　ウインナーソーセージ　ウインナーソーセージ,319.00,11.50,30.60,3.30,2.00,0.40,0.40,0.35,0.12,32.00,1.90
1841,＜畜肉類＞　ぶた　［ソーセージ類］　ウインナーソーセージ　ゆで,328.00,12.10,32.00,1.40,2.00,0.30,0.40,0.36,0.12,30.00,1.80
1842,＜畜肉類＞　ぶた　［ソーセージ類］　ウインナーソーセージ　焼き,345.00,13.00,31.80,2.40,2.00,0.40,0.50,0.38,0.13,32.00,2.00
1843,＜畜肉類＞　ぶた　［ソーセージ類］　ウインナーソーセージ　フライ,376.00,12.80,34.90,4.20,2.00,0.30,1.10,0.35,0.13,30.00,1.90
1844,＜畜肉類＞　ぶた　［ソーセージ類］　セミドライソーセージ,335.00,16.90,29.70,2.90,8.00,0.70,0.80,0.26,0.23,14.00,2.90
1845,＜畜肉類＞　ぶた　［ソーセージ類］　ドライソーセージ,467.00,26.70,42.00,2.60,3.00,0.50,1.10,0.64,0.39,3.00,4.40
1846,＜畜肉類＞　ぶた　［ソーセージ類］　フランクフルトソーセージ,295.00,12.70,24.70,6.20,5.00,0.40,0.40,0.21,0.13,10.00,1.90
1847,＜畜肉類＞　ぶた　［ソーセージ類］　ボロニアソーセージ,242.00,12.50,21.00,2.90,5.00,0.30,0.40,0.20,0.13,10.00,2.10
1848,＜畜肉類＞　ぶた　［ソーセージ類］　リオナソーセージ,188.00,14.90,13.10,3.70,4.00,0.40,0.40,0.33,0.14,43.00,2.30
1849,＜畜肉類＞　ぶた　［ソーセージ類］　レバーソーセージ,324.00,14.70,33.50,1.90,"2,800.00",0.50,0.40,0.23,1.42,5.00,1.70
1850,＜畜肉類＞　ぶた　［ソーセージ類］　混合ソーセージ,231.00,11.80,22.70,4.70,3.00,1.20,0.30,0.12,0.10,35.00,2.20
1851,＜畜肉類＞　ぶた　［ソーセージ類］　生ソーセージ,269.00,14.00,24.40,0.80,12.00,0.70,0.40,0.51,0.14,2.00,1.70
185101,＜畜肉類＞　ぶた　［ソーセージ類］　ランチョンミート,279.00,14.00,23.80,0.70,11.00,0.30,0.50,0.06,0.11,18.00,2.30
1852,＜畜肉類＞　ぶた　［その他］　焼き豚,166.00,19.40,8.20,5.10,0.00,0.60,0.30,0.85,0.20,20.00,2.40
1853,＜畜肉類＞　ぶた　［その他］　レバーペースト,370.00,12.90,34.70,3.60,"4,300.00",0.30,0.40,0.18,1.45,3.00,2.20
1854,＜畜肉類＞　ぶた　［その他］　スモークレバー,182.00,29.60,7.70,2.60,"17,000.00",0.90,0.60,0.29,5.17,10.00,1.80
1855,＜畜肉類＞　ぶた　［その他］　ゼラチン,347.00,87.60,0.30,0.00,0.00,0.00,0.00,0.00,0.00,0.00,0.70
1856,＜畜肉類＞　めんよう　［マトン］　ロース　脂身つき　生,192.00,19.30,15.00,0.20,12.00,0.70,0.70,0.16,0.21,1.00,0.20
1857,＜畜肉類＞　めんよう　［マトン］　ロース　脂身つき　焼き,305.00,25.80,24.90,0.20,14.00,0.70,1.00,0.16,0.26,0.00,0.20
1858,＜畜肉類＞　めんよう　［マトン］　ロース　皮下脂肪なし　生,139.00,22.20,7.40,0.00,8.00,0.20,0.50,0.14,0.24,1.00,0.20
1859,＜畜肉類＞　めんよう　［マトン］　もも　脂身つき　生,205.00,18.80,15.30,0.10,7.00,0.40,1.30,0.14,0.33,1.00,0.10
1860,＜畜肉類＞　めんよう　［ラム］　かた　脂身つき　生,214.00,17.10,17.10,0.10,8.00,0.90,0.50,0.13,0.26,1.00,0.20
1861,＜畜肉類＞　めんよう　［ラム］　ロース　脂身つき　生,287.00,15.60,25.90,0.20,30.00,0.00,0.60,0.12,0.16,1.00,0.20
1862,＜畜肉類＞　めんよう　［ラム］　ロース　脂身つき　焼き,358.00,21.80,31.40,0.20,37.00,0.00,0.60,0.13,0.21,1.00,0.20
1863,＜畜肉類＞　めんよう　［ラム］　ロース　皮下脂肪なし　生,128.00,22.30,5.20,0.00,7.00,0.00,0.10,0.15,0.25,1.00,0.20
1864,＜畜肉類＞　めんよう　［ラム］　もも　脂身つき　生,164.00,20.00,12.00,0.30,9.00,0.10,0.40,0.18,0.27,1.00,0.20
1865,＜畜肉類＞　めんよう　［ラム］　もも　脂身つき　焼き,267.00,28.60,20.30,0.30,14.00,0.00,0.50,0.19,0.32,0.00,0.20
1866,＜畜肉類＞　めんよう　混合プレスハム,100.00,14.40,4.10,3.00,0.00,0.40,0.40,0.10,0.18,31.00,2.20
1867,＜畜肉類＞　やぎ　肉　赤肉　生,99.00,21.90,1.50,0.20,3.00,0.00,1.00,0.07,0.28,1.00,0.10
1868,＜鳥肉類＞　うずら　肉　皮つき　生,194.00,20.50,12.90,0.10,45.00,0.10,0.80,0.12,0.50,0.00,0.10
1869,＜鳥肉類＞　がちょう　フォアグラ　ゆで,470.00,8.30,49.90,1.50,"1,000.00",0.90,0.30,0.27,0.81,7.00,0.10
1870,＜鳥肉類＞　かも　まがも　肉　皮なし　生,118.00,23.60,3.00,0.10,15.00,3.10,0.00,0.40,0.69,1.00,0.20
1871,＜鳥肉類＞　かも　あいがも　肉　皮つき　生,304.00,14.20,29.00,0.10,46.00,1.00,0.20,0.24,0.35,1.00,0.20
1872,＜鳥肉類＞　かも　あひる　肉　皮つき　生,237.00,14.90,19.80,0.10,62.00,0.80,0.50,0.30,0.26,2.00,0.20
1873,＜鳥肉類＞　かも　あひる　肉　皮なし　生,94.00,20.10,2.20,0.20,9.00,0.40,0.40,0.46,0.41,3.00,0.20
1874,＜鳥肉類＞　かも　あひる　皮　生,448.00,7.30,45.80,0.00,140.00,1.40,0.80,0.07,0.05,2.00,0.10
1875,＜鳥肉類＞　きじ　肉　皮なし　生,101.00,23.00,1.10,0.10,7.00,0.50,0.30,0.08,0.24,1.00,0.10
1876,＜鳥肉類＞　しちめんちょう　肉　皮なし　生,99.00,23.50,0.70,0.10,0.00,0.10,0.00,0.07,0.24,2.00,0.10
1877,＜鳥肉類＞　すずめ　肉　骨・皮つき　生,114.00,18.10,5.90,0.10,15.00,0.20,0.20,0.28,0.80,0.00,0.20
1878,＜鳥肉類＞　にわとり　［親・主品目］　手羽　皮つき　生,182.00,23.00,10.40,0.00,60.00,0.10,0.10,0.04,0.11,1.00,0.10
1879,＜鳥肉類＞　にわとり　［親・主品目］　むね　皮つき　生,229.00,19.50,17.20,0.00,72.00,0.10,0.20,0.05,0.08,1.00,0.10
1880,＜鳥肉類＞　にわとり　［親・主品目］　むね　皮なし　生,113.00,24.40,1.90,0.00,50.00,0.00,0.10,0.06,0.10,1.00,0.10
1881,＜鳥肉類＞　にわとり　［親・主品目］　もも　皮つき　生,234.00,17.30,19.10,0.00,47.00,0.10,0.10,0.07,0.23,1.00,0.10
1882,＜鳥肉類＞　にわとり　［親・主品目］　もも　皮なし　生,128.00,22.00,4.80,0.00,17.00,0.00,0.10,0.10,0.31,1.00,0.10
1883,＜鳥肉類＞　にわとり　［親・副品目］　ささみ　生,107.00,24.60,1.10,0.00,9.00,0.00,0.10,0.09,0.12,0.00,0.10
1884,＜鳥肉類＞　にわとり　［若どり・主品目］　手羽　皮つき　生,189.00,17.80,14.30,0.00,47.00,0.40,0.60,0.07,0.10,2.00,0.20
1885,＜鳥肉類＞　にわとり　［若どり・主品目］　手羽さき　皮つき　生,207.00,17.40,16.20,0.00,51.00,0.60,0.60,0.07,0.09,2.00,0.20
1886,＜鳥肉類＞　にわとり　［若どり・主品目］　手羽もと　皮つき　生,175.00,18.20,12.80,0.00,44.00,0.30,0.50,0.08,0.10,2.00,0.20
1887,＜鳥肉類＞　にわとり　［若どり・主品目］　むね　皮つき　生,133.00,21.30,5.90,0.10,18.00,0.10,0.30,0.09,0.10,3.00,0.10
1888,＜鳥肉類＞　にわとり　［若どり・主品目］　むね　皮つき　焼き,215.00,34.70,9.10,0.10,27.00,0.10,0.50,0.12,0.17,3.00,0.20
1889,＜鳥肉類＞　にわとり　［若どり・主品目］　むね　皮なし　生,105.00,23.30,1.90,0.10,9.00,0.10,0.30,0.10,0.11,3.00,0.10
1890,＜鳥肉類＞　にわとり　［若どり・主品目］　むね　皮なし　焼き,177.00,38.80,3.30,0.10,14.00,0.10,0.50,0.14,0.18,4.00,0.20
1891,＜鳥肉類＞　にわとり　［若どり・主品目］　もも　皮つき　生,190.00,16.60,14.20,0.00,40.00,0.40,0.70,0.10,0.15,3.00,0.20
1892,＜鳥肉類＞　にわとり　［若どり・主品目］　もも　皮つき　ゆで,216.00,22.00,15.20,0.00,47.00,0.20,0.20,0.07,0.21,2.00,0.10
1893,＜鳥肉類＞　にわとり　［若どり・主品目］　もも　皮つき　焼き,220.00,26.30,13.90,0.00,25.00,0.40,0.20,0.14,0.24,2.00,0.20
1894,＜鳥肉類＞　にわとり　［若どり・主品目］　もも　皮つき　から揚げ,307.00,24.20,18.10,13.30,28.00,0.20,2.50,0.12,0.23,2.00,2.50
1895,＜鳥肉類＞　にわとり　［若どり・主品目］　もも　皮なし　生,113.00,19.00,5.00,0.00,16.00,0.20,0.60,0.12,0.19,3.00,0.20
1896,＜鳥肉類＞　にわとり　［若どり・主品目］　もも　皮なし　ゆで,141.00,25.10,5.20,0.00,14.00,0.00,0.30,0.12,0.18,2.00,0.10
1897,＜鳥肉類＞　にわとり　［若どり・主品目］　もも　皮なし　焼き,145.00,25.50,5.70,0.00,13.00,0.00,0.30,0.14,0.23,3.00,0.20
1898,＜鳥肉類＞　にわとり　［若どり・主品目］　もも　皮なし　から揚げ,249.00,25.40,11.40,12.70,17.00,0.20,2.20,0.15,0.25,2.00,2.70
1899,＜鳥肉類＞　にわとり　［若どり・副品目］　ささみ　生,98.00,23.90,0.80,0.10,5.00,0.00,0.70,0.09,0.11,3.00,0.10
1900,＜鳥肉類＞　にわとり　［若どり・副品目］　ささみ　ゆで,121.00,29.60,1.00,0.00,4.00,0.00,0.10,0.09,0.13,2.00,0.10
1901,＜鳥肉類＞　にわとり　［若どり・副品目］　ささみ　焼き,132.00,31.70,1.40,0.00,4.00,0.00,0.10,0.11,0.16,2.00,0.10
1902,＜鳥肉類＞　にわとり　［若どり・副品目］　ささみ　ソテー,186.00,36.10,5.40,0.10,8.00,0.00,1.80,0.10,0.18,4.00,0.20
1903,＜鳥肉類＞　にわとり　［若どり・副品目］　ささみ　フライ,246.00,26.80,12.80,6.70,4.00,0.00,3.20,0.09,0.15,2.00,0.20
1904,＜鳥肉類＞　にわとり　［若どり・副品目］　ささみ　天ぷら,192.00,25.70,7.40,6.20,5.00,0.00,2.30,0.09,0.16,3.00,0.20
1905,＜鳥肉類＞　にわとり　［二次品目］　ひき肉　生,171.00,17.50,12.00,0.00,37.00,0.10,0.90,0.09,0.17,1.00,0.10
1906,＜鳥肉類＞　にわとり　［二次品目］　ひき肉　焼き,235.00,27.50,14.80,0.00,47.00,0.20,1.30,0.14,0.26,1.00,0.20
1907,＜鳥肉類＞　にわとり　［副品目］　心臓　生,186.00,14.50,15.50,0.00,700.00,0.40,1.00,0.22,1.10,5.00,0.20
1908,＜鳥肉類＞　にわとり　［副品目］　肝臓　生,100.00,18.90,3.10,0.60,"14,000.00",0.20,0.40,0.38,1.80,20.00,0.20
1909,＜鳥肉類＞　にわとり　［副品目］　すなぎも　生,86.00,18.30,1.80,0.00,4.00,0.00,0.30,0.06,0.26,5.00,0.10
1910,＜鳥肉類＞　にわとり　［副品目］　皮　むね　生,466.00,9.40,48.10,0.00,120.00,0.30,0.40,0.02,0.05,1.00,0.10
1911,＜鳥肉類＞　にわとり　［副品目］　皮　もも　生,474.00,6.60,51.60,0.00,120.00,0.30,0.20,0.01,0.05,1.00,0.10
1912,＜鳥肉類＞　にわとり　［副品目］　なんこつ（胸肉）　生,54.00,12.50,0.40,0.40,1.00,0.00,0.00,0.03,0.03,3.00,1.00
1913,＜鳥肉類＞　にわとり　［その他］　焼き鳥缶詰,173.00,18.40,7.80,8.20,60.00,0.00,0.30,0.01,0.18,0.00,2.20
1914,＜鳥肉類＞　にわとり　［その他］　チキンナゲット,235.00,15.50,13.70,14.90,24.00,0.20,2.90,0.08,0.09,1.00,1.60
1915,＜鳥肉類＞　にわとり　［その他］　つくね,235.00,15.20,15.20,9.30,38.00,0.40,1.00,0.11,0.18,0.00,1.80
1916,＜鳥肉類＞　はと　肉　皮なし　生,131.00,21.80,5.10,0.30,16.00,0.20,0.30,0.32,1.89,3.00,0.20
1917,＜鳥肉類＞　ほろほろちょう　肉　皮なし　生,98.00,22.50,1.00,0.20,9.00,0.40,0.10,0.16,0.20,3.00,0.20
1918,＜その他＞　いなご　つくだ煮,243.00,26.30,1.40,32.30,75.00,0.30,2.80,0.06,1.00,0.00,4.80
1919,＜その他＞　かえる　肉　生,92.00,22.30,0.40,0.30,0.00,0.90,0.10,0.04,0.13,0.00,0.10
1920,＜その他＞　すっぽん　肉　生,175.00,16.40,13.40,0.50,94.00,3.60,1.00,0.91,0.41,1.00,0.20
1921,＜その他＞　はち　はちの子缶詰,239.00,16.20,7.20,30.20,42.00,0.00,1.00,0.17,1.22,0.00,1.70
1922,あひる卵　ピータン,188.00,13.70,16.50,0.00,220.00,6.20,1.90,0.00,0.27,0.00,2.00
1923,うこっけい卵　全卵　生,154.00,12.00,13.00,0.40,160.00,1.00,1.30,0.10,0.32,0.00,0.40
1924,うずら卵　全卵　生,157.00,12.60,13.10,0.30,350.00,2.50,0.90,0.14,0.72,0.00,0.30
1925,うずら卵　水煮缶詰,162.00,11.00,14.10,0.60,480.00,2.60,1.60,0.03,0.33,0.00,0.50
1926,鶏卵　全卵　生,142.00,12.20,10.20,0.40,210.00,3.80,1.30,0.06,0.37,0.00,0.40
1927,鶏卵　全卵　ゆで,134.00,12.50,10.40,0.30,170.00,2.50,1.20,0.06,0.32,0.00,0.30
1928,鶏卵　全卵　ポーチドエッグ,145.00,12.30,11.70,0.20,160.00,0.90,1.00,0.06,0.40,0.00,0.30
1929,鶏卵　全卵　目玉焼き,205.00,14.80,17.60,0.30,200.00,3.90,2.10,0.07,0.41,0.00,0.50
1930,鶏卵　全卵　いり,190.00,13.30,16.70,0.30,180.00,4.70,2.40,0.07,0.42,0.00,0.40
1931,鶏卵　全卵　素揚げ,321.00,14.30,31.90,0.30,200.00,4.50,5.70,0.08,0.43,0.00,0.50
1932,鶏卵　全卵　水煮缶詰,131.00,10.80,10.60,0.00,85.00,0.70,1.10,0.02,0.31,0.00,0.80
1933,鶏卵　全卵　加糖全卵,199.00,9.80,10.60,20.70,130.00,0.60,0.90,0.06,0.38,0.00,0.30
1934,鶏卵　全卵　乾燥全卵,542.00,49.10,42.00,0.20,420.00,3.30,6.60,0.29,1.24,0.00,1.20
1935,鶏卵　卵黄　生,336.00,16.50,34.30,0.20,690.00,12.00,4.50,0.21,0.45,0.00,0.10
1936,鶏卵　卵黄　ゆで,330.00,16.10,34.10,0.20,520.00,7.10,3.60,0.16,0.43,0.00,0.10
1937,鶏卵　卵黄　加糖卵黄,327.00,12.10,23.90,20.70,400.00,2.00,3.30,0.42,0.82,0.00,0.10
1938,鶏卵　卵黄　乾燥卵黄,638.00,30.30,62.90,0.20,630.00,4.90,9.90,0.42,0.82,0.00,0.20
1939,鶏卵　卵白　生,44.00,10.10,0.00,0.50,0.00,0.00,0.00,0.00,0.35,0.00,0.50
1940,鶏卵　卵白　ゆで,46.00,10.50,0.10,0.40,0.00,0.00,0.00,0.02,0.26,0.00,0.40
1941,鶏卵　卵白　乾燥卵白,350.00,86.50,0.40,0.20,0.00,0.00,0.10,0.03,2.09,0.00,3.30
1942,鶏卵　たまご豆腐,76.00,6.50,5.30,0.90,83.00,0.60,0.60,0.04,0.17,0.00,1.00
1943,鶏卵　たまご焼　厚焼きたまご,146.00,10.50,9.20,6.50,140.00,2.10,1.10,0.06,0.27,0.00,1.20
1944,鶏卵　たまご焼　だし巻きたまご,123.00,11.00,9.20,0.50,140.00,2.20,1.10,0.06,0.28,0.00,1.20
1945,＜牛乳及び乳製品＞　（液状乳類）　生乳　ジャージー種,77.00,3.90,5.20,4.70,53.00,0.10,0.10,0.02,0.21,1.00,0.10
1946,＜牛乳及び乳製品＞　（液状乳類）　生乳　ホルスタイン種,63.00,3.20,3.70,4.70,38.00,0.00,0.10,0.04,0.15,1.00,0.10
1947,＜牛乳及び乳製品＞　（液状乳類）　普通牛乳,61.00,3.30,3.80,4.80,38.00,0.30,0.10,0.04,0.15,1.00,0.10
1948,＜牛乳及び乳製品＞　（液状乳類）　脱脂乳,31.00,3.40,0.10,4.80,0.00,0.00,0.00,0.04,0.15,2.00,0.10
1949,＜牛乳及び乳製品＞　（液状乳類）　加工乳　濃厚,70.00,3.40,4.20,5.30,35.00,0.00,0.10,0.03,0.17,0.00,0.10
1950,＜牛乳及び乳製品＞　（液状乳類）　加工乳　低脂肪,42.00,3.80,1.00,5.50,13.00,0.00,0.00,0.04,0.18,0.00,0.20
1951,＜牛乳及び乳製品＞　（液状乳類）　乳児用液体ミルク,66.00,1.50,3.60,7.10,66.00,1.10,1.90,0.08,0.11,31.00,0.00
1952,＜牛乳及び乳製品＞　（液状乳類）　乳飲料　コーヒー,56.00,2.20,2.00,7.20,5.00,0.00,0.10,0.02,0.09,0.00,0.10
1953,＜牛乳及び乳製品＞　（液状乳類）　乳飲料　フルーツ,46.00,1.20,0.20,9.90,0.00,0.00,0.00,0.01,0.06,0.00,0.10
1954,＜牛乳及び乳製品＞　（粉乳類）　全粉乳,490.00,25.50,26.20,39.30,180.00,0.20,0.60,0.25,1.10,5.00,1.10
1955,＜牛乳及び乳製品＞　（粉乳類）　脱脂粉乳,354.00,34.00,1.00,53.30,6.00,0.00,0.00,0.30,1.60,5.00,1.40
1956,＜牛乳及び乳製品＞　（粉乳類）　乳児用調製粉乳,510.00,12.40,26.80,55.90,560.00,9.30,5.50,0.41,0.72,53.00,0.40
1957,＜牛乳及び乳製品＞　（練乳類）　無糖練乳,135.00,6.80,7.90,11.20,50.00,0.00,0.20,0.06,0.35,0.00,0.40
1958,＜牛乳及び乳製品＞　（練乳類）　加糖練乳,314.00,7.70,8.50,56.00,120.00,0.10,0.20,0.08,0.37,2.00,0.20
1959,＜牛乳及び乳製品＞　（クリーム類）　クリーム　乳脂肪,404.00,1.90,43.00,6.50,160.00,0.30,0.40,0.02,0.13,0.00,0.10
1960,＜牛乳及び乳製品＞　（クリーム類）　クリーム　乳脂肪・植物性脂肪,388.00,4.40,42.10,3.00,200.00,0.30,0.40,0.01,0.07,0.00,0.40
1961,＜牛乳及び乳製品＞　（クリーム類）　クリーム　植物性脂肪,353.00,1.30,39.50,3.30,9.00,0.10,4.00,0.01,0.07,0.00,0.10
1962,＜牛乳及び乳製品＞　（クリーム類）　ホイップクリーム　乳脂肪,409.00,1.80,40.70,12.90,350.00,0.50,0.70,0.02,0.08,0.00,0.10
1963,＜牛乳及び乳製品＞　（クリーム類）　ホイップクリーム　乳脂肪・植物性脂肪,394.00,4.00,38.40,12.90,180.00,0.20,0.40,0.01,0.06,0.00,0.30
1964,＜牛乳及び乳製品＞　（クリーム類）　ホイップクリーム　植物性脂肪,399.00,6.30,36.10,12.90,9.00,0.00,0.00,0.00,0.05,0.00,0.60
1965,＜牛乳及び乳製品＞　（クリーム類）　コーヒーホワイトナー　液状　乳脂肪,205.00,5.20,18.30,5.50,150.00,0.20,0.30,0.01,0.05,0.00,0.40
1966,＜牛乳及び乳製品＞　（クリーム類）　コーヒーホワイトナー　液状　乳脂肪・植物性脂肪,227.00,4.80,21.60,3.70,77.00,0.10,0.10,0.01,0.04,0.00,0.40
1967,＜牛乳及び乳製品＞　（クリーム類）　コーヒーホワイトナー　液状　植物性脂肪,244.00,4.30,24.80,1.80,3.00,0.00,0.00,0.00,0.03,0.00,0.40
1968,＜牛乳及び乳製品＞　（クリーム類）　コーヒーホワイトナー　粉末状　乳脂肪,504.00,7.60,27.30,60.40,320.00,0.20,0.80,0.02,0.65,0.00,0.90
1969,＜牛乳及び乳製品＞　（クリーム類）　コーヒーホワイトナー　粉末状　植物性脂肪,542.00,2.10,36.20,56.40,0.00,0.00,1.00,0.00,0.01,0.00,1.80
1970,＜牛乳及び乳製品＞　（発酵乳・乳酸菌飲料）　ヨーグルト　全脂無糖,56.00,3.60,3.00,4.90,33.00,0.00,0.10,0.04,0.14,1.00,0.10
1971,＜牛乳及び乳製品＞　（発酵乳・乳酸菌飲料）　ヨーグルト　低脂肪無糖,40.00,3.70,1.00,5.20,12.00,0.00,0.00,0.04,0.19,2.00,0.10
1972,＜牛乳及び乳製品＞　（発酵乳・乳酸菌飲料）　ヨーグルト　無脂肪無糖,37.00,4.00,0.30,5.70,3.00,0.00,0.00,0.04,0.17,1.00,0.10
1973,＜牛乳及び乳製品＞　（発酵乳・乳酸菌飲料）　ヨーグルト　脱脂加糖,65.00,4.30,0.20,11.90,0.00,0.00,0.00,0.03,0.15,0.00,0.20
1974,＜牛乳及び乳製品＞　（発酵乳・乳酸菌飲料）　ヨーグルト　ドリンクタイプ　加糖,64.00,2.90,0.50,12.20,5.00,0.00,0.00,0.01,0.12,0.00,0.10
1975,＜牛乳及び乳製品＞　（発酵乳・乳酸菌飲料）　乳酸菌飲料　乳製品,64.00,1.10,0.10,16.40,0.00,0.00,0.00,0.01,0.05,0.00,0.00
1976,＜牛乳及び乳製品＞　（発酵乳・乳酸菌飲料）　乳酸菌飲料　殺菌乳製品,217.00,1.50,0.10,52.60,0.00,0.00,0.00,0.02,0.08,0.00,0.00
1977,＜牛乳及び乳製品＞　（発酵乳・乳酸菌飲料）　乳酸菌飲料　非乳製品,39.00,0.40,0.10,10.00,1.00,0.10,0.00,0.01,0.01,5.00,0.00
1978,＜牛乳及び乳製品＞　（チーズ類）　ナチュラルチーズ　エダム,321.00,28.90,25.00,1.40,250.00,0.20,0.80,0.04,0.42,0.00,2.00
1979,＜牛乳及び乳製品＞　（チーズ類）　ナチュラルチーズ　エメンタール,398.00,27.30,33.60,1.60,220.00,0.10,1.30,0.02,0.48,0.00,1.30
1980,＜牛乳及び乳製品＞　（チーズ類）　ナチュラルチーズ　カテージ,99.00,13.30,4.50,1.90,37.00,0.00,0.10,0.02,0.15,0.00,1.00
1981,＜牛乳及び乳製品＞　（チーズ類）　ナチュラルチーズ　カマンベール,291.00,19.10,24.70,0.90,240.00,0.20,0.90,0.03,0.48,0.00,2.00
1982,＜牛乳及び乳製品＞　（チーズ類）　ナチュラルチーズ　クリーム,313.00,8.20,33.00,2.30,250.00,0.20,1.20,0.03,0.22,0.00,0.70
1983,＜牛乳及び乳製品＞　（チーズ類）　ナチュラルチーズ　ゴーダ,356.00,25.80,29.00,1.40,270.00,0.00,0.80,0.03,0.33,0.00,2.00
1984,＜牛乳及び乳製品＞　（チーズ類）　ナチュラルチーズ　チェダー,390.00,25.70,33.80,1.40,330.00,0.00,1.60,0.04,0.45,0.00,2.00
1985,＜牛乳及び乳製品＞　（チーズ類）　ナチュラルチーズ　パルメザン,445.00,44.00,30.80,1.90,240.00,0.20,0.80,0.05,0.68,0.00,3.80
1986,＜牛乳及び乳製品＞　（チーズ類）　ナチュラルチーズ　ブルー,326.00,18.80,29.00,1.00,280.00,0.30,0.60,0.03,0.42,0.00,3.80
1987,＜牛乳及び乳製品＞　（チーズ類）　ナチュラルチーズ　マスカルポーネ,273.00,4.40,28.20,4.30,390.00,0.20,0.60,0.03,0.17,0.00,0.10
1988,＜牛乳及び乳製品＞　（チーズ類）　ナチュラルチーズ　モッツァレラ,269.00,18.40,19.90,4.20,280.00,0.20,0.60,0.01,0.19,0.00,0.20
1989,＜牛乳及び乳製品＞　（チーズ類）　ナチュラルチーズ　やぎ,280.00,20.60,21.70,2.70,290.00,0.30,0.40,0.09,0.88,0.00,1.20
1990,＜牛乳及び乳製品＞　（チーズ類）　ナチュラルチーズ　リコッタ,159.00,7.10,11.50,6.70,160.00,0.00,0.20,0.04,0.21,0.00,0.40
1991,＜牛乳及び乳製品＞　（チーズ類）　プロセスチーズ,313.00,22.70,26.00,1.30,250.00,0.00,1.10,0.03,0.38,0.00,2.80
1992,＜牛乳及び乳製品＞　（チーズ類）　チーズスプレッド,284.00,15.90,25.70,0.60,190.00,0.30,1.10,0.02,0.35,0.00,2.50
1993,＜牛乳及び乳製品＞　（アイスクリーム類）　アイスクリーム　高脂肪,205.00,3.50,12.00,22.40,100.00,0.10,0.20,0.06,0.18,0.00,0.20
1994,＜牛乳及び乳製品＞　（アイスクリーム類）　アイスクリーム　普通脂肪,178.00,3.90,8.00,23.20,58.00,0.10,0.20,0.06,0.20,0.00,0.30
1995,＜牛乳及び乳製品＞　（アイスクリーム類）　アイスミルク,167.00,3.40,6.40,23.90,22.00,0.10,0.10,0.03,0.14,0.00,0.20
1996,＜牛乳及び乳製品＞　（アイスクリーム類）　ラクトアイス　普通脂肪,217.00,3.10,13.60,22.20,10.00,0.00,0.60,0.03,0.15,0.00,0.20
1997,＜牛乳及び乳製品＞　（アイスクリーム類）　ラクトアイス　低脂肪,108.00,1.80,2.00,20.60,0.00,0.00,0.20,0.02,0.12,0.00,0.10
1998,＜牛乳及び乳製品＞　（アイスクリーム類）　ソフトクリーム,146.00,3.80,5.60,20.10,18.00,0.10,0.20,0.05,0.22,0.00,0.20
1999,＜牛乳及び乳製品＞　（その他）　カゼイン,358.00,86.20,1.50,0.00,0.00,0.00,0.00,0.00,0.00,0.00,0.00
2000,＜牛乳及び乳製品＞　（その他）　シャーベット,128.00,0.90,1.00,28.70,0.00,0.00,0.00,0.04,0.05,0.00,0.00
2001,＜牛乳及び乳製品＞　（その他）　チーズホエーパウダー,339.00,12.50,1.20,77.00,12.00,0.00,0.00,0.22,2.35,3.00,1.80
2002,＜その他＞　人乳,61.00,1.10,3.50,7.20,46.00,0.30,0.40,0.01,0.03,5.00,0.00
2003,＜その他＞　やぎ乳,57.00,3.10,3.60,4.50,36.00,0.00,0.10,0.04,0.14,1.00,0.10
2004,（植物油脂類）　あまに油,897.00,0.00,100.00,0.00,1.00,0.00,0.50,0.00,0.00,0.00,0.00
2005,（植物油脂類）　えごま油,897.00,0.00,100.00,0.00,2.00,0.00,2.40,0.00,0.00,0.00,0.00
2006,（植物油脂類）　オリーブ油,894.00,0.00,100.00,0.00,15.00,0.00,7.40,0.00,0.00,0.00,0.00
2007,（植物油脂類）　ごま油,890.00,0.00,100.00,0.00,0.00,0.00,0.40,0.00,0.00,0.00,0.00
2008,（植物油脂類）　米ぬか油,880.00,0.00,100.00,0.00,0.00,0.00,26.00,0.00,0.00,0.00,0.00
2009,（植物油脂類）　サフラワー油　ハイオレイック,892.00,0.00,100.00,0.00,0.00,0.00,27.00,0.00,0.00,0.00,0.00
2010,（植物油脂類）　サフラワー油　ハイリノール,883.00,0.00,100.00,0.00,0.00,0.00,27.00,0.00,0.00,0.00,0.00
2011,（植物油脂類）　大豆油,885.00,0.00,100.00,0.00,0.00,0.00,10.00,0.00,0.00,0.00,0.00
2012,（植物油脂類）　調合油,886.00,0.00,100.00,0.00,0.00,0.00,13.00,0.00,0.00,0.00,0.00
2013,（植物油脂類）　とうもろこし油,884.00,0.00,100.00,0.00,0.00,0.00,17.00,0.00,0.00,0.00,0.00
2014,（植物油脂類）　なたね油,887.00,0.00,100.00,0.00,0.00,0.00,15.00,0.00,0.00,0.00,0.00
2015,（植物油脂類）　パーム油,887.00,0.00,100.00,0.00,0.00,0.00,8.60,0.00,0.00,0.00,0.00
2016,（植物油脂類）　パーム核油,893.00,0.00,100.00,0.00,0.00,0.00,0.40,0.00,0.00,0.00,0.00
2017,（植物油脂類）　ひまわり油　ハイリノール,899.00,0.00,100.00,0.00,0.00,0.00,39.00,0.00,0.00,0.00,0.00
2018,（植物油脂類）　ひまわり油　ミッドオレイック,892.00,0.00,100.00,0.00,0.00,0.00,39.00,0.00,0.00,0.00,0.00
2019,（植物油脂類）　ひまわり油　ハイオレイック,899.00,0.00,100.00,0.00,0.00,0.00,39.00,0.00,0.00,0.00,0.00
2020,（植物油脂類）　ぶどう油,882.00,0.00,100.00,0.00,0.00,0.00,28.00,0.00,0.00,0.00,0.00
2021,（植物油脂類）　綿実油,883.00,0.00,100.00,0.00,0.00,0.00,28.00,0.00,0.00,0.00,0.00
2022,（植物油脂類）　やし油,889.00,0.00,100.00,0.00,0.00,0.00,0.30,0.00,0.00,0.00,0.00
2023,（植物油脂類）　落花生油,882.00,0.00,100.00,0.00,0.00,0.00,6.00,0.00,0.00,0.00,0.00
2024,（動物油脂類）　牛脂,869.00,0.20,99.80,0.00,85.00,0.00,0.60,0.00,0.00,0.00,0.00
2025,（動物油脂類）　たらのあぶら,853.00,0.10,99.80,0.00,"37,000.00",8.70,14.00,0.00,0.00,0.00,0.00
2026,（動物油脂類）　ラード,885.00,0.00,100.00,0.00,0.00,0.20,0.30,0.00,0.00,0.00,0.00
2027,（バター類）　無発酵バター　有塩バター,700.00,0.60,81.00,0.20,520.00,0.60,1.50,0.01,0.03,0.00,1.90
2028,（バター類）　無発酵バター　食塩不使用バター,720.00,0.50,83.00,0.20,800.00,0.70,1.40,0.00,0.03,0.00,0.00
2029,（バター類）　発酵バター　有塩バター,713.00,0.60,80.00,4.40,780.00,0.70,1.30,0.00,0.02,0.00,1.30
2030,（マーガリン類）　マーガリン　家庭用　有塩,715.00,0.40,83.10,0.50,25.00,11.00,15.00,0.01,0.03,0.00,1.30
2031,（マーガリン類）　マーガリン　家庭用　無塩,715.00,0.40,83.10,0.50,25.00,11.00,15.00,0.01,0.03,0.00,0.00
2032,（マーガリン類）　マーガリン　業務用　有塩,740.00,0.30,84.30,0.10,24.00,11.00,15.00,0.01,0.03,0.00,1.30
2033,（マーガリン類）　マーガリン　業務用　無塩,740.00,0.30,84.30,0.10,24.00,11.00,15.00,0.01,0.03,0.00,0.00
2034,（マーガリン類）　ファットスプレッド,579.00,0.20,69.10,0.00,31.00,1.10,16.00,0.02,0.02,0.00,1.10
2035,（その他）　ショートニング　家庭用,889.00,0.00,99.90,0.00,0.00,0.10,9.50,0.00,0.00,0.00,0.00
2036,（その他）　ショートニング　業務用　製菓,881.00,0.00,99.90,0.00,0.00,0.10,9.50,0.00,0.00,0.00,0.00
2037,（その他）　ショートニング　業務用　フライ,886.00,0.00,99.90,0.00,0.00,0.10,9.50,0.00,0.00,0.00,0.00
2038,＜和生菓子・和半生菓子類＞　甘納豆　あずき,283.00,3.40,0.30,69.50,0.00,0.00,0.00,0.06,0.02,0.00,0.10
2039,＜和生菓子・和半生菓子類＞　甘納豆　いんげんまめ,288.00,3.80,0.50,69.90,0.00,0.00,0.00,0.09,0.03,0.00,0.10
2040,＜和生菓子・和半生菓子類＞　甘納豆　えんどう,293.00,3.80,0.40,72.20,2.00,0.00,0.00,0.11,0.02,0.00,0.10
2041,＜和生菓子・和半生菓子類＞　今川焼　こしあん入り,217.00,4.50,1.10,48.30,14.00,0.30,0.20,0.04,0.04,0.00,0.10
2042,＜和生菓子・和半生菓子類＞　今川焼　つぶしあん入り,220.00,4.50,1.40,48.20,15.00,0.30,0.20,0.04,0.04,0.00,0.20
2043,＜和生菓子・和半生菓子類＞　今川焼　カスタードクリーム入り,224.00,4.70,2.60,46.70,51.00,0.80,0.40,0.06,0.08,0.00,0.10
2044,＜和生菓子・和半生菓子類＞　ういろう　白,181.00,1.00,0.20,44.20,0.00,0.00,0.00,0.02,0.00,0.00,0.00
2045,＜和生菓子・和半生菓子類＞　ういろう　黒,174.00,1.50,0.20,42.70,0.00,0.00,0.10,0.04,0.01,0.00,0.00
2046,＜和生菓子・和半生菓子類＞　うぐいすもち　こしあん入り,236.00,3.50,0.40,55.80,0.00,0.00,0.00,0.01,0.01,0.00,0.10
2047,＜和生菓子・和半生菓子類＞　うぐいすもち　つぶしあん入り,237.00,2.70,0.40,56.80,0.00,0.00,0.00,0.01,0.01,0.00,0.10
2048,＜和生菓子・和半生菓子類＞　かしわもち　こしあん入り,203.00,4.00,0.40,46.70,0.00,0.00,0.00,0.03,0.02,0.00,0.10
2049,＜和生菓子・和半生菓子類＞　かしわもち　つぶしあん入り,204.00,3.90,0.50,46.60,0.00,0.00,0.00,0.04,0.02,0.00,0.20
2050,＜和生菓子・和半生菓子類＞　カステラ,313.00,7.10,5.00,61.80,91.00,2.30,2.30,0.05,0.18,0.00,0.20
2051,＜和生菓子・和半生菓子類＞　かのこ,260.00,4.80,0.40,60.40,0.00,0.00,0.00,0.03,0.02,0.00,0.10
2052,＜和生菓子・和半生菓子類＞　かるかん,226.00,2.10,0.30,54.80,0.00,0.00,0.10,0.05,0.01,1.00,0.00
2053,＜和生菓子・和半生菓子類＞　きび団子,298.00,1.60,0.20,73.70,0.00,0.00,0.00,0.01,0.00,0.00,0.00
2054,＜和生菓子・和半生菓子類＞　ぎゅうひ,253.00,1.30,0.20,62.40,0.00,0.00,0.00,0.01,0.00,0.00,0.00
2055,＜和生菓子・和半生菓子類＞　きりざんしょ,245.00,2.10,0.30,59.30,0.00,0.00,0.10,0.03,0.01,0.00,0.20
2056,＜和生菓子・和半生菓子類＞　きんぎょく糖,282.00,0.00,0.00,71.90,0.00,0.00,0.00,0.00,0.00,0.00,0.00
2057,＜和生菓子・和半生菓子類＞　きんつば,260.00,6.00,0.70,58.60,0.00,0.00,0.10,0.03,0.03,0.00,0.30
2058,＜和生菓子・和半生菓子類＞　草もち　こしあん入り,224.00,4.20,0.40,52.10,13.00,0.00,0.10,0.03,0.02,0.00,0.00
2059,＜和生菓子・和半生菓子類＞　草もち　つぶしあん入り,227.00,4.80,0.70,51.10,18.00,0.00,0.20,0.04,0.02,0.00,0.10
2060,＜和生菓子・和半生菓子類＞　くし団子　あん　こしあん入り,198.00,3.80,0.40,45.40,0.00,0.00,0.10,0.04,0.02,0.00,0.10
2061,＜和生菓子・和半生菓子類＞　くし団子　あん　つぶしあん入り,199.00,3.80,0.50,45.40,0.00,0.00,0.10,0.04,0.01,0.00,0.10
2062,＜和生菓子・和半生菓子類＞　くし団子　みたらし,194.00,3.20,0.40,44.90,0.00,0.00,0.10,0.04,0.02,0.00,0.60
2063,＜和生菓子・和半生菓子類＞　くずもち　関西風　くずでん粉製品,93.00,0.10,0.10,22.50,0.00,0.00,0.00,0.00,0.00,0.00,0.00
2064,＜和生菓子・和半生菓子類＞　くずもち　関東風　小麦でん粉製品,94.00,0.10,0.10,22.40,0.00,0.00,0.00,0.00,0.00,0.00,0.00
2065,＜和生菓子・和半生菓子類＞　げっぺい,348.00,4.70,8.50,65.50,0.00,0.00,0.60,0.05,0.03,0.00,0.00
2066,＜和生菓子・和半生菓子類＞　五平もち,178.00,3.00,0.50,40.90,0.00,0.00,0.00,0.02,0.02,0.00,0.60
2067,＜和生菓子・和半生菓子類＞　桜もち　関西風　こしあん入り,196.00,3.50,0.30,46.00,0.00,0.00,0.00,0.01,0.01,0.00,0.10
2068,＜和生菓子・和半生菓子類＞　桜もち　関西風　つぶしあん入り,197.00,3.00,0.30,46.50,0.00,0.00,0.00,0.01,0.01,0.00,0.10
2069,＜和生菓子・和半生菓子類＞　桜もち　関東風　こしあん入り,235.00,4.50,0.40,54.20,0.00,0.00,0.00,0.02,0.02,0.00,0.10
2070,＜和生菓子・和半生菓子類＞　桜もち　関東風　つぶしあん入り,237.00,4.20,0.60,54.40,0.00,0.00,0.10,0.04,0.02,0.00,0.10
2071,＜和生菓子・和半生菓子類＞　笹だんご　こしあん入り,227.00,4.00,0.50,54.60,34.00,0.00,0.30,0.06,0.02,0.00,0.00
2072,＜和生菓子・和半生菓子類＞　笹だんご　つぶしあん入り,228.00,4.70,0.60,53.80,33.00,0.00,0.30,0.05,0.02,0.00,0.10
2073,＜和生菓子・和半生菓子類＞　ずんだあん,190.00,6.30,3.40,36.60,13.00,0.00,0.30,0.13,0.07,8.00,0.20
2074,＜和生菓子・和半生菓子類＞　ずんだもち,212.00,4.90,1.70,45.10,5.00,0.00,0.20,0.07,0.03,3.00,0.10
2075,＜和生菓子・和半生菓子類＞　大福もち　こしあん入り,223.00,4.60,0.50,53.20,0.00,0.00,0.00,0.02,0.01,0.00,0.10
2076,＜和生菓子・和半生菓子類＞　大福もち　つぶしあん入り,223.00,4.70,0.60,52.80,0.00,0.00,0.10,0.03,0.02,0.00,0.10
2077,＜和生菓子・和半生菓子類＞　タルト　（和菓子）,288.00,5.90,3.00,60.70,54.00,1.00,0.40,0.04,0.11,1.00,0.10
2078,＜和生菓子・和半生菓子類＞　ちまき,150.00,1.30,0.20,36.50,0.00,0.00,0.00,0.02,0.00,0.00,0.00
2079,＜和生菓子・和半生菓子類＞　ちゃつう,320.00,6.20,4.30,66.40,0.00,0.00,0.00,0.08,0.05,0.00,0.00
2080,＜和生菓子・和半生菓子類＞　どら焼　こしあん入り,282.00,6.60,3.10,58.40,39.00,0.70,0.30,0.04,0.09,0.00,0.30
2081,＜和生菓子・和半生菓子類＞　どら焼　つぶしあん入り,292.00,6.60,3.20,57.90,-40.00,0.70,0.40,0.04,0.09,0.00,0.40
2082,＜和生菓子・和半生菓子類＞　生八つ橋　あん入り　こしあん入り,274.00,3.60,0.30,65.40,0.00,0.00,0.00,0.03,0.02,0.00,0.00
2083,＜和生菓子・和半生菓子類＞　生八つ橋　あん入り　こしあん・つぶしあん混合,274.00,3.50,0.30,65.50,0.00,0.00,0.10,0.03,0.02,0.00,0.00
2084,＜和生菓子・和半生菓子類＞　生八つ橋　あん入り　つぶしあん入り,275.00,3.70,0.50,65.10,0.00,0.00,0.10,0.03,0.02,0.00,0.10
2085,＜和生菓子・和半生菓子類＞　ねりきり,259.00,5.30,0.30,60.10,0.00,0.00,0.00,0.01,0.03,0.00,0.00
2086,＜和生菓子・和半生菓子類＞　まんじゅう　カステラまんじゅう　こしあん入り,292.00,6.70,2.10,62.60,23.00,0.40,0.20,0.04,0.07,0.00,0.10
2087,＜和生菓子・和半生菓子類＞　まんじゅう　カステラまんじゅう　つぶしあん入り,292.00,6.90,2.30,62.20,24.00,0.40,0.30,0.05,0.07,0.00,0.20
2088,＜和生菓子・和半生菓子類＞　まんじゅう　かるかんまんじゅう　こしあん入り,226.00,3.00,0.30,53.80,0.00,0.00,0.00,0.02,0.02,0.00,0.10
2089,＜和生菓子・和半生菓子類＞　まんじゅう　かるかんまんじゅう　つぶしあん入り,226.00,3.10,0.40,53.60,0.00,0.00,0.10,0.03,0.02,0.00,0.20
2090,＜和生菓子・和半生菓子類＞　まんじゅう　くずまんじゅう　こしあん入り,216.00,3.10,0.20,51.40,0.00,0.00,0.00,0.01,0.02,0.00,0.10
2091,＜和生菓子・和半生菓子類＞　まんじゅう　くずまんじゅう　つぶしあん入り,218.00,1.30,0.10,53.40,0.00,0.00,0.00,0.01,0.01,0.00,0.20
2092,＜和生菓子・和半生菓子類＞　まんじゅう　くりまんじゅう　こしあん入り,296.00,6.50,1.40,68.10,17.00,0.30,0.20,0.03,0.05,0.00,0.10
2093,＜和生菓子・和半生菓子類＞　まんじゅう　くりまんじゅう　つぶしあん入り,295.00,6.70,1.60,67.00,18.00,0.30,0.20,0.04,0.06,0.00,0.20
2094,＜和生菓子・和半生菓子類＞　まんじゅう　とうまんじゅう　こしあん入り,299.00,6.80,3.10,61.60,34.00,0.60,0.30,0.03,0.08,0.00,0.10
2095,＜和生菓子・和半生菓子類＞　まんじゅう　とうまんじゅう　つぶしあん入り,294.00,6.90,3.30,61.30,36.00,0.60,0.30,0.04,0.09,0.00,0.20
2096,＜和生菓子・和半生菓子類＞　まんじゅう　蒸しまんじゅう　こしあん入り,254.00,4.60,0.50,59.50,0.00,0.00,0.00,0.03,0.02,0.00,0.20
2097,＜和生菓子・和半生菓子類＞　まんじゅう　蒸しまんじゅう　つぶしあん入り,257.00,4.70,0.70,59.10,0.00,0.00,0.10,0.03,0.02,0.00,0.20
2098,＜和生菓子・和半生菓子類＞　まんじゅう　中華まんじゅう　あんまん　こしあん入り,273.00,6.10,5.60,51.30,0.00,0.00,0.10,0.08,0.03,0.00,0.00
2099,＜和生菓子・和半生菓子類＞　まんじゅう　中華まんじゅう　あんまん　つぶしあん入り,279.00,6.20,6.00,51.30,0.00,0.00,0.10,0.08,0.03,0.00,0.10
2100,＜和生菓子・和半生菓子類＞　まんじゅう　中華まんじゅう　肉まん,242.00,10.00,5.10,43.40,3.00,0.10,0.00,0.23,0.10,7.00,1.20
2101,＜和生菓子・和半生菓子類＞　もなか　こしあん入り,277.00,4.90,0.30,65.50,0.00,0.00,0.00,0.01,0.02,0.00,0.00
2102,＜和生菓子・和半生菓子類＞　もなか　つぶしあん入り,278.00,6.40,0.70,63.30,0.00,0.00,0.10,0.02,0.03,0.00,0.20
2103,＜和生菓子・和半生菓子類＞　ゆべし,321.00,2.40,3.50,71.20,0.00,0.00,0.10,0.03,0.02,0.00,0.60
2104,＜和生菓子・和半生菓子類＞　ようかん　練りようかん,289.00,3.60,0.20,69.90,0.00,0.00,0.00,0.01,0.02,0.00,0.00
2105,＜和生菓子・和半生菓子類＞　ようかん　水ようかん,168.00,2.60,0.20,39.90,0.00,0.00,0.00,0.01,0.01,0.00,0.10
2106,＜和生菓子・和半生菓子類＞　ようかん　蒸しようかん,237.00,4.40,0.30,55.40,0.00,0.00,0.00,0.02,0.02,0.00,0.20
2107,＜和干菓子類＞　あめ玉,385.00,0.00,0.00,97.50,0.00,0.00,0.00,0.00,0.00,0.00,0.00
2108,＜和干菓子類＞　芋かりんとう,465.00,1.40,20.60,71.30,3.00,0.00,4.30,0.13,0.05,33.00,0.00
2109,＜和干菓子類＞　おこし,376.00,3.80,0.70,90.20,0.00,0.00,0.00,0.02,0.01,0.00,0.20
2110,＜和干菓子類＞　おのろけ豆,438.00,11.30,13.60,70.20,0.00,0.00,2.90,0.13,0.05,0.00,1.00
2111,＜和干菓子類＞　かりんとう　黒,420.00,7.50,11.60,76.30,0.00,0.00,1.60,0.10,0.05,0.00,0.00
2112,＜和干菓子類＞　かりんとう　白,423.00,9.70,11.20,76.20,0.00,0.00,1.60,0.12,0.05,0.00,0.00
2113,＜和干菓子類＞　ごかぼう,367.00,10.60,6.40,71.70,0.00,0.00,0.40,0.03,0.06,0.00,0.00
2114,＜和干菓子類＞　小麦粉せんべい　磯部せんべい,377.00,4.30,0.80,89.30,0.00,0.00,0.10,0.06,0.02,0.00,1.30
2115,＜和干菓子類＞　小麦粉せんべい　かわらせんべい,390.00,7.00,3.20,84.90,51.00,0.30,0.40,0.07,0.11,0.00,0.10
2116,＜和干菓子類＞　小麦粉せんべい　巻きせんべい,386.00,4.30,1.40,90.40,17.00,0.30,0.20,0.05,0.04,0.00,0.10
2117,＜和干菓子類＞　小麦粉せんべい　南部せんべい　ごま入り,423.00,11.20,11.10,72.00,0.00,0.00,0.30,0.27,0.08,0.00,1.10
2118,＜和干菓子類＞　小麦粉せんべい　南部せんべい　落花生入り,421.00,11.70,9.50,73.90,0.00,0.00,2.20,0.17,0.05,0.00,0.90
2119,＜和干菓子類＞　しおがま,348.00,2.60,0.20,85.50,85.00,0.00,0.20,0.02,0.02,0.00,1.50
2120,＜和干菓子類＞　ひなあられ　関西風,385.00,8.00,1.40,85.80,0.00,0.00,0.10,0.06,0.03,0.00,1.70
2121,＜和干菓子類＞　ひなあられ　関東風,380.00,9.60,2.80,80.70,0.00,0.00,0.20,0.06,0.04,0.00,1.50
2122,＜和干菓子類＞　米菓　揚げせんべい,458.00,5.60,17.40,71.30,0.00,0.00,2.30,0.08,0.02,0.00,1.20
2123,＜和干菓子類＞　米菓　甘辛せんべい,374.00,6.70,0.90,86.20,0.00,0.00,0.20,0.09,0.03,0.00,1.20
2124,＜和干菓子類＞　米菓　あられ,378.00,7.50,1.00,84.90,0.00,0.00,0.10,0.06,0.03,0.00,1.70
2125,＜和干菓子類＞　米菓　しょうゆせんべい,368.00,7.30,1.00,83.90,0.00,0.00,0.20,0.10,0.04,0.00,1.30
2126,＜和干菓子類＞　ボーロ　小粒,391.00,2.50,2.10,90.60,42.00,0.80,0.30,0.01,0.07,0.00,0.10
2127,＜和干菓子類＞　ボーロ　そばボーロ,398.00,7.70,3.40,86.10,49.00,0.90,0.40,0.12,0.11,0.00,0.30
2128,＜和干菓子類＞　松風,378.00,4.00,0.70,89.70,0.00,0.00,0.10,0.05,0.02,0.00,0.10
2129,＜和干菓子類＞　みしま豆,402.00,12.30,8.60,75.80,0.00,0.00,0.60,0.02,0.08,0.00,0.00
2130,＜和干菓子類＞　八つ橋,390.00,3.30,0.50,94.20,0.00,0.00,0.10,0.04,0.01,0.00,0.00
2131,＜和干菓子類＞　らくがん　らくがん,384.00,2.40,0.20,94.30,0.00,0.00,0.00,0.01,0.00,0.00,0.00
2132,＜和干菓子類＞　らくがん　麦らくがん,396.00,4.80,1.80,90.40,0.00,0.00,0.20,0.03,0.04,0.00,0.00
2133,＜和干菓子類＞　らくがん　もろこしらくがん,374.00,6.60,0.30,89.90,0.00,0.00,0.00,0.01,0.01,0.00,0.30
2134,＜菓子パン類＞　揚げパン,369.00,8.70,18.70,43.50,2.00,0.00,4.30,0.18,0.13,0.00,1.10
2135,＜菓子パン類＞　あんパン　こしあん入り,267.00,6.80,3.60,53.50,-10.00,0.20,0.40,0.06,0.07,0.00,0.30
2136,＜菓子パン類＞　あんパン　つぶしあん入り,266.00,7.00,3.80,53.00,-10.00,0.20,0.40,0.06,0.07,0.00,0.30
2137,＜菓子パン類＞　あんパン　薄皮タイプ　こしあん入り,256.00,6.60,3.50,51.90,4.00,0.10,0.10,0.03,0.04,0.00,0.10
2138,＜菓子パン類＞　あんパン　薄皮タイプ　つぶしあん入り,258.00,6.80,3.70,51.40,4.00,0.10,0.20,0.04,0.05,0.00,0.20
2139,＜菓子パン類＞　カレーパン　皮及び具,302.00,6.60,18.30,32.30,34.00,0.00,2.10,0.11,0.15,0.00,1.20
2140,＜菓子パン類＞　カレーパン　皮のみ,363.00,7.20,22.40,38.40,10.00,0.00,2.70,0.11,0.18,0.00,1.00
2141,＜菓子パン類＞　カレーパン　具のみ,168.00,5.30,9.30,18.80,87.00,0.00,0.70,0.11,0.07,0.00,1.80
2142,＜菓子パン類＞　クリームパン,286.00,7.90,7.40,48.30,66.00,1.10,0.80,-0.10,0.14,0.00,0.40
2143,＜菓子パン類＞　クリームパン　薄皮タイプ,218.00,6.00,7.10,33.90,93.00,1.50,0.70,0.07,0.15,0.00,0.20
2144,＜菓子パン類＞　ジャムパン,285.00,5.30,3.90,58.10,11.00,0.20,0.50,0.07,0.07,3.00,0.30
2145,＜菓子パン類＞　チョココロネ,320.00,5.80,15.30,44.40,-30.00,0.40,2.10,0.08,0.14,0.00,0.40
2146,＜菓子パン類＞　チョコパン　薄皮タイプ,340.00,4.70,19.40,40.00,36.00,0.40,2.70,0.07,0.16,0.00,0.40
2147,＜菓子パン類＞　メロンパン,349.00,8.00,10.50,59.90,40.00,0.20,1.20,0.09,0.10,0.00,0.50
2148,＜菓子パン類＞　菓子パン　あんなし,294.00,8.20,6.10,54.10,17.00,0.40,0.70,-0.10,0.11,0.00,0.50
2149,＜ケーキ・ペストリー類＞　シュークリーム,211.00,6.00,11.40,25.50,-150.00,2.10,0.80,0.07,0.18,1.00,0.20
2150,＜ケーキ・ペストリー類＞　スポンジケーキ,283.00,7.90,7.50,52.10,-120.00,1.70,0.70,0.06,0.18,0.00,0.20
2151,＜ケーキ・ペストリー類＞　ショートケーキ　果実なし,318.00,6.90,15.20,42.30,-130.00,1.40,0.60,0.05,0.15,0.00,0.20
2152,＜ケーキ・ペストリー類＞　ショートケーキ　いちご,314.00,6.90,14.70,42.70,-130.00,1.30,0.70,0.05,0.15,15.00,0.20
2153,＜ケーキ・ペストリー類＞　タルト　（洋菓子）,247.00,4.70,13.50,30.50,-120.00,0.70,0.70,0.05,0.11,21.00,0.20
2154,＜ケーキ・ペストリー類＞　チーズケーキ　ベイクドチーズケーキ,299.00,8.50,21.20,23.30,-200.00,1.20,1.10,0.04,0.23,2.00,0.50
2155,＜ケーキ・ペストリー類＞　チーズケーキ　レアチーズケーキ,349.00,5.80,27.50,22.50,160.00,0.20,0.70,0.04,0.16,2.00,0.50
2156,＜ケーキ・ペストリー類＞　デニッシュペストリー　アメリカンタイプ　プレーン,382.00,6.20,26.30,35.10,56.00,1.60,3.10,0.11,0.12,0.00,0.80
2157,＜ケーキ・ペストリー類＞　デニッシュペストリー　デンマークタイプ　プレーン　,440.00,6.50,34.00,33.20,82.00,2.10,3.90,0.11,0.12,0.00,0.50
2158,＜ケーキ・ペストリー類＞　デニッシュペストリー　アメリカンタイプ　あん入り　こしあん,330.00,6.00,15.60,44.90,33.00,0.90,1.80,0.07,0.08,0.00,0.50
2159,＜ケーキ・ペストリー類＞　デニッシュペストリー　アメリカンタイプ　あん入り　つぶしあん,323.00,6.00,15.70,42.90,33.00,0.90,1.90,0.07,0.08,0.00,0.50
2160,＜ケーキ・ペストリー類＞　デニッシュペストリー　デンマークタイプ　あん入り　こしあん,384.00,6.50,21.30,46.10,51.00,1.30,2.40,0.07,0.09,0.00,0.30
2161,＜ケーキ・ペストリー類＞　デニッシュペストリー　デンマークタイプ　あん入り　つぶしあん,387.00,6.60,22.00,45.20,52.00,1.30,2.50,0.08,0.09,0.00,0.40
2162,＜ケーキ・ペストリー類＞　デニッシュペストリー　アメリカンタイプ　あん入り　カスタードクリーム,304.00,5.80,19.30,31.20,83.00,1.70,2.20,0.09,0.14,0.00,0.50
2163,＜ケーキ・ペストリー類＞　デニッシュペストリー　デンマークタイプ　あん入り　カスタードクリーム,417.00,7.30,29.60,36.60,-120.00,2.50,3.30,0.11,0.17,0.00,0.50
2164,＜ケーキ・ペストリー類＞　ドーナッツ　イーストドーナッツ　プレーン,379.00,7.20,20.20,43.90,-10.00,0.20,2.50,0.09,0.11,0.00,0.80
2165,＜ケーキ・ペストリー類＞　ドーナッツ　イーストドーナッツ　あん入り　こしあん,341.00,6.80,12.60,52.20,6.00,0.10,1.50,0.06,0.08,0.00,0.50
2166,＜ケーキ・ペストリー類＞　ドーナッツ　イーストドーナッツ　あん入り　つぶしあん,341.00,7.00,13.00,51.50,7.00,0.10,1.60,0.06,0.08,0.00,0.60
2167,＜ケーキ・ペストリー類＞　ドーナッツ　イーストドーナッツ　あん入り　カスタードクリーム,371.00,7.70,18.90,44.60,66.00,1.10,2.20,-0.10,0.16,0.00,0.60
2168,＜ケーキ・ペストリー類＞　ドーナッツ　ケーキドーナッツ　プレーン,367.00,7.20,11.70,60.20,54.00,0.90,1.30,0.07,0.12,0.00,0.40
2169,＜ケーキ・ペストリー類＞　ドーナッツ　ケーキドーナッツ　あん入り　こしあん,353.00,8.30,5.40,63.70,34.00,0.60,0.90,0.05,0.09,0.00,0.30
2170,＜ケーキ・ペストリー類＞　ドーナッツ　ケーキドーナッツ　あん入り　つぶしあん,355.00,8.60,5.70,63.10,35.00,0.60,0.90,0.06,0.09,0.00,0.30
2171,＜ケーキ・ペストリー類＞　ドーナッツ　ケーキドーナッツ　あん入り　カスタードクリーム,375.00,9.60,10.50,56.70,-100.00,1.60,1.40,0.09,0.17,0.00,0.40
2172,＜ケーキ・ペストリー類＞　パイ　パイ皮,373.00,5.00,25.40,36.40,0.00,0.00,2.50,0.05,0.02,0.00,1.00
2173,＜ケーキ・ペストリー類＞　パイ　アップルパイ,294.00,4.00,17.50,32.80,0.00,0.00,1.20,0.03,0.01,1.00,0.40
2174,＜ケーキ・ペストリー類＞　パイ　ミートパイ,381.00,9.70,29.90,22.20,36.00,0.10,2.20,0.14,0.05,0.00,1.10
2175,＜ケーキ・ペストリー類＞　バターケーキ,422.00,5.80,25.30,48.00,200.00,1.20,0.80,0.05,0.12,0.00,0.60
2176,＜ケーキ・ペストリー類＞　ホットケーキ,253.00,7.70,5.40,45.30,52.00,0.70,0.50,0.08,0.16,0.00,0.70
2177,＜ケーキ・ペストリー類＞　ワッフル　カスタードクリーム入り,241.00,7.30,7.90,38.10,-110.00,1.70,0.80,0.08,0.19,1.00,0.20
2178,＜ケーキ・ペストリー類＞　ワッフル　ジャム入り,279.00,4.90,4.20,57.30,32.00,0.50,0.40,0.05,0.09,6.00,0.10
2179,＜デザート菓子類＞　カスタードプリン,116.00,5.70,5.50,14.00,88.00,1.40,0.50,0.04,0.20,1.00,0.20
2180,＜デザート菓子類＞　牛乳寒天,61.00,1.10,1.30,12.20,13.00,0.10,0.00,0.01,0.05,0.00,0.00
2181,＜デザート菓子類＞　こんにゃくゼリー,65.00,0.00,0.10,16.40,0.00,0.00,0.00,0.00,0.00,0.00,0.10
2182,＜デザート菓子類＞　ゼリー　オレンジ,80.00,2.10,0.10,19.80,4.00,0.00,0.30,0.07,0.02,40.00,0.00
2183,＜デザート菓子類＞　ゼリー　コーヒー,43.00,1.60,0.00,10.30,0.00,0.00,0.00,0.00,0.00,0.00,0.00
2184,＜デザート菓子類＞　ゼリー　ミルク,103.00,4.30,3.70,14.40,37.00,0.30,0.10,0.04,0.15,1.00,0.10
2185,＜デザート菓子類＞　ゼリー　ワイン,65.00,1.70,0.00,13.20,0.00,0.00,0.00,0.00,0.00,0.00,0.00
2186,＜デザート菓子類＞　ババロア,204.00,5.60,12.90,19.90,130.00,1.60,0.60,0.04,0.13,0.00,0.10
2187,＜ビスケット類＞　ウエハース,439.00,7.60,13.60,75.30,17.00,0.00,1.10,0.03,0.08,0.00,1.20
2188,＜ビスケット類＞　ウエハース　クリーム入り,492.00,7.50,21.80,65.50,13.00,0.00,1.90,0.02,0.06,0.00,0.90
2189,＜ビスケット類＞　クラッカー　オイルスプレークラッカー,481.00,8.50,22.50,63.90,0.00,0.00,12.00,0.08,0.04,0.00,1.50
2190,＜ビスケット類＞　クラッカー　ソーダクラッカー,421.00,10.40,9.80,74.40,0.00,0.00,1.50,0.05,0.04,0.00,1.90
2191,＜ビスケット類＞　サブレ,459.00,6.10,16.60,73.50,30.00,0.60,1.70,0.07,0.07,0.00,0.20
2192,＜ビスケット類＞　中華風クッキー,513.00,5.10,29.50,61.80,27.00,0.50,0.40,0.06,0.06,0.00,0.20
2193,＜ビスケット類＞　ビスケット　ハードビスケット,422.00,7.60,10.00,77.80,18.00,0.00,0.90,0.13,0.22,0.00,0.80
2194,＜ビスケット類＞　ビスケット　ソフトビスケット,512.00,5.70,27.60,62.60,150.00,0.00,2.20,0.06,0.05,0.00,0.60
2195,＜ビスケット類＞　プレッツェル,465.00,9.90,18.60,68.20,5.00,0.00,2.60,0.13,0.11,0.00,1.90
2196,＜ビスケット類＞　リーフパイ,558.00,5.80,35.50,55.80,0.00,0.00,3.50,0.08,0.02,0.00,0.10
2197,＜ビスケット類＞　ロシアケーキ,486.00,5.80,23.40,65.80,1.00,0.00,4.50,0.06,0.14,0.00,0.50
2198,＜スナック類＞　小麦粉あられ,472.00,7.60,19.50,68.80,0.00,0.00,2.00,0.10,0.03,0.00,1.80
2199,＜スナック類＞　コーンスナック,516.00,5.20,27.10,65.30,11.00,0.00,3.70,0.02,0.05,0.00,1.20
2200,＜スナック類＞　ポテトチップス　ポテトチップス,541.00,4.70,35.20,54.70,0.00,0.00,6.20,0.26,0.06,15.00,1.00
2201,＜スナック類＞　ポテトチップス　成形ポテトチップス,515.00,5.80,32.00,57.30,0.00,0.00,2.60,0.25,0.05,9.00,0.90
2202,＜キャンデー類＞　かわり玉,392.00,0.00,0.00,99.50,0.00,0.00,0.00,0.00,0.00,0.00,0.00
2203,＜キャンデー類＞　キャラメル,426.00,4.00,11.70,77.90,110.00,3.00,0.50,0.09,0.18,0.00,0.30
2204,＜キャンデー類＞　ゼリーキャンデー,334.00,0.00,0.00,83.90,0.00,0.00,0.00,0.00,0.00,0.00,0.00
2205,＜キャンデー類＞　ゼリービーンズ,358.00,0.00,0.00,90.40,0.00,0.00,0.00,0.00,0.00,0.00,0.00
2206,＜キャンデー類＞　ドロップ,389.00,0.00,0.00,98.00,0.00,0.00,0.00,0.00,0.00,0.00,0.00
2207,＜キャンデー類＞　バタースコッチ,414.00,0.00,6.50,91.00,62.00,0.10,0.10,0.00,0.00,0.00,0.40
2208,＜キャンデー類＞　ブリットル,506.00,12.60,26.50,58.10,0.00,0.00,5.40,0.12,0.07,0.00,0.20
2209,＜キャンデー類＞　マシュマロ,324.00,2.10,0.00,79.30,0.00,0.00,0.00,0.00,0.00,0.00,0.00
2210,＜キャンデー類＞　ラムネ,373.00,0.00,0.50,92.20,0.00,0.00,0.00,0.00,0.00,2.00,0.20
2211,＜チョコレート類＞　アーモンドチョコレート,562.00,11.40,40.40,43.30,43.00,0.60,11.00,0.19,0.64,0.00,0.10
2212,＜チョコレート類＞　カバーリングチョコレート,488.00,7.10,24.30,64.20,42.00,0.60,0.90,0.15,0.27,0.00,0.30
221201,＜チョコレート類＞　スイートチョコレート,530.00,5.80,37.70,52.60,8.00,1.50,0.80,0.12,0.11,0.00,0.00
221202,＜チョコレート類＞　スイートチョコレート　カカオ増量,539.00,8.90,41.30,43.30,3.00,1.70,0.50,0.15,0.11,0.00,0.00
2213,＜チョコレート類＞　ホワイトチョコレート,588.00,7.20,39.50,50.90,50.00,0.00,0.80,0.08,0.39,0.00,0.20
2214,＜チョコレート類＞　ミルクチョコレート,550.00,6.90,34.10,55.80,66.00,1.00,0.70,0.19,0.41,0.00,0.20
2215,＜果実菓子類＞　マロングラッセ,303.00,1.10,0.30,77.40,1.00,0.00,0.00,0.00,0.03,0.00,0.10
2216,＜チューインガム類＞　板ガム,388.00,0.00,0.00,96.90,0.00,0.00,0.00,0.00,0.00,0.00,0.00
2217,＜チューインガム類＞　糖衣ガム,390.00,0.00,0.00,97.60,0.00,0.00,0.00,0.00,0.00,0.00,0.00
2218,＜チューインガム類＞　風船ガム,387.00,0.00,0.00,96.70,0.00,0.00,0.00,0.00,0.00,0.00,0.00
2219,＜その他＞　カスタードクリーム,174.00,5.10,7.60,24.80,120.00,1.90,2.50,0.07,0.16,1.00,0.10
2220,＜その他＞　しるこ　こしあん,211.00,4.70,0.30,48.70,0.00,0.00,0.00,0.01,0.02,0.00,0.00
2221,＜その他＞　しるこ　つぶしあん,179.00,4.20,0.40,40.50,0.00,0.00,0.10,0.01,0.02,0.00,0.10
2222,＜その他＞　チョコレートクリーム,481.00,4.60,32.00,47.30,53.00,3.20,4.30,0.07,0.23,1.00,0.50
2223,＜アルコール飲料類＞　（醸造酒類）　清酒　普通酒,107.00,0.40,0.00,4.90,0.00,0.00,0.00,0.00,0.00,0.00,0.00
2224,＜アルコール飲料類＞　（醸造酒類）　清酒　純米酒,102.00,0.40,0.00,3.60,0.00,0.00,0.00,0.00,0.00,0.00,0.00
2225,＜アルコール飲料類＞　（醸造酒類）　清酒　本醸造酒,106.00,0.40,0.00,4.50,0.00,0.00,0.00,0.00,0.00,0.00,0.00
2226,＜アルコール飲料類＞　（醸造酒類）　清酒　吟醸酒,103.00,0.30,0.00,3.60,0.00,0.00,0.00,0.00,0.00,0.00,0.00
2227,＜アルコール飲料類＞　（醸造酒類）　清酒　純米吟醸酒,102.00,0.40,0.00,4.10,0.00,0.00,0.00,0.00,0.00,0.00,0.00
2228,＜アルコール飲料類＞　（醸造酒類）　ビール　淡色,39.00,0.30,0.00,3.10,0.00,0.00,0.00,0.00,0.02,0.00,0.00
2229,＜アルコール飲料類＞　（醸造酒類）　ビール　黒,45.00,0.40,0.00,3.60,0.00,0.00,0.00,0.00,0.04,0.00,0.00
2230,＜アルコール飲料類＞　（醸造酒類）　ビール　スタウト,62.00,0.50,0.00,4.90,0.00,0.00,0.00,0.00,0.05,0.00,0.00
2231,＜アルコール飲料類＞　（醸造酒類）　発泡酒,44.00,0.10,0.00,3.60,0.00,0.00,0.00,0.00,0.01,0.00,0.00
2232,＜アルコール飲料類＞　（醸造酒類）　ぶどう酒　白,75.00,0.10,0.00,2.00,0.00,0.00,0.00,0.00,0.00,0.00,0.00
2233,＜アルコール飲料類＞　（醸造酒類）　ぶどう酒　赤,68.00,0.20,0.00,1.50,0.00,0.00,0.00,0.00,0.01,0.00,0.00
2234,＜アルコール飲料類＞　（醸造酒類）　ぶどう酒　ロゼ,71.00,0.10,0.00,4.00,0.00,0.00,0.00,0.00,0.00,0.00,0.00
2235,＜アルコール飲料類＞　（醸造酒類）　紹興酒,126.00,1.70,0.00,5.10,0.00,0.00,0.00,0.00,0.03,0.00,0.00
2236,＜アルコール飲料類＞　（蒸留酒類）　しょうちゅう　連続式蒸留しょうちゅう,203.00,0.00,0.00,0.00,0.00,0.00,0.00,0.00,0.00,0.00,0.00
2237,＜アルコール飲料類＞　（蒸留酒類）　しょうちゅう　単式蒸留しょうちゅう,144.00,0.00,0.00,0.00,0.00,0.00,0.00,0.00,0.00,0.00,0.00
2238,＜アルコール飲料類＞　（蒸留酒類）　しょうちゅう　泡盛,206.00,0.00,0.00,0.00,0.00,0.00,0.00,0.00,0.00,0.00,0.00
2239,＜アルコール飲料類＞　（蒸留酒類）　ウイスキー,234.00,0.00,0.00,0.00,0.00,0.00,0.00,0.00,0.00,0.00,0.00
2240,＜アルコール飲料類＞　（蒸留酒類）　ブランデー,234.00,0.00,0.00,0.00,0.00,0.00,0.00,0.00,0.00,0.00,0.00
2241,＜アルコール飲料類＞　（蒸留酒類）　ウオッカ,237.00,0.00,0.00,0.00,0.00,0.00,0.00,0.00,0.00,0.00,0.00
2242,＜アルコール飲料類＞　（蒸留酒類）　ジン,280.00,0.00,0.00,0.10,0.00,0.00,0.00,0.00,0.00,0.00,0.00
2243,＜アルコール飲料類＞　（蒸留酒類）　ラム,237.00,0.00,0.00,0.10,0.00,0.00,0.00,0.00,0.00,0.00,0.00
2244,＜アルコール飲料類＞　（蒸留酒類）　マオタイ酒,317.00,0.00,0.00,0.00,0.00,0.00,0.00,0.00,0.00,0.00,0.00
2245,＜アルコール飲料類＞　（混成酒類）　梅酒,155.00,0.10,0.00,20.70,0.00,0.00,0.00,0.00,0.01,0.00,0.00
2246,＜アルコール飲料類＞　（混成酒類）　合成清酒,108.00,0.10,0.00,5.30,0.00,0.00,0.00,0.00,0.00,0.00,0.00
2247,＜アルコール飲料類＞　（混成酒類）　白酒,236.00,1.90,0.00,48.10,0.00,0.00,0.00,0.02,0.01,1.00,0.00
2248,＜アルコール飲料類＞　（混成酒類）　みりん　本みりん,241.00,0.30,0.00,43.20,0.00,0.00,0.00,0.00,0.00,0.00,0.00
2249,＜アルコール飲料類＞　（混成酒類）　みりん　本直し,179.00,0.10,0.00,14.40,0.00,0.00,0.00,0.00,0.00,0.00,0.00
2250,＜アルコール飲料類＞　（混成酒類）　薬味酒,181.00,0.00,0.00,26.80,0.00,0.00,0.00,0.00,0.00,0.00,0.00
2251,＜アルコール飲料類＞　（混成酒類）　キュラソー,319.00,0.00,0.00,26.40,0.00,0.00,0.00,0.00,0.00,0.00,0.00
2252,＜アルコール飲料類＞　（混成酒類）　スイートワイン,125.00,0.10,0.00,13.40,0.00,0.00,0.00,0.00,0.00,0.00,0.00
2253,＜アルコール飲料類＞　（混成酒類）　ペパーミント,300.00,0.00,0.00,37.60,0.00,0.00,0.00,0.00,0.00,0.00,0.00
2254,＜アルコール飲料類＞　（混成酒類）　ベルモット　甘口タイプ,151.00,0.10,0.00,16.40,0.00,0.00,0.00,0.00,0.00,0.00,0.00
2255,＜アルコール飲料類＞　（混成酒類）　ベルモット　辛口タイプ,113.00,0.10,0.00,3.70,0.00,0.00,0.00,0.00,0.00,0.00,0.00
2256,＜アルコール飲料類＞　（混成酒類）　缶チューハイ　レモン風味,51.00,0.00,0.00,2.90,0.00,0.00,0.00,0.00,0.00,0.00,0.00
2257,＜茶類＞　（緑茶類）　玉露　茶,241.00,29.10,4.10,43.90,"1,800.00",0.00,16.00,0.30,1.16,110.00,0.00
2258,＜茶類＞　（緑茶類）　玉露　浸出液,5.00,1.30,0.00,0.00,0.00,0.00,0.00,0.02,0.11,19.00,0.00
2259,＜茶類＞　（緑茶類）　抹茶　茶,237.00,29.60,5.30,39.50,"2,400.00",0.00,28.00,0.60,1.35,60.00,0.00
2260,＜茶類＞　（緑茶類）　せん茶　茶,229.00,24.50,4.70,47.70,"1,100.00",0.00,65.00,0.36,1.43,260.00,0.00
2261,＜茶類＞　（緑茶類）　せん茶　浸出液,2.00,0.20,0.00,0.20,0.00,0.00,0.00,0.00,0.05,6.00,0.00
2262,＜茶類＞　（緑茶類）　かまいり茶　浸出液,1.00,0.10,0.00,0.00,0.00,0.00,0.00,0.00,0.04,4.00,0.00
226201,＜茶類＞　（緑茶類）　番茶　茶,266.00,21.80,5.30,52.00,0.00,0.00,40.80,0.36,1.21,310.00,0.00
2263,＜茶類＞　（緑茶類）　番茶　浸出液,0.00,0.00,0.00,0.10,0.00,0.00,0.00,0.00,0.03,3.00,0.00
226301,＜茶類＞　（緑茶類）　ほうじ茶　茶,257.00,18.40,5.00,59.40,0.00,0.00,32.20,0.10,0.86,46.00,0.00
2264,＜茶類＞　（緑茶類）　ほうじ茶　浸出液,0.00,0.00,0.00,0.10,0.00,0.00,0.00,0.00,0.02,0.00,0.00
2265,＜茶類＞　（緑茶類）　玄米茶　浸出液,0.00,0.00,0.00,0.00,0.00,0.00,0.00,0.00,0.01,1.00,0.00
2266,＜茶類＞　（発酵茶類）　ウーロン茶　浸出液,0.00,0.00,0.00,0.10,0.00,0.00,0.00,0.00,0.03,0.00,0.00
2267,＜茶類＞　（発酵茶類）　紅茶　茶,234.00,20.30,2.50,51.70,75.00,0.00,9.80,0.10,0.80,0.00,0.00
2268,＜茶類＞　（発酵茶類）　紅茶　浸出液,1.00,0.10,0.00,0.10,0.00,0.00,0.00,0.00,0.01,0.00,0.00
2269,＜コーヒー・ココア類＞　コーヒー　浸出液,4.00,0.20,0.00,0.70,0.00,0.00,0.00,0.00,0.01,0.00,0.00
2270,＜コーヒー・ココア類＞　コーヒー　インスタントコーヒー,287.00,14.70,0.30,56.50,0.00,0.00,0.10,0.02,0.14,0.00,0.10
227001,＜コーヒー・ココア類＞　コーヒー　缶コーヒー　無糖,3.00,0.10,0.00,0.50,0.00,0.00,0.00,0.00,0.00,0.00,0.10
2271,＜コーヒー・ココア類＞　コーヒー　コーヒー飲料　乳成分入り　加糖,38.00,0.70,0.30,8.20,0.00,0.00,0.00,0.01,0.04,0.00,0.10
2272,＜コーヒー・ココア類＞　ココア　ピュアココア,386.00,18.50,21.60,42.40,3.00,0.00,0.30,0.16,0.22,0.00,0.00
2273,＜コーヒー・ココア類＞　ココア　ミルクココア,400.00,7.40,6.80,80.40,8.00,0.00,0.40,0.07,0.42,0.00,0.70
2274,＜その他＞　青汁　ケール,312.00,13.80,4.40,70.20,860.00,0.00,9.40,0.31,0.80,"1,100.00",0.60
2275,＜その他＞　甘酒,76.00,1.70,0.10,18.30,0.00,0.00,0.00,0.01,0.03,0.00,0.20
2276,＜その他＞　昆布茶,173.00,5.20,0.20,42.00,3.00,0.00,0.00,0.01,0.02,6.00,51.30
2277,＜その他＞　スポーツドリンク,21.00,0.00,0.00,5.10,0.00,0.00,0.00,0.00,0.00,0.00,0.10
2278,＜その他＞　（炭酸飲料類）　果実色飲料,51.00,0.00,0.00,12.80,0.00,0.00,0.00,0.00,0.00,0.00,0.00
2279,＜その他＞　（炭酸飲料類）　コーラ,46.00,0.10,0.00,11.40,0.00,0.00,0.00,0.00,0.00,0.00,0.00
2280,＜その他＞　（炭酸飲料類）　サイダー,41.00,0.00,0.00,10.20,0.00,0.00,0.00,0.00,0.00,0.00,0.00
2281,＜その他＞　（炭酸飲料類）　ビール風味炭酸飲料,5.00,0.10,0.00,1.20,0.00,0.00,0.00,0.00,0.00,8.00,0.00
2282,＜その他＞　なぎなたこうじゅ　浸出液,0.00,0.00,0.00,0.00,0.00,0.00,0.00,0.00,0.00,0.00,0.00
2283,＜その他＞　麦茶　浸出液,1.00,0.00,0.00,0.30,0.00,0.00,0.00,0.00,0.00,0.00,0.00
2284,＜調味料類＞　（ウスターソース類）　ウスターソース,117.00,1.00,0.10,27.10,4.00,0.00,0.20,0.01,0.02,0.00,8.50
2285,＜調味料類＞　（ウスターソース類）　中濃ソース,129.00,0.80,0.10,30.90,7.00,0.00,0.50,0.02,0.04,0.00,5.80
2286,＜調味料類＞　（ウスターソース類）　濃厚ソース,130.00,0.90,0.10,30.90,9.00,0.00,0.50,0.03,0.04,0.00,5.60
2287,＜調味料類＞　（ウスターソース類）　お好み焼きソース,144.00,1.60,0.10,33.70,17.00,0.00,0.80,0.03,0.03,3.00,4.90
2288,＜調味料類＞　（辛味調味料類）　トウバンジャン,49.00,2.00,2.30,7.90,120.00,0.00,3.00,0.04,0.17,3.00,17.80
2289,＜調味料類＞　（辛味調味料類）　チリペッパーソース,58.00,0.70,0.50,12.80,130.00,0.00,0.00,0.03,0.08,0.00,1.60
2290,＜調味料類＞　（辛味調味料類）　ラー油,887.00,0.10,99.80,0.00,59.00,0.00,3.70,0.00,0.00,0.00,0.00
2291,＜調味料類＞　（しょうゆ類）　こいくちしょうゆ,76.00,7.70,0.00,7.90,0.00,0.00,0.00,0.05,0.17,0.00,14.50
2292,＜調味料類＞　（しょうゆ類）　こいくちしょうゆ　減塩,68.00,8.10,0.00,9.00,0.00,0.00,0.00,0.07,0.17,0.00,8.30
2293,＜調味料類＞　（しょうゆ類）　うすくちしょうゆ,60.00,5.70,0.00,5.80,0.00,0.00,0.00,0.05,0.11,0.00,16.00
2294,＜調味料類＞　（しょうゆ類）　うすくちしょうゆ　低塩,77.00,6.40,0.00,7.60,0.00,0.00,0.00,0.25,0.08,4.00,12.80
2295,＜調味料類＞　（しょうゆ類）　たまりしょうゆ,111.00,11.80,0.00,15.90,0.00,0.00,0.00,0.07,0.17,0.00,13.00
2296,＜調味料類＞　（しょうゆ類）　さいしこみしょうゆ,101.00,9.60,0.00,15.90,0.00,0.00,0.00,0.17,0.15,0.00,12.40
2297,＜調味料類＞　（しょうゆ類）　しろしょうゆ,86.00,2.50,0.00,19.20,0.00,0.00,0.00,0.14,0.06,0.00,14.20
2298,＜調味料類＞　（しょうゆ類）　だししょうゆ,39.00,4.00,0.00,4.10,0.00,0.00,0.00,0.03,0.09,0.00,7.30
2299,＜調味料類＞　（しょうゆ類）　照りしょうゆ,172.00,2.40,0.00,35.70,0.00,0.00,0.00,0.01,0.05,0.00,4.00
2300,＜調味料類＞　（食塩類）　食塩,0.00,0.00,0.00,0.00,0.00,0.00,0.00,0.00,0.00,0.00,99.50
2301,＜調味料類＞　（食塩類）　並塩,0.00,0.00,0.00,0.00,0.00,0.00,0.00,0.00,0.00,0.00,97.30
2302,＜調味料類＞　（食塩類）　減塩タイプ食塩　調味料含む,50.00,0.00,0.00,16.70,0.00,0.00,0.00,0.00,0.00,0.00,49.40
2303,＜調味料類＞　（食塩類）　減塩タイプ食塩　調味料不使用,0.00,0.00,0.00,0.00,0.00,0.00,0.00,0.00,0.00,0.00,45.70
2304,＜調味料類＞　（食塩類）　精製塩　家庭用,0.00,0.00,0.00,0.00,0.00,0.00,0.00,0.00,0.00,0.00,99.60
2305,＜調味料類＞　（食塩類）　精製塩　業務用,0.00,0.00,0.00,0.00,0.00,0.00,0.00,0.00,0.00,0.00,99.60
2306,＜調味料類＞　（食酢類）　黒酢,54.00,1.00,0.00,9.00,0.00,0.00,0.00,0.02,0.01,0.00,0.00
2307,＜調味料類＞　（食酢類）　穀物酢,25.00,0.10,0.00,2.40,0.00,0.00,0.00,0.01,0.01,0.00,0.00
2308,＜調味料類＞　（食酢類）　米酢,46.00,0.20,0.00,7.40,0.00,0.00,0.00,0.01,0.01,0.00,0.00
2309,＜調味料類＞　（食酢類）　果実酢　バルサミコ酢,99.00,0.50,0.00,19.40,0.00,0.00,0.00,0.01,0.01,0.00,0.10
2310,＜調味料類＞　（食酢類）　果実酢　ぶどう酢,22.00,0.10,0.00,1.20,0.00,0.00,0.00,0.00,0.00,0.00,0.00
2311,＜調味料類＞　（食酢類）　果実酢　りんご酢,26.00,0.10,0.00,2.40,0.00,0.00,0.00,0.00,0.01,0.00,0.00
2312,＜調味料類＞　（だし類）　あごだし,0.00,0.10,0.00,0.00,0.00,0.00,0.00,0.00,0.00,0.00,0.00
2313,＜調味料類＞　（だし類）　かつおだし　荒節,2.00,0.40,0.00,0.00,0.00,0.00,0.00,0.00,0.01,0.00,0.10
2314,＜調味料類＞　（だし類）　かつおだし　本枯れ節,2.00,0.50,0.00,0.00,0.00,0.00,0.00,0.00,0.01,0.00,0.10
2315,＜調味料類＞　（だし類）　昆布だし　水出し,4.00,0.10,0.00,0.90,0.00,0.00,0.00,0.00,0.00,0.00,0.20
2316,＜調味料類＞　（だし類）　昆布だし　煮出し,5.00,0.10,0.00,1.30,0.00,0.00,0.00,0.00,0.01,0.00,0.20
2317,＜調味料類＞　（だし類）　かつお・昆布だし　荒節・昆布だし,2.00,0.30,0.00,0.30,0.00,0.00,0.00,0.01,0.01,0.00,0.10
2318,＜調味料類＞　（だし類）　かつお・昆布だし　本枯れ節・昆布だし,2.00,0.30,0.00,0.40,0.00,0.00,0.00,0.00,0.00,0.00,0.10
2319,＜調味料類＞　（だし類）　しいたけだし,4.00,0.10,0.00,0.90,0.00,0.00,0.00,0.00,0.02,0.00,0.00
2320,＜調味料類＞　（だし類）　煮干しだし,1.00,0.10,0.10,0.00,0.00,0.00,0.00,0.01,0.00,0.00,0.10
2321,＜調味料類＞　（だし類）　鶏がらだし,7.00,0.90,0.40,0.00,1.00,0.00,0.00,0.01,0.04,0.00,0.10
2322,＜調味料類＞　（だし類）　中華だし,3.00,0.80,0.00,0.00,0.00,0.00,0.00,0.15,0.03,0.00,0.10
2323,＜調味料類＞　（だし類）　洋風だし,6.00,1.30,0.00,0.30,0.00,0.00,0.00,0.02,0.05,0.00,0.50
2324,＜調味料類＞　（だし類）　固形ブイヨン,233.00,7.00,4.30,42.10,0.00,0.00,0.70,0.03,0.08,0.00,43.20
2325,＜調味料類＞　（だし類）　顆粒おでん用,166.00,9.60,0.10,31.70,0.00,0.20,0.00,0.02,0.11,0.00,56.40
2326,＜調味料類＞　（だし類）　顆粒中華だし,210.00,12.60,1.60,36.60,3.00,0.00,0.90,0.06,0.56,0.00,47.50
2327,＜調味料類＞　（だし類）　顆粒和風だし,223.00,24.20,0.30,31.10,0.00,0.80,0.10,0.03,0.20,0.00,40.60
2328,＜調味料類＞　（だし類）　なべつゆ　ストレート　しょうゆ味,20.00,1.00,0.00,4.10,0.00,0.00,0.00,0.01,0.02,0.00,1.80
2329,＜調味料類＞　（だし類）　めんつゆ　ストレート,44.00,2.20,0.00,8.70,0.00,0.00,0.00,0.01,0.04,0.00,3.30
2330,＜調味料類＞　（だし類）　めんつゆ　二倍濃縮,71.00,3.40,0.00,14.40,0.00,0.00,0.00,0.03,0.06,0.00,6.60
2331,＜調味料類＞　（だし類）　めんつゆ　三倍濃縮,98.00,4.50,0.00,20.00,0.00,0.00,0.00,0.04,0.07,0.00,9.90
2332,＜調味料類＞　（だし類）　ラーメンスープ　濃縮　しょうゆ味　ストレートしょうゆ味,157.00,3.30,11.70,9.90,0.00,0.00,0.10,0.03,0.08,0.00,17.10
2333,＜調味料類＞　（だし類）　ラーメンスープ　濃縮　みそ味　ストレートみそ味,187.00,6.40,11.00,16.80,2.00,0.00,0.30,0.02,0.08,0.00,16.50
2334,＜調味料類＞　（調味ソース類）　甘酢,116.00,0.10,0.00,28.40,0.00,0.00,0.00,0.01,0.01,0.00,1.20
2335,＜調味料類＞　（調味ソース類）　エビチリの素,54.00,1.20,1.40,9.50,13.00,0.00,0.60,0.14,0.04,1.00,1.80
2336,＜調味料類＞　（調味ソース類）　オイスターソース,105.00,7.70,0.30,18.30,0.00,0.00,0.10,0.01,0.07,0.00,11.40
2337,＜調味料類＞　（調味ソース類）　黄身酢,219.00,6.30,13.10,20.00,270.00,4.60,1.70,0.08,0.18,0.00,5.70
2338,＜調味料類＞　（調味ソース類）　魚醤油　いかなごしょうゆ,64.00,13.90,0.00,2.10,0.00,0.00,0.00,0.00,0.31,0.00,21.20
2339,＜調味料類＞　（調味ソース類）　魚醤油　いしる　（いしり）,67.00,12.80,0.00,4.20,0.00,0.00,0.00,0.00,0.25,0.00,21.90
2340,＜調味料類＞　（調味ソース類）　魚醤油　しょっつる,29.00,6.10,0.00,1.10,0.00,0.00,0.00,0.03,0.06,0.00,24.30
2341,＜調味料類＞　（調味ソース類）　魚醤油　ナンプラー,47.00,9.10,0.10,2.70,0.00,0.00,0.00,0.01,0.10,0.00,22.90
2342,＜調味料類＞　（調味ソース類）　ごま酢,212.00,4.00,8.00,29.90,0.00,0.00,0.00,0.08,0.06,0.00,1.70
2343,＜調味料類＞　（調味ソース類）　ごまだれ,282.00,7.20,15.10,29.20,4.00,0.00,0.00,0.11,0.09,0.00,4.30
2344,＜調味料類＞　（調味ソース類）　三杯酢,85.00,0.90,0.00,17.80,0.00,0.00,0.00,0.01,0.02,0.00,2.00
2345,＜調味料類＞　（調味ソース類）　二杯酢,59.00,3.50,0.00,7.60,0.00,0.00,0.00,0.03,0.08,0.00,6.40
2346,＜調味料類＞　（調味ソース類）　すし酢　ちらし・稲荷用,150.00,0.10,0.00,34.90,0.00,0.00,0.00,0.01,0.01,0.00,6.50
2347,＜調味料類＞　（調味ソース類）　すし酢　にぎり用,70.00,0.20,0.00,14.30,0.00,0.00,0.00,0.01,0.01,0.00,9.80
2348,＜調味料類＞　（調味ソース類）　すし酢　巻き寿司・箱寿司用,107.00,0.10,0.00,23.80,0.00,0.00,0.00,0.01,0.01,0.00,8.60
2349,＜調味料類＞　（調味ソース類）　中華風合わせ酢,153.00,3.00,3.40,24.80,0.00,0.00,0.00,0.02,0.07,0.00,5.50
2350,＜調味料類＞　（調味ソース類）　デミグラスソース,82.00,2.90,3.00,11.00,0.00,0.00,0.00,0.04,0.07,0.00,1.30
2351,＜調味料類＞　（調味ソース類）　テンメンジャン,249.00,8.50,7.70,38.10,0.00,0.00,0.80,0.04,0.11,0.00,7.30
2352,＜調味料類＞　（調味ソース類）　冷やし中華のたれ,114.00,2.10,1.20,23.10,0.00,0.00,0.00,0.22,0.03,0.00,5.80
2353,＜調味料類＞　（調味ソース類）　ホワイトソース,99.00,1.80,6.20,9.20,0.00,0.00,0.60,0.01,0.05,0.00,1.00
2354,＜調味料類＞　（調味ソース類）　ぽん酢しょうゆ,49.00,3.40,0.10,7.40,1.00,0.00,0.10,0.05,0.08,24.00,5.80
2355,＜調味料類＞　（調味ソース類）　ぽん酢しょうゆ　市販品,59.00,3.70,0.00,10.80,0.00,0.00,0.00,0.02,0.05,0.00,7.80
2356,＜調味料類＞　（調味ソース類）　マーボー豆腐の素,115.00,4.20,6.30,10.40,9.00,0.00,0.00,0.05,0.03,2.00,3.60
2357,＜調味料類＞　（調味ソース類）　マリネ液,66.00,0.10,0.00,10.90,0.00,0.00,0.00,0.00,0.00,0.00,0.90
2358,＜調味料類＞　（調味ソース類）　ミートソース,96.00,3.80,5.00,10.10,49.00,0.00,0.00,0.14,0.05,6.00,1.50
2359,＜調味料類＞　（調味ソース類）　焼きそば粉末ソース,248.00,5.60,0.70,62.40,4.00,0.00,0.40,0.01,0.01,0.00,30.60
2360,＜調味料類＞　（調味ソース類）　焼き鳥のたれ,131.00,3.30,0.00,28.50,0.00,0.00,0.00,0.02,0.07,0.00,5.80
2361,＜調味料類＞　（調味ソース類）　焼き肉のたれ,164.00,4.30,2.20,32.30,0.00,0.00,0.00,0.03,0.09,1.00,8.30
2362,＜調味料類＞　（調味ソース類）　みたらしのたれ,127.00,0.90,0.00,30.80,0.00,0.00,0.00,0.01,0.02,0.00,1.70
2363,＜調味料類＞　（調味ソース類）　ゆずこしょう,37.00,1.30,0.80,9.30,22.00,0.00,2.00,0.04,0.05,2.00,25.20
2364,＜調味料類＞　（トマト加工品類）　トマトピューレー,44.00,1.90,0.10,9.90,52.00,0.00,2.70,0.09,0.07,10.00,0.00
2365,＜調味料類＞　（トマト加工品類）　トマトペースト,94.00,3.80,0.10,22.00,85.00,0.00,6.20,0.21,0.14,15.00,0.10
2366,＜調味料類＞　（トマト加工品類）　トマトケチャップ,104.00,1.60,0.20,27.60,43.00,0.00,2.00,0.06,0.04,8.00,3.10
2367,＜調味料類＞　（トマト加工品類）　トマトソース,41.00,2.00,0.20,8.50,40.00,0.00,2.10,0.09,0.08,0.00,0.60
2368,＜調味料類＞　（トマト加工品類）　チリソース,112.00,1.80,0.10,26.30,42.00,0.00,2.10,0.07,0.07,0.00,3.00
2369,＜調味料類＞　（ドレッシング類）　半固形状ドレッシング　マヨネーズ　全卵型,668.00,1.40,76.00,3.60,24.00,0.30,13.00,0.01,0.03,0.00,1.90
2370,＜調味料類＞　（ドレッシング類）　半固形状ドレッシング　マヨネーズ　卵黄型,668.00,2.50,74.70,0.60,54.00,0.60,11.00,0.03,0.07,0.00,2.00
2371,＜調味料類＞　（ドレッシング類）　半固形状ドレッシング　マヨネーズタイプ調味料　低カロリータイプ,262.00,2.90,28.30,3.30,46.00,0.30,4.80,0.02,0.05,0.00,3.90
2372,＜調味料類＞　（ドレッシング類）　分離液状ドレッシング　フレンチドレッシング　分離液状,325.00,0.00,31.50,12.40,0.00,0.00,4.00,0.00,0.00,0.00,6.30
2373,＜調味料類＞　（ドレッシング類）　分離液状ドレッシング　和風ドレッシング　分離液状,179.00,1.90,14.50,9.30,0.00,0.00,1.50,0.03,0.03,0.00,3.50
2374,＜調味料類＞　（ドレッシング類）　分離液状ドレッシング　和風ドレッシングタイプ調味料　ノンオイルタイプ,83.00,3.10,0.10,16.10,0.00,0.00,0.00,0.02,0.03,0.00,7.40
2375,＜調味料類＞　（ドレッシング類）　乳化液状ドレッシング　ごまドレッシング,399.00,2.70,38.30,15.00,4.00,0.10,4.40,0.04,0.05,0.00,4.40
2376,＜調味料類＞　（ドレッシング類）　乳化液状ドレッシング　サウザンアイランドドレッシング,392.00,0.30,39.20,12.80,8.00,0.10,5.20,0.00,0.01,2.00,3.00
2377,＜調味料類＞　（ドレッシング類）　乳化液状ドレッシング　フレンチドレッシング　乳化液状,376.00,0.10,38.80,9.30,3.00,0.10,5.00,0.00,0.01,1.00,6.40
2378,＜調味料類＞　（みそ類）　米みそ　甘みそ,206.00,9.70,3.00,37.90,0.00,0.00,0.30,0.05,0.10,0.00,6.10
2379,＜調味料類＞　（みそ類）　米みそ　淡色辛みそ,182.00,12.50,6.00,21.90,0.00,0.00,0.60,0.03,0.10,0.00,12.40
2380,＜調味料類＞　（みそ類）　米みそ　赤色辛みそ,178.00,13.10,5.50,21.10,0.00,0.00,0.50,0.03,0.10,0.00,13.00
2381,＜調味料類＞　（みそ類）　米みそ　だし入りみそ,167.00,11.00,5.60,20.60,0.00,0.10,0.70,0.10,0.35,0.00,11.90
2382,＜調味料類＞　（みそ類）　米みそ　だし入りみそ　減塩,164.00,10.30,5.10,22.20,0.00,0.00,0.60,0.10,0.09,0.00,9.70
2383,＜調味料類＞　（みそ類）　麦みそ,184.00,9.70,4.30,30.00,0.00,0.00,0.40,0.04,0.10,0.00,10.70
2384,＜調味料類＞　（みそ類）　豆みそ,207.00,17.20,10.50,14.50,0.00,0.00,1.10,0.04,0.12,0.00,10.90
2385,＜調味料類＞　（みそ類）　減塩みそ,190.00,11.00,5.90,25.70,0.00,0.00,0.60,0.10,0.11,0.00,10.70
2386,＜調味料類＞　（みそ類）　即席みそ　粉末タイプ,321.00,21.90,9.30,43.00,0.00,0.00,0.70,0.11,2.58,0.00,20.60
2387,＜調味料類＞　（みそ類）　即席みそ　ペーストタイプ,122.00,8.90,3.70,15.40,0.00,0.00,0.50,0.04,0.27,0.00,9.60
2388,＜調味料類＞　（みそ類）　辛子酢みそ,216.00,5.00,2.10,44.60,0.00,0.00,0.10,0.04,0.05,0.00,3.30
2389,＜調味料類＞　（みそ類）　ごまみそ,245.00,9.40,9.90,32.90,0.00,0.00,0.20,0.10,0.10,0.00,4.00
2390,＜調味料類＞　（みそ類）　酢みそ,211.00,4.90,1.50,44.80,0.00,0.00,0.20,0.03,0.05,0.00,3.10
2391,＜調味料類＞　（みそ類）　練りみそ,267.00,5.50,1.70,59.10,0.00,0.00,0.20,0.03,0.06,0.00,3.40
2392,＜調味料類＞　（ルウ類）　カレールウ,474.00,6.50,34.10,44.70,6.00,0.00,2.00,0.09,0.06,0.00,10.60
2393,＜調味料類＞　（ルウ類）　ハヤシルウ,501.00,5.80,33.20,47.50,95.00,0.00,2.50,0.14,0.06,0.00,10.70
2394,＜調味料類＞　（その他）　お茶漬けの素　さけ,251.00,20.20,3.70,37.10,180.00,8.30,1.50,0.16,0.29,12.00,33.80
2395,＜調味料類＞　（その他）　キムチの素,125.00,5.30,1.00,26.00,190.00,0.00,2.90,0.04,0.11,0.00,9.30
2396,＜調味料類＞　（その他）　酒かす,215.00,14.90,1.50,23.80,0.00,0.00,0.00,0.03,0.26,0.00,0.00
2397,＜調味料類＞　（その他）　即席すまし汁,194.00,18.30,0.80,30.50,200.00,0.50,0.80,0.13,0.31,25.00,45.70
2398,＜調味料類＞　（その他）　ふりかけ　たまご,428.00,23.40,21.90,39.70,360.00,2.20,2.50,0.29,0.48,11.00,9.20
2399,＜調味料類＞　（その他）　みりん風調味料,225.00,0.10,0.00,55.70,0.00,0.00,0.00,0.00,0.02,0.00,0.20
2400,＜調味料類＞　（その他）　料理酒,88.00,0.20,0.00,4.70,0.00,0.00,0.00,0.00,0.00,0.00,2.20
2401,＜香辛料類＞　オールスパイス　粉,364.00,5.60,5.60,75.20,3.00,0.00,0.00,0.00,0.05,0.00,0.10
2402,＜香辛料類＞　オニオンパウダー,363.00,8.80,1.10,79.80,0.00,0.00,0.00,0.30,0.10,10.00,0.10
2403,＜香辛料類＞　からし　粉,435.00,33.00,14.30,43.70,3.00,0.00,0.00,0.73,0.26,0.00,0.10
2404,＜香辛料類＞　からし　練り,314.00,5.90,14.50,40.10,1.00,0.00,0.00,0.22,0.07,0.00,7.40
2405,＜香辛料類＞　からし　練りマスタード,175.00,4.80,10.60,13.10,4.00,0.00,1.20,0.14,0.04,0.00,3.00
2406,＜香辛料類＞　からし　粒入りマスタード,229.00,7.60,16.00,12.70,3.00,0.00,1.00,0.32,0.05,0.00,4.10
2407,＜香辛料類＞　カレー粉,338.00,13.00,12.20,63.30,32.00,0.00,4.40,0.41,0.25,2.00,0.10
2408,＜香辛料類＞　クローブ　粉,398.00,7.20,13.60,66.40,10.00,0.00,0.00,0.04,0.27,0.00,0.70
2409,＜香辛料類＞　こしょう　黒　粉,362.00,11.00,6.00,66.60,15.00,0.00,0.00,0.10,0.24,0.00,0.20
2410,＜香辛料類＞　こしょう　白　粉,376.00,10.10,6.40,70.10,0.00,0.00,0.00,0.02,0.12,0.00,0.00
2411,＜香辛料類＞　こしょう　混合　粉,369.00,10.60,6.20,68.30,7.00,0.00,0.00,0.06,0.18,1.00,0.10
2412,＜香辛料類＞　さんしょう　粉,375.00,10.30,6.20,69.60,17.00,0.00,0.00,0.10,0.45,0.00,0.00
2413,＜香辛料類＞　シナモン　粉,356.00,3.60,3.50,79.60,1.00,0.00,0.00,0.08,0.14,0.00,0.10
2414,＜香辛料類＞　しょうが　粉,365.00,7.80,4.90,72.50,1.00,0.00,0.00,0.04,0.17,0.00,0.10
2415,＜香辛料類＞　しょうが　おろし,41.00,0.70,0.60,8.60,1.00,0.00,0.00,0.02,0.03,120.00,1.50
2416,＜香辛料類＞　セージ　粉,377.00,6.40,10.10,66.90,120.00,0.00,0.00,0.09,0.55,0.00,0.30
2417,＜香辛料類＞　タイム　粉,342.00,6.50,5.20,69.80,82.00,0.00,0.00,0.09,0.69,0.00,0.00
2418,＜香辛料類＞　チリパウダー,374.00,15.00,8.20,60.10,770.00,0.00,0.00,0.25,0.84,0.00,6.40
2419,＜香辛料類＞　とうがらし　粉,412.00,16.20,9.70,66.80,720.00,0.00,0.00,0.43,1.15,0.00,0.00
2420,＜香辛料類＞　ナツメグ　粉,520.00,5.70,38.50,47.50,1.00,0.00,0.00,0.05,0.10,0.00,0.00
2421,＜香辛料類＞　にんにく　ガーリックパウダー　食塩無添加,380.00,19.90,0.80,73.80,0.00,0.00,0.40,0.54,0.15,0.00,0.00
2422,＜香辛料類＞　にんにく　ガーリックパウダー　食塩添加,382.00,19.90,0.80,73.80,0.00,0.00,0.40,0.54,0.15,0.00,8.40
2423,＜香辛料類＞　にんにく　おろし,170.00,4.70,0.50,37.00,0.00,0.00,0.00,0.11,0.04,0.00,4.60
2424,＜香辛料類＞　バジル　粉,307.00,21.10,2.20,50.60,210.00,0.00,4.70,0.26,1.09,1.00,0.10
2425,＜香辛料類＞　パセリ　乾,341.00,28.70,2.20,51.60,"2,300.00",0.00,7.20,0.89,2.02,820.00,2.20
2426,＜香辛料類＞　パプリカ　粉,385.00,15.50,11.60,55.60,500.00,0.00,0.00,0.52,1.78,0.00,0.20
2427,＜香辛料類＞　わさび　粉　からし粉入り,384.00,16.50,4.40,69.70,2.00,0.00,0.00,0.55,0.30,0.00,0.10
2428,＜香辛料類＞　わさび　練り,265.00,3.30,10.30,39.80,1.00,0.00,0.00,0.11,0.07,0.00,6.10
2429,＜その他＞　酵母　パン酵母　圧搾,105.00,16.50,1.50,12.10,0.00,1.60,0.00,2.21,1.78,0.00,0.10
2430,＜その他＞　酵母　パン酵母　乾燥,307.00,37.10,6.80,43.10,0.00,2.80,0.00,8.81,3.72,1.00,0.30
2431,＜その他＞　ベーキングパウダー,150.00,0.00,1.20,29.00,0.00,0.00,0.00,0.00,0.00,0.00,17.30
2432,和風料理　和え物類　青菜の白和え,81.00,4.20,3.40,10.50,130.00,0.00,0.60,0.06,0.05,3.00,1.30
2433,和風料理　和え物類　いんげんのごま和え,77.00,3.70,3.40,9.10,73.00,0.20,0.20,0.08,0.10,5.00,1.20
2434,和風料理　和え物類　わかめとねぎの酢みそ和え,85.00,3.80,0.90,16.30,11.00,0.00,0.30,0.03,0.04,4.00,1.80
2435,和風料理　汁物類　とん汁,26.00,1.50,1.50,2.00,17.00,0.00,0.10,0.03,0.01,1.00,0.60
2436,和風料理　酢の物類　紅白なます,34.00,0.60,0.60,7.20,38.00,0.00,0.00,0.02,0.01,6.00,0.60
2437,和風料理　煮物類　卯の花いり,84.00,4.40,4.10,10.70,38.00,0.10,0.50,0.06,0.04,1.00,1.10
2438,和風料理　煮物類　親子丼の具,101.00,8.40,5.20,5.60,57.00,0.70,0.40,0.04,0.13,2.00,1.00
2439,和風料理　煮物類　牛飯の具,122.00,4.10,9.40,6.40,4.00,0.00,0.20,0.02,0.04,2.00,1.00
2440,和風料理　煮物類　切り干し大根の煮物,48.00,2.30,2.50,5.70,54.00,0.00,0.20,0.01,0.02,0.00,0.90
2441,和風料理　煮物類　きんぴらごぼう,84.00,1.40,4.50,11.30,86.00,0.00,0.70,0.03,0.03,1.00,0.90
2442,和風料理　煮物類　ぜんまいのいため煮,80.00,3.40,4.20,8.70,42.00,0.00,0.40,0.01,0.02,0.00,1.10
2443,和風料理　煮物類　筑前煮,85.00,4.40,3.50,10.20,80.00,0.10,0.40,0.04,0.05,4.00,1.10
2444,和風料理　煮物類　肉じゃが,78.00,4.30,1.30,13.00,53.00,0.00,0.20,0.05,0.05,9.00,1.20
2445,和風料理　煮物類　ひじきのいため煮,75.00,3.10,4.00,9.90,84.00,0.00,0.70,0.02,0.02,0.00,1.40
2446,和風料理　その他　アジの南蛮漬け,109.00,8.10,6.10,6.20,39.00,3.90,0.80,0.06,0.06,3.00,0.70
244601,和風料理　その他　お好み焼き,136.00,5.20,6.50,15.20,24.00,0.30,0.70,0.06,0.08,12.00,0.80
244602,和風料理　その他　とりから揚げ,204.00,15.60,10.10,16.10,22.00,0.30,1.30,0.10,0.14,1.00,1.80
2447,和風料理　その他　松前漬け　しょうゆ漬,166.00,17.00,1.40,24.70,11.00,1.00,1.70,0.06,0.04,0.00,5.20
2448,洋風料理　カレー類　チキンカレー,131.00,5.60,8.80,8.40,46.00,0.00,0.60,0.04,0.07,3.00,1.40
2449,洋風料理　カレー類　ビーフカレー,119.00,2.40,9.00,8.10,9.00,0.00,0.40,0.02,0.03,1.00,1.70
2450,洋風料理　カレー類　ポークカレー,116.00,2.80,8.60,7.70,26.00,0.10,0.40,0.07,0.03,2.00,1.40
2451,洋風料理　コロッケ類　カニクリームコロッケ,255.00,5.10,17.10,22.00,9.00,0.10,2.20,0.05,0.07,0.00,0.80
2452,洋風料理　コロッケ類　コーンクリームコロッケ,245.00,5.10,16.00,23.40,16.00,0.10,1.80,0.06,0.08,2.00,0.80
2453,洋風料理　コロッケ類　ポテトコロッケ,226.00,5.30,12.60,25.20,10.00,0.10,1.50,0.11,0.05,10.00,0.70
2454,洋風料理　シチュー類　チキンシチュー,124.00,6.20,8.00,7.80,53.00,0.10,0.70,0.04,0.10,7.00,0.70
2455,洋風料理　シチュー類　ビーフシチュー,153.00,4.10,12.60,7.10,58.00,0.10,0.70,0.03,0.06,4.00,1.00
2456,洋風料理　素揚げ類　ミートボール,199.00,10.20,12.50,13.40,27.00,0.10,1.20,0.15,0.12,1.00,1.20
2457,洋風料理　スープ類　かぼちゃのクリームスープ,73.00,1.50,3.90,10.10,110.00,0.20,1.40,0.03,0.06,9.00,0.80
2458,洋風料理　スープ類　コーンクリームスープ　コーンクリームスープ,62.00,1.70,2.60,8.50,16.00,0.20,0.20,0.02,0.06,1.00,0.90
2459,洋風料理　スープ類　コーンクリームスープ　粉末タイプ,425.00,8.10,13.70,67.40,8.00,0.00,0.00,0.15,0.41,2.00,7.10
2460,洋風料理　ハンバーグステーキ類　合いびきハンバーグ,197.00,13.40,12.20,10.00,18.00,0.20,0.60,0.23,0.15,2.00,0.90
2461,洋風料理　ハンバーグステーキ類　チキンハンバーグ,171.00,12.60,10.20,8.50,29.00,0.10,0.80,0.09,0.11,2.00,1.20
2462,洋風料理　ハンバーグステーキ類　豆腐ハンバーグ,142.00,9.90,9.20,8.40,47.00,0.20,0.80,0.11,0.09,2.00,0.60
2463,洋風料理　フライ類　いかフライ,227.00,13.30,11.30,19.70,8.00,0.10,2.10,0.04,0.03,1.00,0.50
2464,洋風料理　フライ類　えびフライ,236.00,15.90,11.60,20.50,13.00,0.20,2.20,0.08,0.05,0.00,0.90
246401,洋風料理　フライ類　かきフライ,289.00,8.90,18.00,25.50,35.00,0.00,3.70,0.11,0.16,2.00,0.90
2465,洋風料理　フライ類　白身フライ,299.00,9.70,21.80,16.20,57.00,0.00,0.00,0.10,0.10,1.00,0.90
2466,洋風料理　フライ類　メンチカツ,273.00,10.70,18.70,18.70,10.00,0.10,1.40,0.14,0.09,1.00,0.90
2467,洋風料理　フライ用冷凍食品　いかフライ　冷凍,146.00,10.60,2.00,21.40,3.00,0.00,0.00,0.10,0.00,0.00,0.80
2468,洋風料理　フライ用冷凍食品　えびフライ　冷凍,139.00,10.20,1.90,20.30,0.00,0.00,0.00,0.04,0.07,1.00,0.90
2469,洋風料理　フライ用冷凍食品　コロッケ　クリームコロッケ　冷凍,159.00,4.70,6.30,20.90,240.00,0.00,0.00,0.06,0.10,2.00,0.70
2470,洋風料理　フライ用冷凍食品　コロッケ　ポテトコロッケ　冷凍,157.00,4.60,4.90,25.30,71.00,0.00,0.20,0.09,0.06,7.00,0.70
2471,洋風料理　フライ用冷凍食品　白身フライ　冷凍,148.00,11.60,2.70,19.30,57.00,0.00,0.00,0.10,0.10,1.00,0.90
2472,洋風料理　フライ用冷凍食品　メンチカツ　冷凍,196.00,9.90,7.20,23.00,36.00,0.00,0.00,0.13,0.14,1.00,1.10
2473,洋風料理　その他　えびグラタン,128.00,5.50,6.90,12.10,69.00,0.20,0.60,0.04,0.11,2.00,1.00
2474,洋風料理　その他　えびピラフ,146.00,3.30,2.30,29.80,23.00,0.10,0.40,0.02,0.02,2.00,1.40
2475,中国料理　点心類　ぎょうざ,209.00,6.90,11.30,22.30,10.00,0.10,0.60,0.14,0.07,4.00,1.20
2476,中国料理　点心類　しゅうまい,191.00,9.10,9.20,19.50,6.00,0.10,0.20,0.16,0.10,1.00,1.30
2477,中国料理　点心類　中華ちまき,174.00,5.90,5.50,27.70,10.00,0.10,0.40,0.04,0.05,0.00,1.10
247701,中国料理　点心類　春巻き,221.00,6.00,19.30,30.20,8.00,0.10,2.30,0.07,0.03,1.00,1.10
2478,中国料理　菜類　酢豚,77.00,4.60,3.30,7.60,50.00,0.10,0.50,0.17,0.05,4.00,0.50
247801,中国料理　菜類　チャーハン,206.00,5.00,5.20,33.30,14.00,0.20,0.80,0.04,0.04,1.00,1.30
2479,中国料理　菜類　八宝菜,64.00,5.80,3.20,3.80,49.00,0.30,0.60,0.13,0.06,5.00,0.80
2480,中国料理　菜類　麻婆豆腐,104.00,7.80,6.80,3.80,3.00,0.10,0.30,0.16,0.07,1.00,1.00
2481,韓国料理　和え物類　もやしのナムル,70.00,3.10,4.50,5.70,140.00,0.00,1.10,0.05,0.07,9.00,1.30